project_id,package,date,downloads,category,source_url,fetched_at
das-nidf,das-nidf,2026-04-13,56,without_mirrors,https://pypistats.org/api/packages/das-nidf/overall?mirrors=false,2026-08-28T12:57:34+00:00
das-nidf,das-nidf,2026-04-14,309,without_mirrors,https://pypistats.org/api/packages/das-nidf/overall?mirrors=false,2026-08-28T12:57:34+00:00
das-nidf,das-nidf,2026-04-15,13,without_mirrors,https://pypistats.org/api/packages/das-nidf/overall?mirrors=false,2026-08-28T12:57:34+00:00
das-nidf,das-nidf,2026-04-16,18,without_mirrors,https://pypistats.org/api/packages/das-nidf/overall?mirrors=false,2026-08-28T12:57:34+00:00
das-nidf,das-nidf,2026-04-17,9,without_mirrors,https://pypistats.org/api/packages/das-nidf/overall?mirrors=false,2026-08-28T12:57:34+00:00
das-nidf,das-nidf,2026-04-18,1,without_mirrors,https://pypistats.org/api/packages/das-nidf/overall?mirrors=false,2026-08-28T12:57:34+00:00
das-nidf,das-nidf,2026-04-19,6,without_mirrors,https://pypistats.org/api/packages/das-nidf/overall?mirrors=false,2026-08-28T12:57:34+00:00
das-nidf,das-nidf,2026-04-20,10,without_mirrors,https://pypistats.org/api/packages/das-nidf/overall?mirrors=false,2026-08-28T12:57:34+00:00
das-nidf,das-nidf,2026-04-21,144,without_mirrors,https://pypistats.org/api/packages/das-nidf/overall?mirrors=false,2026-08-28T12:57:34+00:00
das-nidf,das-nidf,2026-04-22,92,without_mirrors,https://pypistats.org/api/packages/das-nidf/overall?mirrors=false,2026-08-28T12:57:34+00:00
das-nidf,das-nidf,2026-04-23,3,without_mirrors,https://pypistats.org/api/packages/das-nidf/overall?mirrors=false,2026-08-28T12:57:34+00:00
das-nidf,das-nidf,2026-04-24,5,without_mirrors,https://pypistats.org/api/packages/das-nidf/overall?mirrors=false,2026-08-28T12:57:34+00:00
das-nidf,das-nidf,2026-04-27,1,without_mirrors,https://pypistats.org/api/packages/das-nidf/overall?mirrors=false,2026-08-28T12:57:34+00:00
das-nidf,das-nidf,2026-04-29,181,without_mirrors,https://pypistats.org/api/packages/das-nidf/overall?mirrors=false,2026-08-28T12:57:34+00:00
das-nidf,das-nidf,2026-04-30,18,without_mirrors,https://pypistats.org/api/packages/das-nidf/overall?mirrors=false,2026-08-28T12:57:34+00:00
das-nidf,das-nidf,2026-05-01,11,without_mirrors,https://pypistats.org/api/packages/das-nidf/overall?mirrors=false,2026-08-28T12:57:34+00:00
das-nidf,das-nidf,2026-05-03,6,without_mirrors,https://pypistats.org/api/packages/das-nidf/overall?mirrors=false,2026-08-28T12:57:34+00:00
das-nidf,das-nidf,2026-05-04,1,without_mirrors,https://pypistats.org/api/packages/das-nidf/overall?mirrors=false,2026-08-28T12:57:34+00:00
das-nidf,das-nidf,2026-05-05,12,without_mirrors,https://pypistats.org/api/packages/das-nidf/overall?mirrors=false,2026-08-28T12:57:34+00:00
das-nidf,das-nidf,2026-05-06,7,without_mirrors,https://pypistats.org/api/packages/das-nidf/overall?mirrors=false,2026-08-28T12:57:34+00:00
das-nidf,das-nidf,2026-05-07,28,without_mirrors,https://pypistats.org/api/packages/das-nidf/overall?mirrors=false,2026-08-28T12:57:34+00:00
das-nidf,das-nidf,2026-05-08,6,without_mirrors,https://pypistats.org/api/packages/das-nidf/overall?mirrors=false,2026-08-28T12:57:34+00:00
das-nidf,das-nidf,2026-05-09,3,without_mirrors,https://pypistats.org/api/packages/das-nidf/overall?mirrors=false,2026-08-28T12:57:34+00:00
das-nidf,das-nidf,2026-05-10,5,without_mirrors,https://pypistats.org/api/packages/das-nidf/overall?mirrors=false,2026-08-28T12:57:34+00:00
das-nidf,das-nidf,2026-05-12,6,without_mirrors,https://pypistats.org/api/packages/das-nidf/overall?mirrors=false,2026-08-28T12:57:34+00:00
das-nidf,das-nidf,2026-05-13,6,without_mirrors,https://pypistats.org/api/packages/das-nidf/overall?mirrors=false,2026-08-28T12:57:34+00:00
das-nidf,das-nidf,2026-05-14,4,without_mirrors,https://pypistats.org/api/packages/das-nidf/overall?mirrors=false,2026-08-28T12:57:34+00:00
das-nidf,das-nidf,2026-05-15,4,without_mirrors,https://pypistats.org/api/packages/das-nidf/overall?mirrors=false,2026-08-28T12:57:34+00:00
das-nidf,das-nidf,2026-05-16,4,without_mirrors,https://pypistats.org/api/packages/das-nidf/overall?mirrors=false,2026-08-28T12:57:34+00:00
das-nidf,das-nidf,2026-05-17,1,without_mirrors,https://pypistats.org/api/packages/das-nidf/overall?mirrors=false,2026-08-28T12:57:34+00:00
das-nidf,das-nidf,2026-05-18,2,without_mirrors,https://pypistats.org/api/packages/das-nidf/overall?mirrors=false,2026-08-28T12:57:34+00:00
das-nidf,das-nidf,2026-05-19,1,without_mirrors,https://pypistats.org/api/packages/das-nidf/overall?mirrors=false,2026-08-28T12:57:34+00:00
das-nidf,das-nidf,2026-05-22,1,without_mirrors,https://pypistats.org/api/packages/das-nidf/overall?mirrors=false,2026-08-28T12:57:34+00:00
das-nidf,das-nidf,2026-05-23,1,without_mirrors,https://pypistats.org/api/packages/das-nidf/overall?mirrors=false,2026-08-28T12:57:34+00:00
das-nidf,das-nidf,2026-05-24,2,without_mirrors,https://pypistats.org/api/packages/das-nidf/overall?mirrors=false,2026-08-28T12:57:34+00:00
das-nidf,das-nidf,2026-05-25,4,without_mirrors,https://pypistats.org/api/packages/das-nidf/overall?mirrors=false,2026-08-28T12:57:34+00:00
das-nidf,das-nidf,2026-05-28,2,without_mirrors,https://pypistats.org/api/packages/das-nidf/overall?mirrors=false,2026-08-28T12:57:34+00:00
das-nidf,das-nidf,2026-06-01,1,without_mirrors,https://pypistats.org/api/packages/das-nidf/overall?mirrors=false,2026-08-28T12:57:34+00:00
das-nidf,das-nidf,2026-06-02,4,without_mirrors,https://pypistats.org/api/packages/das-nidf/overall?mirrors=false,2026-08-28T12:57:34+00:00
das-nidf,das-nidf,2026-06-04,3,without_mirrors,https://pypistats.org/api/packages/das-nidf/overall?mirrors=false,2026-08-28T12:57:34+00:00
das-nidf,das-nidf,2026-06-05,13,without_mirrors,https://pypistats.org/api/packages/das-nidf/overall?mirrors=false,2026-08-28T12:57:34+00:00
das-nidf,das-nidf,2026-06-06,35,without_mirrors,https://pypistats.org/api/packages/das-nidf/overall?mirrors=false,2026-08-28T12:57:34+00:00
das-nidf,das-nidf,2026-06-08,1,without_mirrors,https://pypistats.org/api/packages/das-nidf/overall?mirrors=false,2026-08-28T12:57:34+00:00
das-nidf,das-nidf,2026-06-10,3,without_mirrors,https://pypistats.org/api/packages/das-nidf/overall?mirrors=false,2026-08-28T12:57:34+00:00
das-nidf,das-nidf,2026-06-11,4,without_mirrors,https://pypistats.org/api/packages/das-nidf/overall?mirrors=false,2026-08-28T12:57:34+00:00
das-nidf,das-nidf,2026-06-14,1,without_mirrors,https://pypistats.org/api/packages/das-nidf/overall?mirrors=false,2026-08-28T12:57:34+00:00
das-nidf,das-nidf,2026-06-16,2,without_mirrors,https://pypistats.org/api/packages/das-nidf/overall?mirrors=false,2026-08-28T12:57:34+00:00
das-nidf,das-nidf,2026-06-17,2,without_mirrors,https://pypistats.org/api/packages/das-nidf/overall?mirrors=false,2026-08-28T12:57:34+00:00
das-nidf,das-nidf,2026-06-18,1,without_mirrors,https://pypistats.org/api/packages/das-nidf/overall?mirrors=false,2026-08-28T12:57:34+00:00
das-nidf,das-nidf,2026-06-20,1,without_mirrors,https://pypistats.org/api/packages/das-nidf/overall?mirrors=false,2026-08-28T12:57:34+00:00
das-nidf,das-nidf,2026-06-21,4,without_mirrors,https://pypistats.org/api/packages/das-nidf/overall?mirrors=false,2026-08-28T12:57:34+00:00
das-nidf,das-nidf,2026-06-22,1,without_mirrors,https://pypistats.org/api/packages/das-nidf/overall?mirrors=false,2026-08-28T12:57:34+00:00
das-nidf,das-nidf,2026-06-23,6,without_mirrors,https://pypistats.org/api/packages/das-nidf/overall?mirrors=false,2026-08-28T12:57:34+00:00
das-nidf,das-nidf,2026-06-26,2,without_mirrors,https://pypistats.org/api/packages/das-nidf/overall?mirrors=false,2026-08-28T12:57:34+00:00
das-nidf,das-nidf,2026-06-29,2,without_mirrors,https://pypistats.org/api/packages/das-nidf/overall?mirrors=false,2026-08-28T12:57:34+00:00
das-nidf,das-nidf,2026-06-30,9,without_mirrors,https://pypistats.org/api/packages/das-nidf/overall?mirrors=false,2026-08-28T12:57:34+00:00
das-nidf,das-nidf,2026-07-04,1,without_mirrors,https://pypistats.org/api/packages/das-nidf/overall?mirrors=false,2026-08-28T12:57:34+00:00
das-nidf,das-nidf,2026-07-06,2,without_mirrors,https://pypistats.org/api/packages/das-nidf/overall?mirrors=false,2026-08-28T12:57:34+00:00
das-nidf,das-nidf,2026-07-07,6,without_mirrors,https://pypistats.org/api/packages/das-nidf/overall?mirrors=false,2026-08-28T12:57:34+00:00
das-nidf,das-nidf,2026-07-08,2,without_mirrors,https://pypistats.org/api/packages/das-nidf/overall?mirrors=false,2026-08-28T12:57:34+00:00
das-nidf,das-nidf,2026-07-14,1,without_mirrors,https://pypistats.org/api/packages/das-nidf/overall?mirrors=false,2026-08-28T12:57:34+00:00
das-nidf,das-nidf,2026-07-16,2,without_mirrors,https://pypistats.org/api/packages/das-nidf/overall?mirrors=false,2026-08-28T12:57:34+00:00
das-nidf,das-nidf,2026-07-21,6,without_mirrors,https://pypistats.org/api/packages/das-nidf/overall?mirrors=false,2026-08-28T12:57:34+00:00
das-nidf,das-nidf,2026-07-23,5,without_mirrors,https://pypistats.org/api/packages/das-nidf/overall?mirrors=false,2026-08-28T12:57:34+00:00
das-nidf,das-nidf,2026-07-24,3,without_mirrors,https://pypistats.org/api/packages/das-nidf/overall?mirrors=false,2026-08-28T12:57:34+00:00
das-nidf,das-nidf,2026-07-29,2,without_mirrors,https://pypistats.org/api/packages/das-nidf/overall?mirrors=false,2026-08-28T12:57:34+00:00
das-nidf,das-nidf,2026-07-30,1,without_mirrors,https://pypistats.org/api/packages/das-nidf/overall?mirrors=false,2026-08-28T12:57:34+00:00
das-nidf,das-nidf,2026-08-02,1,without_mirrors,https://pypistats.org/api/packages/das-nidf/overall?mirrors=false,2026-08-28T12:57:34+00:00
das-nidf,das-nidf,2026-08-05,2,without_mirrors,https://pypistats.org/api/packages/das-nidf/overall?mirrors=false,2026-08-28T12:57:34+00:00
das-nidf,das-nidf,2026-08-09,3,without_mirrors,https://pypistats.org/api/packages/das-nidf/overall?mirrors=false,2026-08-28T12:57:34+00:00
das-nidf,das-nidf,2026-08-10,1,without_mirrors,https://pypistats.org/api/packages/das-nidf/overall?mirrors=false,2026-08-28T12:57:34+00:00
das-nidf,das-nidf,2026-08-14,2,without_mirrors,https://pypistats.org/api/packages/das-nidf/overall?mirrors=false,2026-08-28T12:57:34+00:00
das-nidf,das-nidf,2026-08-22,1,without_mirrors,https://pypistats.org/api/packages/das-nidf/overall?mirrors=false,2026-08-28T12:57:34+00:00
das-nidf,das-nidf,2026-08-23,3,without_mirrors,https://pypistats.org/api/packages/das-nidf/overall?mirrors=false,2026-08-28T12:57:34+00:00
das-nidf,das-nidf,2026-08-24,3,without_mirrors,https://pypistats.org/api/packages/das-nidf/overall?mirrors=false,2026-08-28T12:57:34+00:00
das4whales,das4whales,2026-02-28,2,without_mirrors,https://pypistats.org/api/packages/das4whales/overall?mirrors=false,2026-08-28T12:58:02+00:00
das4whales,das4whales,2026-03-03,2,without_mirrors,https://pypistats.org/api/packages/das4whales/overall?mirrors=false,2026-08-28T12:58:02+00:00
das4whales,das4whales,2026-03-04,2,without_mirrors,https://pypistats.org/api/packages/das4whales/overall?mirrors=false,2026-08-28T12:58:02+00:00
das4whales,das4whales,2026-03-05,2,without_mirrors,https://pypistats.org/api/packages/das4whales/overall?mirrors=false,2026-08-28T12:58:02+00:00
das4whales,das4whales,2026-03-07,1,without_mirrors,https://pypistats.org/api/packages/das4whales/overall?mirrors=false,2026-08-28T12:58:02+00:00
das4whales,das4whales,2026-03-08,2,without_mirrors,https://pypistats.org/api/packages/das4whales/overall?mirrors=false,2026-08-28T12:58:02+00:00
das4whales,das4whales,2026-03-09,4,without_mirrors,https://pypistats.org/api/packages/das4whales/overall?mirrors=false,2026-08-28T12:58:02+00:00
das4whales,das4whales,2026-03-10,3,without_mirrors,https://pypistats.org/api/packages/das4whales/overall?mirrors=false,2026-08-28T12:58:02+00:00
das4whales,das4whales,2026-03-11,3,without_mirrors,https://pypistats.org/api/packages/das4whales/overall?mirrors=false,2026-08-28T12:58:02+00:00
das4whales,das4whales,2026-03-12,2,without_mirrors,https://pypistats.org/api/packages/das4whales/overall?mirrors=false,2026-08-28T12:58:02+00:00
das4whales,das4whales,2026-03-13,5,without_mirrors,https://pypistats.org/api/packages/das4whales/overall?mirrors=false,2026-08-28T12:58:02+00:00
das4whales,das4whales,2026-03-17,2,without_mirrors,https://pypistats.org/api/packages/das4whales/overall?mirrors=false,2026-08-28T12:58:02+00:00
das4whales,das4whales,2026-03-18,3,without_mirrors,https://pypistats.org/api/packages/das4whales/overall?mirrors=false,2026-08-28T12:58:02+00:00
das4whales,das4whales,2026-03-19,7,without_mirrors,https://pypistats.org/api/packages/das4whales/overall?mirrors=false,2026-08-28T12:58:02+00:00
das4whales,das4whales,2026-03-20,2,without_mirrors,https://pypistats.org/api/packages/das4whales/overall?mirrors=false,2026-08-28T12:58:02+00:00
das4whales,das4whales,2026-03-26,2,without_mirrors,https://pypistats.org/api/packages/das4whales/overall?mirrors=false,2026-08-28T12:58:02+00:00
das4whales,das4whales,2026-03-27,2,without_mirrors,https://pypistats.org/api/packages/das4whales/overall?mirrors=false,2026-08-28T12:58:02+00:00
das4whales,das4whales,2026-03-29,1,without_mirrors,https://pypistats.org/api/packages/das4whales/overall?mirrors=false,2026-08-28T12:58:02+00:00
das4whales,das4whales,2026-04-01,1,without_mirrors,https://pypistats.org/api/packages/das4whales/overall?mirrors=false,2026-08-28T12:58:02+00:00
das4whales,das4whales,2026-04-03,7,without_mirrors,https://pypistats.org/api/packages/das4whales/overall?mirrors=false,2026-08-28T12:58:02+00:00
das4whales,das4whales,2026-04-04,2,without_mirrors,https://pypistats.org/api/packages/das4whales/overall?mirrors=false,2026-08-28T12:58:02+00:00
das4whales,das4whales,2026-04-08,2,without_mirrors,https://pypistats.org/api/packages/das4whales/overall?mirrors=false,2026-08-28T12:58:02+00:00
das4whales,das4whales,2026-04-09,1,without_mirrors,https://pypistats.org/api/packages/das4whales/overall?mirrors=false,2026-08-28T12:58:02+00:00
das4whales,das4whales,2026-04-10,1,without_mirrors,https://pypistats.org/api/packages/das4whales/overall?mirrors=false,2026-08-28T12:58:02+00:00
das4whales,das4whales,2026-04-11,1,without_mirrors,https://pypistats.org/api/packages/das4whales/overall?mirrors=false,2026-08-28T12:58:02+00:00
das4whales,das4whales,2026-04-12,1,without_mirrors,https://pypistats.org/api/packages/das4whales/overall?mirrors=false,2026-08-28T12:58:02+00:00
das4whales,das4whales,2026-04-13,2,without_mirrors,https://pypistats.org/api/packages/das4whales/overall?mirrors=false,2026-08-28T12:58:02+00:00
das4whales,das4whales,2026-04-14,3,without_mirrors,https://pypistats.org/api/packages/das4whales/overall?mirrors=false,2026-08-28T12:58:02+00:00
das4whales,das4whales,2026-04-15,1,without_mirrors,https://pypistats.org/api/packages/das4whales/overall?mirrors=false,2026-08-28T12:58:02+00:00
das4whales,das4whales,2026-04-16,4,without_mirrors,https://pypistats.org/api/packages/das4whales/overall?mirrors=false,2026-08-28T12:58:02+00:00
das4whales,das4whales,2026-04-17,1,without_mirrors,https://pypistats.org/api/packages/das4whales/overall?mirrors=false,2026-08-28T12:58:02+00:00
das4whales,das4whales,2026-04-18,2,without_mirrors,https://pypistats.org/api/packages/das4whales/overall?mirrors=false,2026-08-28T12:58:02+00:00
das4whales,das4whales,2026-04-20,1,without_mirrors,https://pypistats.org/api/packages/das4whales/overall?mirrors=false,2026-08-28T12:58:02+00:00
das4whales,das4whales,2026-04-22,4,without_mirrors,https://pypistats.org/api/packages/das4whales/overall?mirrors=false,2026-08-28T12:58:02+00:00
das4whales,das4whales,2026-04-29,2,without_mirrors,https://pypistats.org/api/packages/das4whales/overall?mirrors=false,2026-08-28T12:58:02+00:00
das4whales,das4whales,2026-05-01,2,without_mirrors,https://pypistats.org/api/packages/das4whales/overall?mirrors=false,2026-08-28T12:58:02+00:00
das4whales,das4whales,2026-05-05,5,without_mirrors,https://pypistats.org/api/packages/das4whales/overall?mirrors=false,2026-08-28T12:58:02+00:00
das4whales,das4whales,2026-05-06,8,without_mirrors,https://pypistats.org/api/packages/das4whales/overall?mirrors=false,2026-08-28T12:58:02+00:00
das4whales,das4whales,2026-05-07,2,without_mirrors,https://pypistats.org/api/packages/das4whales/overall?mirrors=false,2026-08-28T12:58:02+00:00
das4whales,das4whales,2026-05-08,2,without_mirrors,https://pypistats.org/api/packages/das4whales/overall?mirrors=false,2026-08-28T12:58:02+00:00
das4whales,das4whales,2026-05-09,5,without_mirrors,https://pypistats.org/api/packages/das4whales/overall?mirrors=false,2026-08-28T12:58:02+00:00
das4whales,das4whales,2026-05-11,2,without_mirrors,https://pypistats.org/api/packages/das4whales/overall?mirrors=false,2026-08-28T12:58:02+00:00
das4whales,das4whales,2026-05-13,6,without_mirrors,https://pypistats.org/api/packages/das4whales/overall?mirrors=false,2026-08-28T12:58:02+00:00
das4whales,das4whales,2026-05-15,4,without_mirrors,https://pypistats.org/api/packages/das4whales/overall?mirrors=false,2026-08-28T12:58:02+00:00
das4whales,das4whales,2026-05-16,3,without_mirrors,https://pypistats.org/api/packages/das4whales/overall?mirrors=false,2026-08-28T12:58:02+00:00
das4whales,das4whales,2026-05-17,1,without_mirrors,https://pypistats.org/api/packages/das4whales/overall?mirrors=false,2026-08-28T12:58:02+00:00
das4whales,das4whales,2026-05-18,3,without_mirrors,https://pypistats.org/api/packages/das4whales/overall?mirrors=false,2026-08-28T12:58:02+00:00
das4whales,das4whales,2026-05-21,2,without_mirrors,https://pypistats.org/api/packages/das4whales/overall?mirrors=false,2026-08-28T12:58:02+00:00
das4whales,das4whales,2026-05-22,2,without_mirrors,https://pypistats.org/api/packages/das4whales/overall?mirrors=false,2026-08-28T12:58:02+00:00
das4whales,das4whales,2026-05-24,1,without_mirrors,https://pypistats.org/api/packages/das4whales/overall?mirrors=false,2026-08-28T12:58:02+00:00
das4whales,das4whales,2026-05-25,3,without_mirrors,https://pypistats.org/api/packages/das4whales/overall?mirrors=false,2026-08-28T12:58:02+00:00
das4whales,das4whales,2026-05-26,2,without_mirrors,https://pypistats.org/api/packages/das4whales/overall?mirrors=false,2026-08-28T12:58:02+00:00
das4whales,das4whales,2026-05-28,7,without_mirrors,https://pypistats.org/api/packages/das4whales/overall?mirrors=false,2026-08-28T12:58:02+00:00
das4whales,das4whales,2026-05-29,2,without_mirrors,https://pypistats.org/api/packages/das4whales/overall?mirrors=false,2026-08-28T12:58:02+00:00
das4whales,das4whales,2026-05-30,2,without_mirrors,https://pypistats.org/api/packages/das4whales/overall?mirrors=false,2026-08-28T12:58:02+00:00
das4whales,das4whales,2026-06-01,13,without_mirrors,https://pypistats.org/api/packages/das4whales/overall?mirrors=false,2026-08-28T12:58:02+00:00
das4whales,das4whales,2026-06-04,3,without_mirrors,https://pypistats.org/api/packages/das4whales/overall?mirrors=false,2026-08-28T12:58:02+00:00
das4whales,das4whales,2026-06-05,10,without_mirrors,https://pypistats.org/api/packages/das4whales/overall?mirrors=false,2026-08-28T12:58:02+00:00
das4whales,das4whales,2026-06-06,16,without_mirrors,https://pypistats.org/api/packages/das4whales/overall?mirrors=false,2026-08-28T12:58:02+00:00
das4whales,das4whales,2026-06-08,1,without_mirrors,https://pypistats.org/api/packages/das4whales/overall?mirrors=false,2026-08-28T12:58:02+00:00
das4whales,das4whales,2026-06-10,9,without_mirrors,https://pypistats.org/api/packages/das4whales/overall?mirrors=false,2026-08-28T12:58:02+00:00
das4whales,das4whales,2026-06-11,120,without_mirrors,https://pypistats.org/api/packages/das4whales/overall?mirrors=false,2026-08-28T12:58:02+00:00
das4whales,das4whales,2026-06-12,6,without_mirrors,https://pypistats.org/api/packages/das4whales/overall?mirrors=false,2026-08-28T12:58:02+00:00
das4whales,das4whales,2026-06-13,2,without_mirrors,https://pypistats.org/api/packages/das4whales/overall?mirrors=false,2026-08-28T12:58:02+00:00
das4whales,das4whales,2026-06-14,1,without_mirrors,https://pypistats.org/api/packages/das4whales/overall?mirrors=false,2026-08-28T12:58:02+00:00
das4whales,das4whales,2026-06-15,2,without_mirrors,https://pypistats.org/api/packages/das4whales/overall?mirrors=false,2026-08-28T12:58:02+00:00
das4whales,das4whales,2026-06-16,11,without_mirrors,https://pypistats.org/api/packages/das4whales/overall?mirrors=false,2026-08-28T12:58:02+00:00
das4whales,das4whales,2026-06-17,6,without_mirrors,https://pypistats.org/api/packages/das4whales/overall?mirrors=false,2026-08-28T12:58:02+00:00
das4whales,das4whales,2026-06-18,13,without_mirrors,https://pypistats.org/api/packages/das4whales/overall?mirrors=false,2026-08-28T12:58:02+00:00
das4whales,das4whales,2026-06-20,4,without_mirrors,https://pypistats.org/api/packages/das4whales/overall?mirrors=false,2026-08-28T12:58:02+00:00
das4whales,das4whales,2026-06-21,3,without_mirrors,https://pypistats.org/api/packages/das4whales/overall?mirrors=false,2026-08-28T12:58:02+00:00
das4whales,das4whales,2026-06-22,2,without_mirrors,https://pypistats.org/api/packages/das4whales/overall?mirrors=false,2026-08-28T12:58:02+00:00
das4whales,das4whales,2026-06-23,9,without_mirrors,https://pypistats.org/api/packages/das4whales/overall?mirrors=false,2026-08-28T12:58:02+00:00
das4whales,das4whales,2026-06-26,4,without_mirrors,https://pypistats.org/api/packages/das4whales/overall?mirrors=false,2026-08-28T12:58:02+00:00
das4whales,das4whales,2026-06-27,9,without_mirrors,https://pypistats.org/api/packages/das4whales/overall?mirrors=false,2026-08-28T12:58:02+00:00
das4whales,das4whales,2026-06-28,2,without_mirrors,https://pypistats.org/api/packages/das4whales/overall?mirrors=false,2026-08-28T12:58:02+00:00
das4whales,das4whales,2026-06-29,30,without_mirrors,https://pypistats.org/api/packages/das4whales/overall?mirrors=false,2026-08-28T12:58:02+00:00
das4whales,das4whales,2026-06-30,41,without_mirrors,https://pypistats.org/api/packages/das4whales/overall?mirrors=false,2026-08-28T12:58:02+00:00
das4whales,das4whales,2026-07-02,2,without_mirrors,https://pypistats.org/api/packages/das4whales/overall?mirrors=false,2026-08-28T12:58:02+00:00
das4whales,das4whales,2026-07-03,36,without_mirrors,https://pypistats.org/api/packages/das4whales/overall?mirrors=false,2026-08-28T12:58:02+00:00
das4whales,das4whales,2026-07-04,2,without_mirrors,https://pypistats.org/api/packages/das4whales/overall?mirrors=false,2026-08-28T12:58:02+00:00
das4whales,das4whales,2026-07-06,124,without_mirrors,https://pypistats.org/api/packages/das4whales/overall?mirrors=false,2026-08-28T12:58:02+00:00
das4whales,das4whales,2026-07-07,7,without_mirrors,https://pypistats.org/api/packages/das4whales/overall?mirrors=false,2026-08-28T12:58:02+00:00
das4whales,das4whales,2026-07-08,8,without_mirrors,https://pypistats.org/api/packages/das4whales/overall?mirrors=false,2026-08-28T12:58:02+00:00
das4whales,das4whales,2026-07-09,5,without_mirrors,https://pypistats.org/api/packages/das4whales/overall?mirrors=false,2026-08-28T12:58:02+00:00
das4whales,das4whales,2026-07-10,31,without_mirrors,https://pypistats.org/api/packages/das4whales/overall?mirrors=false,2026-08-28T12:58:02+00:00
das4whales,das4whales,2026-07-11,5,without_mirrors,https://pypistats.org/api/packages/das4whales/overall?mirrors=false,2026-08-28T12:58:02+00:00
das4whales,das4whales,2026-07-12,1,without_mirrors,https://pypistats.org/api/packages/das4whales/overall?mirrors=false,2026-08-28T12:58:02+00:00
das4whales,das4whales,2026-07-13,6,without_mirrors,https://pypistats.org/api/packages/das4whales/overall?mirrors=false,2026-08-28T12:58:02+00:00
das4whales,das4whales,2026-07-14,5,without_mirrors,https://pypistats.org/api/packages/das4whales/overall?mirrors=false,2026-08-28T12:58:02+00:00
das4whales,das4whales,2026-07-15,7,without_mirrors,https://pypistats.org/api/packages/das4whales/overall?mirrors=false,2026-08-28T12:58:02+00:00
das4whales,das4whales,2026-07-16,4,without_mirrors,https://pypistats.org/api/packages/das4whales/overall?mirrors=false,2026-08-28T12:58:02+00:00
das4whales,das4whales,2026-07-17,6,without_mirrors,https://pypistats.org/api/packages/das4whales/overall?mirrors=false,2026-08-28T12:58:02+00:00
das4whales,das4whales,2026-07-18,6,without_mirrors,https://pypistats.org/api/packages/das4whales/overall?mirrors=false,2026-08-28T12:58:02+00:00
das4whales,das4whales,2026-07-19,3,without_mirrors,https://pypistats.org/api/packages/das4whales/overall?mirrors=false,2026-08-28T12:58:02+00:00
das4whales,das4whales,2026-07-20,4,without_mirrors,https://pypistats.org/api/packages/das4whales/overall?mirrors=false,2026-08-28T12:58:02+00:00
das4whales,das4whales,2026-07-21,12,without_mirrors,https://pypistats.org/api/packages/das4whales/overall?mirrors=false,2026-08-28T12:58:02+00:00
das4whales,das4whales,2026-07-22,2,without_mirrors,https://pypistats.org/api/packages/das4whales/overall?mirrors=false,2026-08-28T12:58:02+00:00
das4whales,das4whales,2026-07-23,3,without_mirrors,https://pypistats.org/api/packages/das4whales/overall?mirrors=false,2026-08-28T12:58:02+00:00
das4whales,das4whales,2026-07-24,2,without_mirrors,https://pypistats.org/api/packages/das4whales/overall?mirrors=false,2026-08-28T12:58:02+00:00
das4whales,das4whales,2026-07-25,2,without_mirrors,https://pypistats.org/api/packages/das4whales/overall?mirrors=false,2026-08-28T12:58:02+00:00
das4whales,das4whales,2026-07-26,4,without_mirrors,https://pypistats.org/api/packages/das4whales/overall?mirrors=false,2026-08-28T12:58:02+00:00
das4whales,das4whales,2026-07-27,4,without_mirrors,https://pypistats.org/api/packages/das4whales/overall?mirrors=false,2026-08-28T12:58:02+00:00
das4whales,das4whales,2026-07-29,1,without_mirrors,https://pypistats.org/api/packages/das4whales/overall?mirrors=false,2026-08-28T12:58:02+00:00
das4whales,das4whales,2026-07-31,1,without_mirrors,https://pypistats.org/api/packages/das4whales/overall?mirrors=false,2026-08-28T12:58:02+00:00
das4whales,das4whales,2026-08-01,4,without_mirrors,https://pypistats.org/api/packages/das4whales/overall?mirrors=false,2026-08-28T12:58:02+00:00
das4whales,das4whales,2026-08-02,1,without_mirrors,https://pypistats.org/api/packages/das4whales/overall?mirrors=false,2026-08-28T12:58:02+00:00
das4whales,das4whales,2026-08-03,2,without_mirrors,https://pypistats.org/api/packages/das4whales/overall?mirrors=false,2026-08-28T12:58:02+00:00
das4whales,das4whales,2026-08-04,2,without_mirrors,https://pypistats.org/api/packages/das4whales/overall?mirrors=false,2026-08-28T12:58:02+00:00
das4whales,das4whales,2026-08-05,3,without_mirrors,https://pypistats.org/api/packages/das4whales/overall?mirrors=false,2026-08-28T12:58:02+00:00
das4whales,das4whales,2026-08-06,2,without_mirrors,https://pypistats.org/api/packages/das4whales/overall?mirrors=false,2026-08-28T12:58:02+00:00
das4whales,das4whales,2026-08-07,5,without_mirrors,https://pypistats.org/api/packages/das4whales/overall?mirrors=false,2026-08-28T12:58:02+00:00
das4whales,das4whales,2026-08-09,5,without_mirrors,https://pypistats.org/api/packages/das4whales/overall?mirrors=false,2026-08-28T12:58:02+00:00
das4whales,das4whales,2026-08-11,2,without_mirrors,https://pypistats.org/api/packages/das4whales/overall?mirrors=false,2026-08-28T12:58:02+00:00
das4whales,das4whales,2026-08-14,4,without_mirrors,https://pypistats.org/api/packages/das4whales/overall?mirrors=false,2026-08-28T12:58:02+00:00
das4whales,das4whales,2026-08-17,4,without_mirrors,https://pypistats.org/api/packages/das4whales/overall?mirrors=false,2026-08-28T12:58:02+00:00
das4whales,das4whales,2026-08-18,1,without_mirrors,https://pypistats.org/api/packages/das4whales/overall?mirrors=false,2026-08-28T12:58:02+00:00
das4whales,das4whales,2026-08-21,4,without_mirrors,https://pypistats.org/api/packages/das4whales/overall?mirrors=false,2026-08-28T12:58:02+00:00
das4whales,das4whales,2026-08-22,1,without_mirrors,https://pypistats.org/api/packages/das4whales/overall?mirrors=false,2026-08-28T12:58:02+00:00
das4whales,das4whales,2026-08-23,5,without_mirrors,https://pypistats.org/api/packages/das4whales/overall?mirrors=false,2026-08-28T12:58:02+00:00
das4whales,das4whales,2026-08-24,3,without_mirrors,https://pypistats.org/api/packages/das4whales/overall?mirrors=false,2026-08-28T12:58:02+00:00
das4whales,das4whales,2026-08-25,1,without_mirrors,https://pypistats.org/api/packages/das4whales/overall?mirrors=false,2026-08-28T12:58:02+00:00
das4whales,das4whales,2026-08-26,1,without_mirrors,https://pypistats.org/api/packages/das4whales/overall?mirrors=false,2026-08-28T12:58:02+00:00
dascore,dascore,2026-02-28,45,without_mirrors,https://pypistats.org/api/packages/dascore/overall?mirrors=false,2026-08-28T12:58:35+00:00
dascore,dascore,2026-03-01,9,without_mirrors,https://pypistats.org/api/packages/dascore/overall?mirrors=false,2026-08-28T12:58:35+00:00
dascore,dascore,2026-03-02,7,without_mirrors,https://pypistats.org/api/packages/dascore/overall?mirrors=false,2026-08-28T12:58:35+00:00
dascore,dascore,2026-03-03,78,without_mirrors,https://pypistats.org/api/packages/dascore/overall?mirrors=false,2026-08-28T12:58:35+00:00
dascore,dascore,2026-03-04,99,without_mirrors,https://pypistats.org/api/packages/dascore/overall?mirrors=false,2026-08-28T12:58:35+00:00
dascore,dascore,2026-03-05,47,without_mirrors,https://pypistats.org/api/packages/dascore/overall?mirrors=false,2026-08-28T12:58:35+00:00
dascore,dascore,2026-03-06,36,without_mirrors,https://pypistats.org/api/packages/dascore/overall?mirrors=false,2026-08-28T12:58:35+00:00
dascore,dascore,2026-03-07,67,without_mirrors,https://pypistats.org/api/packages/dascore/overall?mirrors=false,2026-08-28T12:58:35+00:00
dascore,dascore,2026-03-08,29,without_mirrors,https://pypistats.org/api/packages/dascore/overall?mirrors=false,2026-08-28T12:58:35+00:00
dascore,dascore,2026-03-09,65,without_mirrors,https://pypistats.org/api/packages/dascore/overall?mirrors=false,2026-08-28T12:58:35+00:00
dascore,dascore,2026-03-10,11,without_mirrors,https://pypistats.org/api/packages/dascore/overall?mirrors=false,2026-08-28T12:58:35+00:00
dascore,dascore,2026-03-11,26,without_mirrors,https://pypistats.org/api/packages/dascore/overall?mirrors=false,2026-08-28T12:58:35+00:00
dascore,dascore,2026-03-12,23,without_mirrors,https://pypistats.org/api/packages/dascore/overall?mirrors=false,2026-08-28T12:58:35+00:00
dascore,dascore,2026-03-13,22,without_mirrors,https://pypistats.org/api/packages/dascore/overall?mirrors=false,2026-08-28T12:58:35+00:00
dascore,dascore,2026-03-14,4,without_mirrors,https://pypistats.org/api/packages/dascore/overall?mirrors=false,2026-08-28T12:58:35+00:00
dascore,dascore,2026-03-15,11,without_mirrors,https://pypistats.org/api/packages/dascore/overall?mirrors=false,2026-08-28T12:58:35+00:00
dascore,dascore,2026-03-16,21,without_mirrors,https://pypistats.org/api/packages/dascore/overall?mirrors=false,2026-08-28T12:58:35+00:00
dascore,dascore,2026-03-17,146,without_mirrors,https://pypistats.org/api/packages/dascore/overall?mirrors=false,2026-08-28T12:58:35+00:00
dascore,dascore,2026-03-18,48,without_mirrors,https://pypistats.org/api/packages/dascore/overall?mirrors=false,2026-08-28T12:58:35+00:00
dascore,dascore,2026-03-19,47,without_mirrors,https://pypistats.org/api/packages/dascore/overall?mirrors=false,2026-08-28T12:58:35+00:00
dascore,dascore,2026-03-20,29,without_mirrors,https://pypistats.org/api/packages/dascore/overall?mirrors=false,2026-08-28T12:58:35+00:00
dascore,dascore,2026-03-21,21,without_mirrors,https://pypistats.org/api/packages/dascore/overall?mirrors=false,2026-08-28T12:58:35+00:00
dascore,dascore,2026-03-22,29,without_mirrors,https://pypistats.org/api/packages/dascore/overall?mirrors=false,2026-08-28T12:58:35+00:00
dascore,dascore,2026-03-23,25,without_mirrors,https://pypistats.org/api/packages/dascore/overall?mirrors=false,2026-08-28T12:58:35+00:00
dascore,dascore,2026-03-24,60,without_mirrors,https://pypistats.org/api/packages/dascore/overall?mirrors=false,2026-08-28T12:58:35+00:00
dascore,dascore,2026-03-25,64,without_mirrors,https://pypistats.org/api/packages/dascore/overall?mirrors=false,2026-08-28T12:58:35+00:00
dascore,dascore,2026-03-26,45,without_mirrors,https://pypistats.org/api/packages/dascore/overall?mirrors=false,2026-08-28T12:58:35+00:00
dascore,dascore,2026-03-27,16,without_mirrors,https://pypistats.org/api/packages/dascore/overall?mirrors=false,2026-08-28T12:58:35+00:00
dascore,dascore,2026-03-28,10,without_mirrors,https://pypistats.org/api/packages/dascore/overall?mirrors=false,2026-08-28T12:58:35+00:00
dascore,dascore,2026-03-29,7,without_mirrors,https://pypistats.org/api/packages/dascore/overall?mirrors=false,2026-08-28T12:58:35+00:00
dascore,dascore,2026-03-30,86,without_mirrors,https://pypistats.org/api/packages/dascore/overall?mirrors=false,2026-08-28T12:58:35+00:00
dascore,dascore,2026-03-31,79,without_mirrors,https://pypistats.org/api/packages/dascore/overall?mirrors=false,2026-08-28T12:58:35+00:00
dascore,dascore,2026-04-01,57,without_mirrors,https://pypistats.org/api/packages/dascore/overall?mirrors=false,2026-08-28T12:58:35+00:00
dascore,dascore,2026-04-02,36,without_mirrors,https://pypistats.org/api/packages/dascore/overall?mirrors=false,2026-08-28T12:58:35+00:00
dascore,dascore,2026-04-03,47,without_mirrors,https://pypistats.org/api/packages/dascore/overall?mirrors=false,2026-08-28T12:58:35+00:00
dascore,dascore,2026-04-04,11,without_mirrors,https://pypistats.org/api/packages/dascore/overall?mirrors=false,2026-08-28T12:58:35+00:00
dascore,dascore,2026-04-05,11,without_mirrors,https://pypistats.org/api/packages/dascore/overall?mirrors=false,2026-08-28T12:58:35+00:00
dascore,dascore,2026-04-06,29,without_mirrors,https://pypistats.org/api/packages/dascore/overall?mirrors=false,2026-08-28T12:58:35+00:00
dascore,dascore,2026-04-07,49,without_mirrors,https://pypistats.org/api/packages/dascore/overall?mirrors=false,2026-08-28T12:58:35+00:00
dascore,dascore,2026-04-08,99,without_mirrors,https://pypistats.org/api/packages/dascore/overall?mirrors=false,2026-08-28T12:58:35+00:00
dascore,dascore,2026-04-09,70,without_mirrors,https://pypistats.org/api/packages/dascore/overall?mirrors=false,2026-08-28T12:58:35+00:00
dascore,dascore,2026-04-10,39,without_mirrors,https://pypistats.org/api/packages/dascore/overall?mirrors=false,2026-08-28T12:58:35+00:00
dascore,dascore,2026-04-11,134,without_mirrors,https://pypistats.org/api/packages/dascore/overall?mirrors=false,2026-08-28T12:58:35+00:00
dascore,dascore,2026-04-12,38,without_mirrors,https://pypistats.org/api/packages/dascore/overall?mirrors=false,2026-08-28T12:58:35+00:00
dascore,dascore,2026-04-13,230,without_mirrors,https://pypistats.org/api/packages/dascore/overall?mirrors=false,2026-08-28T12:58:35+00:00
dascore,dascore,2026-04-14,93,without_mirrors,https://pypistats.org/api/packages/dascore/overall?mirrors=false,2026-08-28T12:58:35+00:00
dascore,dascore,2026-04-15,152,without_mirrors,https://pypistats.org/api/packages/dascore/overall?mirrors=false,2026-08-28T12:58:35+00:00
dascore,dascore,2026-04-16,117,without_mirrors,https://pypistats.org/api/packages/dascore/overall?mirrors=false,2026-08-28T12:58:35+00:00
dascore,dascore,2026-04-17,145,without_mirrors,https://pypistats.org/api/packages/dascore/overall?mirrors=false,2026-08-28T12:58:35+00:00
dascore,dascore,2026-04-18,11,without_mirrors,https://pypistats.org/api/packages/dascore/overall?mirrors=false,2026-08-28T12:58:35+00:00
dascore,dascore,2026-04-19,32,without_mirrors,https://pypistats.org/api/packages/dascore/overall?mirrors=false,2026-08-28T12:58:35+00:00
dascore,dascore,2026-04-20,102,without_mirrors,https://pypistats.org/api/packages/dascore/overall?mirrors=false,2026-08-28T12:58:35+00:00
dascore,dascore,2026-04-21,94,without_mirrors,https://pypistats.org/api/packages/dascore/overall?mirrors=false,2026-08-28T12:58:35+00:00
dascore,dascore,2026-04-22,73,without_mirrors,https://pypistats.org/api/packages/dascore/overall?mirrors=false,2026-08-28T12:58:35+00:00
dascore,dascore,2026-04-23,71,without_mirrors,https://pypistats.org/api/packages/dascore/overall?mirrors=false,2026-08-28T12:58:35+00:00
dascore,dascore,2026-04-24,92,without_mirrors,https://pypistats.org/api/packages/dascore/overall?mirrors=false,2026-08-28T12:58:35+00:00
dascore,dascore,2026-04-25,97,without_mirrors,https://pypistats.org/api/packages/dascore/overall?mirrors=false,2026-08-28T12:58:35+00:00
dascore,dascore,2026-04-26,29,without_mirrors,https://pypistats.org/api/packages/dascore/overall?mirrors=false,2026-08-28T12:58:35+00:00
dascore,dascore,2026-04-27,40,without_mirrors,https://pypistats.org/api/packages/dascore/overall?mirrors=false,2026-08-28T12:58:35+00:00
dascore,dascore,2026-04-28,130,without_mirrors,https://pypistats.org/api/packages/dascore/overall?mirrors=false,2026-08-28T12:58:35+00:00
dascore,dascore,2026-04-29,69,without_mirrors,https://pypistats.org/api/packages/dascore/overall?mirrors=false,2026-08-28T12:58:35+00:00
dascore,dascore,2026-04-30,39,without_mirrors,https://pypistats.org/api/packages/dascore/overall?mirrors=false,2026-08-28T12:58:35+00:00
dascore,dascore,2026-05-01,18,without_mirrors,https://pypistats.org/api/packages/dascore/overall?mirrors=false,2026-08-28T12:58:35+00:00
dascore,dascore,2026-05-02,3,without_mirrors,https://pypistats.org/api/packages/dascore/overall?mirrors=false,2026-08-28T12:58:35+00:00
dascore,dascore,2026-05-03,80,without_mirrors,https://pypistats.org/api/packages/dascore/overall?mirrors=false,2026-08-28T12:58:35+00:00
dascore,dascore,2026-05-04,65,without_mirrors,https://pypistats.org/api/packages/dascore/overall?mirrors=false,2026-08-28T12:58:35+00:00
dascore,dascore,2026-05-05,84,without_mirrors,https://pypistats.org/api/packages/dascore/overall?mirrors=false,2026-08-28T12:58:35+00:00
dascore,dascore,2026-05-06,132,without_mirrors,https://pypistats.org/api/packages/dascore/overall?mirrors=false,2026-08-28T12:58:35+00:00
dascore,dascore,2026-05-07,188,without_mirrors,https://pypistats.org/api/packages/dascore/overall?mirrors=false,2026-08-28T12:58:35+00:00
dascore,dascore,2026-05-08,130,without_mirrors,https://pypistats.org/api/packages/dascore/overall?mirrors=false,2026-08-28T12:58:35+00:00
dascore,dascore,2026-05-09,18,without_mirrors,https://pypistats.org/api/packages/dascore/overall?mirrors=false,2026-08-28T12:58:35+00:00
dascore,dascore,2026-05-11,74,without_mirrors,https://pypistats.org/api/packages/dascore/overall?mirrors=false,2026-08-28T12:58:35+00:00
dascore,dascore,2026-05-12,62,without_mirrors,https://pypistats.org/api/packages/dascore/overall?mirrors=false,2026-08-28T12:58:35+00:00
dascore,dascore,2026-05-13,139,without_mirrors,https://pypistats.org/api/packages/dascore/overall?mirrors=false,2026-08-28T12:58:35+00:00
dascore,dascore,2026-05-14,69,without_mirrors,https://pypistats.org/api/packages/dascore/overall?mirrors=false,2026-08-28T12:58:35+00:00
dascore,dascore,2026-05-15,25,without_mirrors,https://pypistats.org/api/packages/dascore/overall?mirrors=false,2026-08-28T12:58:35+00:00
dascore,dascore,2026-05-16,73,without_mirrors,https://pypistats.org/api/packages/dascore/overall?mirrors=false,2026-08-28T12:58:35+00:00
dascore,dascore,2026-05-17,19,without_mirrors,https://pypistats.org/api/packages/dascore/overall?mirrors=false,2026-08-28T12:58:35+00:00
dascore,dascore,2026-05-18,62,without_mirrors,https://pypistats.org/api/packages/dascore/overall?mirrors=false,2026-08-28T12:58:35+00:00
dascore,dascore,2026-05-19,68,without_mirrors,https://pypistats.org/api/packages/dascore/overall?mirrors=false,2026-08-28T12:58:35+00:00
dascore,dascore,2026-05-20,18,without_mirrors,https://pypistats.org/api/packages/dascore/overall?mirrors=false,2026-08-28T12:58:35+00:00
dascore,dascore,2026-05-21,21,without_mirrors,https://pypistats.org/api/packages/dascore/overall?mirrors=false,2026-08-28T12:58:35+00:00
dascore,dascore,2026-05-22,38,without_mirrors,https://pypistats.org/api/packages/dascore/overall?mirrors=false,2026-08-28T12:58:35+00:00
dascore,dascore,2026-05-23,15,without_mirrors,https://pypistats.org/api/packages/dascore/overall?mirrors=false,2026-08-28T12:58:35+00:00
dascore,dascore,2026-05-24,41,without_mirrors,https://pypistats.org/api/packages/dascore/overall?mirrors=false,2026-08-28T12:58:35+00:00
dascore,dascore,2026-05-25,35,without_mirrors,https://pypistats.org/api/packages/dascore/overall?mirrors=false,2026-08-28T12:58:35+00:00
dascore,dascore,2026-05-26,24,without_mirrors,https://pypistats.org/api/packages/dascore/overall?mirrors=false,2026-08-28T12:58:35+00:00
dascore,dascore,2026-05-27,49,without_mirrors,https://pypistats.org/api/packages/dascore/overall?mirrors=false,2026-08-28T12:58:35+00:00
dascore,dascore,2026-05-28,73,without_mirrors,https://pypistats.org/api/packages/dascore/overall?mirrors=false,2026-08-28T12:58:35+00:00
dascore,dascore,2026-05-29,24,without_mirrors,https://pypistats.org/api/packages/dascore/overall?mirrors=false,2026-08-28T12:58:35+00:00
dascore,dascore,2026-05-30,33,without_mirrors,https://pypistats.org/api/packages/dascore/overall?mirrors=false,2026-08-28T12:58:35+00:00
dascore,dascore,2026-05-31,14,without_mirrors,https://pypistats.org/api/packages/dascore/overall?mirrors=false,2026-08-28T12:58:35+00:00
dascore,dascore,2026-06-01,181,without_mirrors,https://pypistats.org/api/packages/dascore/overall?mirrors=false,2026-08-28T12:58:35+00:00
dascore,dascore,2026-06-02,38,without_mirrors,https://pypistats.org/api/packages/dascore/overall?mirrors=false,2026-08-28T12:58:35+00:00
dascore,dascore,2026-06-03,48,without_mirrors,https://pypistats.org/api/packages/dascore/overall?mirrors=false,2026-08-28T12:58:35+00:00
dascore,dascore,2026-06-04,29,without_mirrors,https://pypistats.org/api/packages/dascore/overall?mirrors=false,2026-08-28T12:58:35+00:00
dascore,dascore,2026-06-05,63,without_mirrors,https://pypistats.org/api/packages/dascore/overall?mirrors=false,2026-08-28T12:58:35+00:00
dascore,dascore,2026-06-06,36,without_mirrors,https://pypistats.org/api/packages/dascore/overall?mirrors=false,2026-08-28T12:58:35+00:00
dascore,dascore,2026-06-07,23,without_mirrors,https://pypistats.org/api/packages/dascore/overall?mirrors=false,2026-08-28T12:58:35+00:00
dascore,dascore,2026-06-08,64,without_mirrors,https://pypistats.org/api/packages/dascore/overall?mirrors=false,2026-08-28T12:58:35+00:00
dascore,dascore,2026-06-09,43,without_mirrors,https://pypistats.org/api/packages/dascore/overall?mirrors=false,2026-08-28T12:58:35+00:00
dascore,dascore,2026-06-10,57,without_mirrors,https://pypistats.org/api/packages/dascore/overall?mirrors=false,2026-08-28T12:58:35+00:00
dascore,dascore,2026-06-11,18,without_mirrors,https://pypistats.org/api/packages/dascore/overall?mirrors=false,2026-08-28T12:58:35+00:00
dascore,dascore,2026-06-12,47,without_mirrors,https://pypistats.org/api/packages/dascore/overall?mirrors=false,2026-08-28T12:58:35+00:00
dascore,dascore,2026-06-13,2,without_mirrors,https://pypistats.org/api/packages/dascore/overall?mirrors=false,2026-08-28T12:58:35+00:00
dascore,dascore,2026-06-14,5,without_mirrors,https://pypistats.org/api/packages/dascore/overall?mirrors=false,2026-08-28T12:58:35+00:00
dascore,dascore,2026-06-15,12,without_mirrors,https://pypistats.org/api/packages/dascore/overall?mirrors=false,2026-08-28T12:58:35+00:00
dascore,dascore,2026-06-16,53,without_mirrors,https://pypistats.org/api/packages/dascore/overall?mirrors=false,2026-08-28T12:58:35+00:00
dascore,dascore,2026-06-17,110,without_mirrors,https://pypistats.org/api/packages/dascore/overall?mirrors=false,2026-08-28T12:58:35+00:00
dascore,dascore,2026-06-18,53,without_mirrors,https://pypistats.org/api/packages/dascore/overall?mirrors=false,2026-08-28T12:58:35+00:00
dascore,dascore,2026-06-19,257,without_mirrors,https://pypistats.org/api/packages/dascore/overall?mirrors=false,2026-08-28T12:58:35+00:00
dascore,dascore,2026-06-20,22,without_mirrors,https://pypistats.org/api/packages/dascore/overall?mirrors=false,2026-08-28T12:58:35+00:00
dascore,dascore,2026-06-21,7,without_mirrors,https://pypistats.org/api/packages/dascore/overall?mirrors=false,2026-08-28T12:58:35+00:00
dascore,dascore,2026-06-22,54,without_mirrors,https://pypistats.org/api/packages/dascore/overall?mirrors=false,2026-08-28T12:58:35+00:00
dascore,dascore,2026-06-23,58,without_mirrors,https://pypistats.org/api/packages/dascore/overall?mirrors=false,2026-08-28T12:58:35+00:00
dascore,dascore,2026-06-24,17,without_mirrors,https://pypistats.org/api/packages/dascore/overall?mirrors=false,2026-08-28T12:58:35+00:00
dascore,dascore,2026-06-25,49,without_mirrors,https://pypistats.org/api/packages/dascore/overall?mirrors=false,2026-08-28T12:58:35+00:00
dascore,dascore,2026-06-26,79,without_mirrors,https://pypistats.org/api/packages/dascore/overall?mirrors=false,2026-08-28T12:58:35+00:00
dascore,dascore,2026-06-27,44,without_mirrors,https://pypistats.org/api/packages/dascore/overall?mirrors=false,2026-08-28T12:58:35+00:00
dascore,dascore,2026-06-28,8,without_mirrors,https://pypistats.org/api/packages/dascore/overall?mirrors=false,2026-08-28T12:58:35+00:00
dascore,dascore,2026-06-29,60,without_mirrors,https://pypistats.org/api/packages/dascore/overall?mirrors=false,2026-08-28T12:58:35+00:00
dascore,dascore,2026-06-30,34,without_mirrors,https://pypistats.org/api/packages/dascore/overall?mirrors=false,2026-08-28T12:58:35+00:00
dascore,dascore,2026-07-01,31,without_mirrors,https://pypistats.org/api/packages/dascore/overall?mirrors=false,2026-08-28T12:58:35+00:00
dascore,dascore,2026-07-02,52,without_mirrors,https://pypistats.org/api/packages/dascore/overall?mirrors=false,2026-08-28T12:58:35+00:00
dascore,dascore,2026-07-03,80,without_mirrors,https://pypistats.org/api/packages/dascore/overall?mirrors=false,2026-08-28T12:58:35+00:00
dascore,dascore,2026-07-04,101,without_mirrors,https://pypistats.org/api/packages/dascore/overall?mirrors=false,2026-08-28T12:58:35+00:00
dascore,dascore,2026-07-05,64,without_mirrors,https://pypistats.org/api/packages/dascore/overall?mirrors=false,2026-08-28T12:58:35+00:00
dascore,dascore,2026-07-06,194,without_mirrors,https://pypistats.org/api/packages/dascore/overall?mirrors=false,2026-08-28T12:58:35+00:00
dascore,dascore,2026-07-07,118,without_mirrors,https://pypistats.org/api/packages/dascore/overall?mirrors=false,2026-08-28T12:58:35+00:00
dascore,dascore,2026-07-08,27,without_mirrors,https://pypistats.org/api/packages/dascore/overall?mirrors=false,2026-08-28T12:58:35+00:00
dascore,dascore,2026-07-09,38,without_mirrors,https://pypistats.org/api/packages/dascore/overall?mirrors=false,2026-08-28T12:58:35+00:00
dascore,dascore,2026-07-10,49,without_mirrors,https://pypistats.org/api/packages/dascore/overall?mirrors=false,2026-08-28T12:58:35+00:00
dascore,dascore,2026-07-11,24,without_mirrors,https://pypistats.org/api/packages/dascore/overall?mirrors=false,2026-08-28T12:58:35+00:00
dascore,dascore,2026-07-12,27,without_mirrors,https://pypistats.org/api/packages/dascore/overall?mirrors=false,2026-08-28T12:58:35+00:00
dascore,dascore,2026-07-13,35,without_mirrors,https://pypistats.org/api/packages/dascore/overall?mirrors=false,2026-08-28T12:58:35+00:00
dascore,dascore,2026-07-14,64,without_mirrors,https://pypistats.org/api/packages/dascore/overall?mirrors=false,2026-08-28T12:58:35+00:00
dascore,dascore,2026-07-15,31,without_mirrors,https://pypistats.org/api/packages/dascore/overall?mirrors=false,2026-08-28T12:58:35+00:00
dascore,dascore,2026-07-16,52,without_mirrors,https://pypistats.org/api/packages/dascore/overall?mirrors=false,2026-08-28T12:58:35+00:00
dascore,dascore,2026-07-17,32,without_mirrors,https://pypistats.org/api/packages/dascore/overall?mirrors=false,2026-08-28T12:58:35+00:00
dascore,dascore,2026-07-18,50,without_mirrors,https://pypistats.org/api/packages/dascore/overall?mirrors=false,2026-08-28T12:58:35+00:00
dascore,dascore,2026-07-19,19,without_mirrors,https://pypistats.org/api/packages/dascore/overall?mirrors=false,2026-08-28T12:58:35+00:00
dascore,dascore,2026-07-20,95,without_mirrors,https://pypistats.org/api/packages/dascore/overall?mirrors=false,2026-08-28T12:58:35+00:00
dascore,dascore,2026-07-21,148,without_mirrors,https://pypistats.org/api/packages/dascore/overall?mirrors=false,2026-08-28T12:58:35+00:00
dascore,dascore,2026-07-22,83,without_mirrors,https://pypistats.org/api/packages/dascore/overall?mirrors=false,2026-08-28T12:58:35+00:00
dascore,dascore,2026-07-23,176,without_mirrors,https://pypistats.org/api/packages/dascore/overall?mirrors=false,2026-08-28T12:58:35+00:00
dascore,dascore,2026-07-24,119,without_mirrors,https://pypistats.org/api/packages/dascore/overall?mirrors=false,2026-08-28T12:58:35+00:00
dascore,dascore,2026-07-25,125,without_mirrors,https://pypistats.org/api/packages/dascore/overall?mirrors=false,2026-08-28T12:58:35+00:00
dascore,dascore,2026-07-26,54,without_mirrors,https://pypistats.org/api/packages/dascore/overall?mirrors=false,2026-08-28T12:58:35+00:00
dascore,dascore,2026-07-27,62,without_mirrors,https://pypistats.org/api/packages/dascore/overall?mirrors=false,2026-08-28T12:58:35+00:00
dascore,dascore,2026-07-28,50,without_mirrors,https://pypistats.org/api/packages/dascore/overall?mirrors=false,2026-08-28T12:58:35+00:00
dascore,dascore,2026-07-29,85,without_mirrors,https://pypistats.org/api/packages/dascore/overall?mirrors=false,2026-08-28T12:58:35+00:00
dascore,dascore,2026-07-30,114,without_mirrors,https://pypistats.org/api/packages/dascore/overall?mirrors=false,2026-08-28T12:58:35+00:00
dascore,dascore,2026-07-31,167,without_mirrors,https://pypistats.org/api/packages/dascore/overall?mirrors=false,2026-08-28T12:58:35+00:00
dascore,dascore,2026-08-01,1713,without_mirrors,https://pypistats.org/api/packages/dascore/overall?mirrors=false,2026-08-28T12:58:35+00:00
dascore,dascore,2026-08-02,2150,without_mirrors,https://pypistats.org/api/packages/dascore/overall?mirrors=false,2026-08-28T12:58:35+00:00
dascore,dascore,2026-08-03,491,without_mirrors,https://pypistats.org/api/packages/dascore/overall?mirrors=false,2026-08-28T12:58:35+00:00
dascore,dascore,2026-08-04,268,without_mirrors,https://pypistats.org/api/packages/dascore/overall?mirrors=false,2026-08-28T12:58:35+00:00
dascore,dascore,2026-08-05,65,without_mirrors,https://pypistats.org/api/packages/dascore/overall?mirrors=false,2026-08-28T12:58:35+00:00
dascore,dascore,2026-08-06,61,without_mirrors,https://pypistats.org/api/packages/dascore/overall?mirrors=false,2026-08-28T12:58:35+00:00
dascore,dascore,2026-08-07,153,without_mirrors,https://pypistats.org/api/packages/dascore/overall?mirrors=false,2026-08-28T12:58:35+00:00
dascore,dascore,2026-08-08,69,without_mirrors,https://pypistats.org/api/packages/dascore/overall?mirrors=false,2026-08-28T12:58:35+00:00
dascore,dascore,2026-08-09,117,without_mirrors,https://pypistats.org/api/packages/dascore/overall?mirrors=false,2026-08-28T12:58:35+00:00
dascore,dascore,2026-08-10,46,without_mirrors,https://pypistats.org/api/packages/dascore/overall?mirrors=false,2026-08-28T12:58:35+00:00
dascore,dascore,2026-08-11,73,without_mirrors,https://pypistats.org/api/packages/dascore/overall?mirrors=false,2026-08-28T12:58:35+00:00
dascore,dascore,2026-08-12,80,without_mirrors,https://pypistats.org/api/packages/dascore/overall?mirrors=false,2026-08-28T12:58:35+00:00
dascore,dascore,2026-08-13,269,without_mirrors,https://pypistats.org/api/packages/dascore/overall?mirrors=false,2026-08-28T12:58:35+00:00
dascore,dascore,2026-08-14,221,without_mirrors,https://pypistats.org/api/packages/dascore/overall?mirrors=false,2026-08-28T12:58:35+00:00
dascore,dascore,2026-08-15,67,without_mirrors,https://pypistats.org/api/packages/dascore/overall?mirrors=false,2026-08-28T12:58:35+00:00
dascore,dascore,2026-08-16,29,without_mirrors,https://pypistats.org/api/packages/dascore/overall?mirrors=false,2026-08-28T12:58:35+00:00
dascore,dascore,2026-08-17,87,without_mirrors,https://pypistats.org/api/packages/dascore/overall?mirrors=false,2026-08-28T12:58:35+00:00
dascore,dascore,2026-08-18,84,without_mirrors,https://pypistats.org/api/packages/dascore/overall?mirrors=false,2026-08-28T12:58:35+00:00
dascore,dascore,2026-08-19,70,without_mirrors,https://pypistats.org/api/packages/dascore/overall?mirrors=false,2026-08-28T12:58:35+00:00
dascore,dascore,2026-08-20,66,without_mirrors,https://pypistats.org/api/packages/dascore/overall?mirrors=false,2026-08-28T12:58:35+00:00
dascore,dascore,2026-08-21,117,without_mirrors,https://pypistats.org/api/packages/dascore/overall?mirrors=false,2026-08-28T12:58:35+00:00
dascore,dascore,2026-08-22,20,without_mirrors,https://pypistats.org/api/packages/dascore/overall?mirrors=false,2026-08-28T12:58:35+00:00
dascore,dascore,2026-08-23,21,without_mirrors,https://pypistats.org/api/packages/dascore/overall?mirrors=false,2026-08-28T12:58:35+00:00
dascore,dascore,2026-08-24,77,without_mirrors,https://pypistats.org/api/packages/dascore/overall?mirrors=false,2026-08-28T12:58:35+00:00
dascore,dascore,2026-08-25,44,without_mirrors,https://pypistats.org/api/packages/dascore/overall?mirrors=false,2026-08-28T12:58:35+00:00
dascore,dascore,2026-08-26,93,without_mirrors,https://pypistats.org/api/packages/dascore/overall?mirrors=false,2026-08-28T12:58:35+00:00
dascore,dascore,2026-08-27,222,without_mirrors,https://pypistats.org/api/packages/dascore/overall?mirrors=false,2026-08-28T12:58:35+00:00
dasexplorer,dasexplorer,2026-06-29,105,without_mirrors,https://pypistats.org/api/packages/dasexplorer/overall?mirrors=false,2026-08-28T12:59:09+00:00
dasexplorer,dasexplorer,2026-06-30,108,without_mirrors,https://pypistats.org/api/packages/dasexplorer/overall?mirrors=false,2026-08-28T12:59:09+00:00
dasexplorer,dasexplorer,2026-07-01,5,without_mirrors,https://pypistats.org/api/packages/dasexplorer/overall?mirrors=false,2026-08-28T12:59:09+00:00
dasexplorer,dasexplorer,2026-07-02,14,without_mirrors,https://pypistats.org/api/packages/dasexplorer/overall?mirrors=false,2026-08-28T12:59:09+00:00
dasexplorer,dasexplorer,2026-07-03,137,without_mirrors,https://pypistats.org/api/packages/dasexplorer/overall?mirrors=false,2026-08-28T12:59:09+00:00
dasexplorer,dasexplorer,2026-07-04,11,without_mirrors,https://pypistats.org/api/packages/dasexplorer/overall?mirrors=false,2026-08-28T12:59:09+00:00
dasexplorer,dasexplorer,2026-07-05,9,without_mirrors,https://pypistats.org/api/packages/dasexplorer/overall?mirrors=false,2026-08-28T12:59:09+00:00
dasexplorer,dasexplorer,2026-07-06,6,without_mirrors,https://pypistats.org/api/packages/dasexplorer/overall?mirrors=false,2026-08-28T12:59:09+00:00
dasexplorer,dasexplorer,2026-07-07,10,without_mirrors,https://pypistats.org/api/packages/dasexplorer/overall?mirrors=false,2026-08-28T12:59:09+00:00
dasexplorer,dasexplorer,2026-07-08,6,without_mirrors,https://pypistats.org/api/packages/dasexplorer/overall?mirrors=false,2026-08-28T12:59:09+00:00
dasexplorer,dasexplorer,2026-07-09,6,without_mirrors,https://pypistats.org/api/packages/dasexplorer/overall?mirrors=false,2026-08-28T12:59:09+00:00
dasexplorer,dasexplorer,2026-07-10,104,without_mirrors,https://pypistats.org/api/packages/dasexplorer/overall?mirrors=false,2026-08-28T12:59:09+00:00
dasexplorer,dasexplorer,2026-07-11,6,without_mirrors,https://pypistats.org/api/packages/dasexplorer/overall?mirrors=false,2026-08-28T12:59:09+00:00
dasexplorer,dasexplorer,2026-07-13,5,without_mirrors,https://pypistats.org/api/packages/dasexplorer/overall?mirrors=false,2026-08-28T12:59:09+00:00
dasexplorer,dasexplorer,2026-07-14,8,without_mirrors,https://pypistats.org/api/packages/dasexplorer/overall?mirrors=false,2026-08-28T12:59:09+00:00
dasexplorer,dasexplorer,2026-07-15,2,without_mirrors,https://pypistats.org/api/packages/dasexplorer/overall?mirrors=false,2026-08-28T12:59:09+00:00
dasexplorer,dasexplorer,2026-07-16,4,without_mirrors,https://pypistats.org/api/packages/dasexplorer/overall?mirrors=false,2026-08-28T12:59:09+00:00
dasexplorer,dasexplorer,2026-07-17,8,without_mirrors,https://pypistats.org/api/packages/dasexplorer/overall?mirrors=false,2026-08-28T12:59:09+00:00
dasexplorer,dasexplorer,2026-07-18,3,without_mirrors,https://pypistats.org/api/packages/dasexplorer/overall?mirrors=false,2026-08-28T12:59:09+00:00
dasexplorer,dasexplorer,2026-07-21,9,without_mirrors,https://pypistats.org/api/packages/dasexplorer/overall?mirrors=false,2026-08-28T12:59:09+00:00
dasexplorer,dasexplorer,2026-07-22,1,without_mirrors,https://pypistats.org/api/packages/dasexplorer/overall?mirrors=false,2026-08-28T12:59:09+00:00
dasexplorer,dasexplorer,2026-07-23,5,without_mirrors,https://pypistats.org/api/packages/dasexplorer/overall?mirrors=false,2026-08-28T12:59:09+00:00
dasexplorer,dasexplorer,2026-07-24,3,without_mirrors,https://pypistats.org/api/packages/dasexplorer/overall?mirrors=false,2026-08-28T12:59:09+00:00
dasexplorer,dasexplorer,2026-07-27,2,without_mirrors,https://pypistats.org/api/packages/dasexplorer/overall?mirrors=false,2026-08-28T12:59:09+00:00
dasexplorer,dasexplorer,2026-07-29,9,without_mirrors,https://pypistats.org/api/packages/dasexplorer/overall?mirrors=false,2026-08-28T12:59:09+00:00
dasexplorer,dasexplorer,2026-08-02,1,without_mirrors,https://pypistats.org/api/packages/dasexplorer/overall?mirrors=false,2026-08-28T12:59:09+00:00
dasexplorer,dasexplorer,2026-08-05,4,without_mirrors,https://pypistats.org/api/packages/dasexplorer/overall?mirrors=false,2026-08-28T12:59:09+00:00
dasexplorer,dasexplorer,2026-08-06,4,without_mirrors,https://pypistats.org/api/packages/dasexplorer/overall?mirrors=false,2026-08-28T12:59:09+00:00
dasexplorer,dasexplorer,2026-08-14,2,without_mirrors,https://pypistats.org/api/packages/dasexplorer/overall?mirrors=false,2026-08-28T12:59:09+00:00
dasexplorer,dasexplorer,2026-08-22,8,without_mirrors,https://pypistats.org/api/packages/dasexplorer/overall?mirrors=false,2026-08-28T12:59:09+00:00
dasexplorer,dasexplorer,2026-08-23,3,without_mirrors,https://pypistats.org/api/packages/dasexplorer/overall?mirrors=false,2026-08-28T12:59:09+00:00
dasexplorer,dasexplorer,2026-08-27,9,without_mirrors,https://pypistats.org/api/packages/dasexplorer/overall?mirrors=false,2026-08-28T12:59:09+00:00
daspack,daspack-dev,2026-02-28,5,without_mirrors,https://pypistats.org/api/packages/daspack-dev/overall?mirrors=false,2026-08-28T12:59:22+00:00
daspack,daspack-dev,2026-03-01,1,without_mirrors,https://pypistats.org/api/packages/daspack-dev/overall?mirrors=false,2026-08-28T12:59:22+00:00
daspack,daspack-dev,2026-03-02,5,without_mirrors,https://pypistats.org/api/packages/daspack-dev/overall?mirrors=false,2026-08-28T12:59:22+00:00
daspack,daspack-dev,2026-03-04,1,without_mirrors,https://pypistats.org/api/packages/daspack-dev/overall?mirrors=false,2026-08-28T12:59:22+00:00
daspack,daspack-dev,2026-03-05,4,without_mirrors,https://pypistats.org/api/packages/daspack-dev/overall?mirrors=false,2026-08-28T12:59:22+00:00
daspack,daspack-dev,2026-03-06,3,without_mirrors,https://pypistats.org/api/packages/daspack-dev/overall?mirrors=false,2026-08-28T12:59:22+00:00
daspack,daspack-dev,2026-03-09,2,without_mirrors,https://pypistats.org/api/packages/daspack-dev/overall?mirrors=false,2026-08-28T12:59:22+00:00
daspack,daspack-dev,2026-03-10,4,without_mirrors,https://pypistats.org/api/packages/daspack-dev/overall?mirrors=false,2026-08-28T12:59:22+00:00
daspack,daspack-dev,2026-03-11,4,without_mirrors,https://pypistats.org/api/packages/daspack-dev/overall?mirrors=false,2026-08-28T12:59:22+00:00
daspack,daspack-dev,2026-03-12,2,without_mirrors,https://pypistats.org/api/packages/daspack-dev/overall?mirrors=false,2026-08-28T12:59:22+00:00
daspack,daspack-dev,2026-03-13,4,without_mirrors,https://pypistats.org/api/packages/daspack-dev/overall?mirrors=false,2026-08-28T12:59:22+00:00
daspack,daspack-dev,2026-03-14,1,without_mirrors,https://pypistats.org/api/packages/daspack-dev/overall?mirrors=false,2026-08-28T12:59:22+00:00
daspack,daspack-dev,2026-03-16,1,without_mirrors,https://pypistats.org/api/packages/daspack-dev/overall?mirrors=false,2026-08-28T12:59:22+00:00
daspack,daspack-dev,2026-03-17,2,without_mirrors,https://pypistats.org/api/packages/daspack-dev/overall?mirrors=false,2026-08-28T12:59:22+00:00
daspack,daspack-dev,2026-03-20,2,without_mirrors,https://pypistats.org/api/packages/daspack-dev/overall?mirrors=false,2026-08-28T12:59:22+00:00
daspack,daspack-dev,2026-03-22,1,without_mirrors,https://pypistats.org/api/packages/daspack-dev/overall?mirrors=false,2026-08-28T12:59:22+00:00
daspack,daspack-dev,2026-03-24,4,without_mirrors,https://pypistats.org/api/packages/daspack-dev/overall?mirrors=false,2026-08-28T12:59:22+00:00
daspack,daspack-dev,2026-03-26,1,without_mirrors,https://pypistats.org/api/packages/daspack-dev/overall?mirrors=false,2026-08-28T12:59:22+00:00
daspack,daspack-dev,2026-04-01,2,without_mirrors,https://pypistats.org/api/packages/daspack-dev/overall?mirrors=false,2026-08-28T12:59:22+00:00
daspack,daspack-dev,2026-04-03,1,without_mirrors,https://pypistats.org/api/packages/daspack-dev/overall?mirrors=false,2026-08-28T12:59:22+00:00
daspack,daspack-dev,2026-04-09,1,without_mirrors,https://pypistats.org/api/packages/daspack-dev/overall?mirrors=false,2026-08-28T12:59:22+00:00
daspack,daspack-dev,2026-04-10,1,without_mirrors,https://pypistats.org/api/packages/daspack-dev/overall?mirrors=false,2026-08-28T12:59:22+00:00
daspack,daspack-dev,2026-04-11,1,without_mirrors,https://pypistats.org/api/packages/daspack-dev/overall?mirrors=false,2026-08-28T12:59:22+00:00
daspack,daspack-dev,2026-04-12,1,without_mirrors,https://pypistats.org/api/packages/daspack-dev/overall?mirrors=false,2026-08-28T12:59:22+00:00
daspack,daspack-dev,2026-04-14,1,without_mirrors,https://pypistats.org/api/packages/daspack-dev/overall?mirrors=false,2026-08-28T12:59:22+00:00
daspack,daspack-dev,2026-04-15,3,without_mirrors,https://pypistats.org/api/packages/daspack-dev/overall?mirrors=false,2026-08-28T12:59:22+00:00
daspack,daspack-dev,2026-04-16,5,without_mirrors,https://pypistats.org/api/packages/daspack-dev/overall?mirrors=false,2026-08-28T12:59:22+00:00
daspack,daspack-dev,2026-04-17,3,without_mirrors,https://pypistats.org/api/packages/daspack-dev/overall?mirrors=false,2026-08-28T12:59:22+00:00
daspack,daspack-dev,2026-04-20,1,without_mirrors,https://pypistats.org/api/packages/daspack-dev/overall?mirrors=false,2026-08-28T12:59:22+00:00
daspack,daspack-dev,2026-04-21,1,without_mirrors,https://pypistats.org/api/packages/daspack-dev/overall?mirrors=false,2026-08-28T12:59:22+00:00
daspack,daspack-dev,2026-04-22,6,without_mirrors,https://pypistats.org/api/packages/daspack-dev/overall?mirrors=false,2026-08-28T12:59:22+00:00
daspack,daspack-dev,2026-04-24,1,without_mirrors,https://pypistats.org/api/packages/daspack-dev/overall?mirrors=false,2026-08-28T12:59:22+00:00
daspack,daspack-dev,2026-04-27,1,without_mirrors,https://pypistats.org/api/packages/daspack-dev/overall?mirrors=false,2026-08-28T12:59:22+00:00
daspack,daspack-dev,2026-05-01,1,without_mirrors,https://pypistats.org/api/packages/daspack-dev/overall?mirrors=false,2026-08-28T12:59:22+00:00
daspack,daspack-dev,2026-05-04,2,without_mirrors,https://pypistats.org/api/packages/daspack-dev/overall?mirrors=false,2026-08-28T12:59:22+00:00
daspack,daspack-dev,2026-05-05,4,without_mirrors,https://pypistats.org/api/packages/daspack-dev/overall?mirrors=false,2026-08-28T12:59:22+00:00
daspack,daspack-dev,2026-05-06,6,without_mirrors,https://pypistats.org/api/packages/daspack-dev/overall?mirrors=false,2026-08-28T12:59:22+00:00
daspack,daspack-dev,2026-05-08,2,without_mirrors,https://pypistats.org/api/packages/daspack-dev/overall?mirrors=false,2026-08-28T12:59:22+00:00
daspack,daspack-dev,2026-05-10,4,without_mirrors,https://pypistats.org/api/packages/daspack-dev/overall?mirrors=false,2026-08-28T12:59:22+00:00
daspack,daspack-dev,2026-05-11,1,without_mirrors,https://pypistats.org/api/packages/daspack-dev/overall?mirrors=false,2026-08-28T12:59:22+00:00
daspack,daspack-dev,2026-05-12,1,without_mirrors,https://pypistats.org/api/packages/daspack-dev/overall?mirrors=false,2026-08-28T12:59:22+00:00
daspack,daspack-dev,2026-05-13,4,without_mirrors,https://pypistats.org/api/packages/daspack-dev/overall?mirrors=false,2026-08-28T12:59:22+00:00
daspack,daspack-dev,2026-05-16,3,without_mirrors,https://pypistats.org/api/packages/daspack-dev/overall?mirrors=false,2026-08-28T12:59:22+00:00
daspack,daspack-dev,2026-05-17,2,without_mirrors,https://pypistats.org/api/packages/daspack-dev/overall?mirrors=false,2026-08-28T12:59:22+00:00
daspack,daspack-dev,2026-05-18,2,without_mirrors,https://pypistats.org/api/packages/daspack-dev/overall?mirrors=false,2026-08-28T12:59:22+00:00
daspack,daspack-dev,2026-05-19,1,without_mirrors,https://pypistats.org/api/packages/daspack-dev/overall?mirrors=false,2026-08-28T12:59:22+00:00
daspack,daspack-dev,2026-05-22,1,without_mirrors,https://pypistats.org/api/packages/daspack-dev/overall?mirrors=false,2026-08-28T12:59:22+00:00
daspack,daspack-dev,2026-05-25,1,without_mirrors,https://pypistats.org/api/packages/daspack-dev/overall?mirrors=false,2026-08-28T12:59:22+00:00
daspack,daspack-dev,2026-05-26,2,without_mirrors,https://pypistats.org/api/packages/daspack-dev/overall?mirrors=false,2026-08-28T12:59:22+00:00
daspack,daspack-dev,2026-05-27,3,without_mirrors,https://pypistats.org/api/packages/daspack-dev/overall?mirrors=false,2026-08-28T12:59:22+00:00
daspack,daspack-dev,2026-05-28,3,without_mirrors,https://pypistats.org/api/packages/daspack-dev/overall?mirrors=false,2026-08-28T12:59:22+00:00
daspack,daspack-dev,2026-05-29,1,without_mirrors,https://pypistats.org/api/packages/daspack-dev/overall?mirrors=false,2026-08-28T12:59:22+00:00
daspack,daspack-dev,2026-06-01,1,without_mirrors,https://pypistats.org/api/packages/daspack-dev/overall?mirrors=false,2026-08-28T12:59:22+00:00
daspack,daspack-dev,2026-06-04,3,without_mirrors,https://pypistats.org/api/packages/daspack-dev/overall?mirrors=false,2026-08-28T12:59:22+00:00
daspack,daspack-dev,2026-06-05,11,without_mirrors,https://pypistats.org/api/packages/daspack-dev/overall?mirrors=false,2026-08-28T12:59:22+00:00
daspack,daspack-dev,2026-06-06,14,without_mirrors,https://pypistats.org/api/packages/daspack-dev/overall?mirrors=false,2026-08-28T12:59:22+00:00
daspack,daspack-dev,2026-06-08,1,without_mirrors,https://pypistats.org/api/packages/daspack-dev/overall?mirrors=false,2026-08-28T12:59:22+00:00
daspack,daspack-dev,2026-06-09,6,without_mirrors,https://pypistats.org/api/packages/daspack-dev/overall?mirrors=false,2026-08-28T12:59:22+00:00
daspack,daspack-dev,2026-06-10,4,without_mirrors,https://pypistats.org/api/packages/daspack-dev/overall?mirrors=false,2026-08-28T12:59:22+00:00
daspack,daspack-dev,2026-06-11,1,without_mirrors,https://pypistats.org/api/packages/daspack-dev/overall?mirrors=false,2026-08-28T12:59:22+00:00
daspack,daspack-dev,2026-06-12,1,without_mirrors,https://pypistats.org/api/packages/daspack-dev/overall?mirrors=false,2026-08-28T12:59:22+00:00
daspack,daspack-dev,2026-06-14,1,without_mirrors,https://pypistats.org/api/packages/daspack-dev/overall?mirrors=false,2026-08-28T12:59:22+00:00
daspack,daspack-dev,2026-06-15,1,without_mirrors,https://pypistats.org/api/packages/daspack-dev/overall?mirrors=false,2026-08-28T12:59:22+00:00
daspack,daspack-dev,2026-06-16,1,without_mirrors,https://pypistats.org/api/packages/daspack-dev/overall?mirrors=false,2026-08-28T12:59:22+00:00
daspack,daspack-dev,2026-06-17,2,without_mirrors,https://pypistats.org/api/packages/daspack-dev/overall?mirrors=false,2026-08-28T12:59:22+00:00
daspack,daspack-dev,2026-06-18,1,without_mirrors,https://pypistats.org/api/packages/daspack-dev/overall?mirrors=false,2026-08-28T12:59:22+00:00
daspack,daspack-dev,2026-06-19,1,without_mirrors,https://pypistats.org/api/packages/daspack-dev/overall?mirrors=false,2026-08-28T12:59:22+00:00
daspack,daspack-dev,2026-06-21,3,without_mirrors,https://pypistats.org/api/packages/daspack-dev/overall?mirrors=false,2026-08-28T12:59:22+00:00
daspack,daspack-dev,2026-06-23,5,without_mirrors,https://pypistats.org/api/packages/daspack-dev/overall?mirrors=false,2026-08-28T12:59:22+00:00
daspack,daspack-dev,2026-06-29,2,without_mirrors,https://pypistats.org/api/packages/daspack-dev/overall?mirrors=false,2026-08-28T12:59:22+00:00
daspack,daspack-dev,2026-06-30,3,without_mirrors,https://pypistats.org/api/packages/daspack-dev/overall?mirrors=false,2026-08-28T12:59:22+00:00
daspack,daspack-dev,2026-07-02,1,without_mirrors,https://pypistats.org/api/packages/daspack-dev/overall?mirrors=false,2026-08-28T12:59:22+00:00
daspack,daspack-dev,2026-07-04,1,without_mirrors,https://pypistats.org/api/packages/daspack-dev/overall?mirrors=false,2026-08-28T12:59:22+00:00
daspack,daspack-dev,2026-07-07,2,without_mirrors,https://pypistats.org/api/packages/daspack-dev/overall?mirrors=false,2026-08-28T12:59:22+00:00
daspack,daspack-dev,2026-07-08,1,without_mirrors,https://pypistats.org/api/packages/daspack-dev/overall?mirrors=false,2026-08-28T12:59:22+00:00
daspack,daspack-dev,2026-07-10,1,without_mirrors,https://pypistats.org/api/packages/daspack-dev/overall?mirrors=false,2026-08-28T12:59:22+00:00
daspack,daspack-dev,2026-07-11,1,without_mirrors,https://pypistats.org/api/packages/daspack-dev/overall?mirrors=false,2026-08-28T12:59:22+00:00
daspack,daspack-dev,2026-07-12,1,without_mirrors,https://pypistats.org/api/packages/daspack-dev/overall?mirrors=false,2026-08-28T12:59:22+00:00
daspack,daspack-dev,2026-07-14,2,without_mirrors,https://pypistats.org/api/packages/daspack-dev/overall?mirrors=false,2026-08-28T12:59:22+00:00
daspack,daspack-dev,2026-07-15,4,without_mirrors,https://pypistats.org/api/packages/daspack-dev/overall?mirrors=false,2026-08-28T12:59:22+00:00
daspack,daspack-dev,2026-07-16,2,without_mirrors,https://pypistats.org/api/packages/daspack-dev/overall?mirrors=false,2026-08-28T12:59:22+00:00
daspack,daspack-dev,2026-07-17,1,without_mirrors,https://pypistats.org/api/packages/daspack-dev/overall?mirrors=false,2026-08-28T12:59:22+00:00
daspack,daspack-dev,2026-07-19,2,without_mirrors,https://pypistats.org/api/packages/daspack-dev/overall?mirrors=false,2026-08-28T12:59:22+00:00
daspack,daspack-dev,2026-07-21,1,without_mirrors,https://pypistats.org/api/packages/daspack-dev/overall?mirrors=false,2026-08-28T12:59:22+00:00
daspack,daspack-dev,2026-07-23,3,without_mirrors,https://pypistats.org/api/packages/daspack-dev/overall?mirrors=false,2026-08-28T12:59:22+00:00
daspack,daspack-dev,2026-07-24,2,without_mirrors,https://pypistats.org/api/packages/daspack-dev/overall?mirrors=false,2026-08-28T12:59:22+00:00
daspack,daspack-dev,2026-07-27,10,without_mirrors,https://pypistats.org/api/packages/daspack-dev/overall?mirrors=false,2026-08-28T12:59:22+00:00
daspack,daspack-dev,2026-07-28,26,without_mirrors,https://pypistats.org/api/packages/daspack-dev/overall?mirrors=false,2026-08-28T12:59:22+00:00
daspack,daspack-dev,2026-07-29,2,without_mirrors,https://pypistats.org/api/packages/daspack-dev/overall?mirrors=false,2026-08-28T12:59:22+00:00
daspack,daspack-dev,2026-07-31,8,without_mirrors,https://pypistats.org/api/packages/daspack-dev/overall?mirrors=false,2026-08-28T12:59:22+00:00
daspack,daspack-dev,2026-08-02,1,without_mirrors,https://pypistats.org/api/packages/daspack-dev/overall?mirrors=false,2026-08-28T12:59:22+00:00
daspack,daspack-dev,2026-08-05,2,without_mirrors,https://pypistats.org/api/packages/daspack-dev/overall?mirrors=false,2026-08-28T12:59:22+00:00
daspack,daspack-dev,2026-08-08,1,without_mirrors,https://pypistats.org/api/packages/daspack-dev/overall?mirrors=false,2026-08-28T12:59:22+00:00
daspack,daspack-dev,2026-08-09,2,without_mirrors,https://pypistats.org/api/packages/daspack-dev/overall?mirrors=false,2026-08-28T12:59:22+00:00
daspack,daspack-dev,2026-08-10,7,without_mirrors,https://pypistats.org/api/packages/daspack-dev/overall?mirrors=false,2026-08-28T12:59:22+00:00
daspack,daspack-dev,2026-08-11,1,without_mirrors,https://pypistats.org/api/packages/daspack-dev/overall?mirrors=false,2026-08-28T12:59:22+00:00
daspack,daspack-dev,2026-08-12,2,without_mirrors,https://pypistats.org/api/packages/daspack-dev/overall?mirrors=false,2026-08-28T12:59:22+00:00
daspack,daspack-dev,2026-08-13,8,without_mirrors,https://pypistats.org/api/packages/daspack-dev/overall?mirrors=false,2026-08-28T12:59:22+00:00
daspack,daspack-dev,2026-08-14,24,without_mirrors,https://pypistats.org/api/packages/daspack-dev/overall?mirrors=false,2026-08-28T12:59:22+00:00
daspack,daspack-dev,2026-08-17,2,without_mirrors,https://pypistats.org/api/packages/daspack-dev/overall?mirrors=false,2026-08-28T12:59:22+00:00
daspack,daspack-dev,2026-08-18,2,without_mirrors,https://pypistats.org/api/packages/daspack-dev/overall?mirrors=false,2026-08-28T12:59:22+00:00
daspack,daspack-dev,2026-08-19,1,without_mirrors,https://pypistats.org/api/packages/daspack-dev/overall?mirrors=false,2026-08-28T12:59:22+00:00
daspack,daspack-dev,2026-08-20,1,without_mirrors,https://pypistats.org/api/packages/daspack-dev/overall?mirrors=false,2026-08-28T12:59:22+00:00
daspack,daspack-dev,2026-08-21,4,without_mirrors,https://pypistats.org/api/packages/daspack-dev/overall?mirrors=false,2026-08-28T12:59:22+00:00
daspack,daspack-dev,2026-08-23,1,without_mirrors,https://pypistats.org/api/packages/daspack-dev/overall?mirrors=false,2026-08-28T12:59:22+00:00
daspack,daspack-dev,2026-08-24,2,without_mirrors,https://pypistats.org/api/packages/daspack-dev/overall?mirrors=false,2026-08-28T12:59:22+00:00
daspack,daspack-dev,2026-08-25,2,without_mirrors,https://pypistats.org/api/packages/daspack-dev/overall?mirrors=false,2026-08-28T12:59:22+00:00
daspack,daspack-dev,2026-08-26,2,without_mirrors,https://pypistats.org/api/packages/daspack-dev/overall?mirrors=false,2026-08-28T12:59:22+00:00
daspack,daspack-dev,2026-08-27,6,without_mirrors,https://pypistats.org/api/packages/daspack-dev/overall?mirrors=false,2026-08-28T12:59:22+00:00
daspy,daspy-toolbox,2026-02-28,13,without_mirrors,https://pypistats.org/api/packages/daspy-toolbox/overall?mirrors=false,2026-08-28T12:59:34+00:00
daspy,daspy-toolbox,2026-03-01,6,without_mirrors,https://pypistats.org/api/packages/daspy-toolbox/overall?mirrors=false,2026-08-28T12:59:34+00:00
daspy,daspy-toolbox,2026-03-02,10,without_mirrors,https://pypistats.org/api/packages/daspy-toolbox/overall?mirrors=false,2026-08-28T12:59:34+00:00
daspy,daspy-toolbox,2026-03-03,13,without_mirrors,https://pypistats.org/api/packages/daspy-toolbox/overall?mirrors=false,2026-08-28T12:59:34+00:00
daspy,daspy-toolbox,2026-03-04,10,without_mirrors,https://pypistats.org/api/packages/daspy-toolbox/overall?mirrors=false,2026-08-28T12:59:34+00:00
daspy,daspy-toolbox,2026-03-05,5,without_mirrors,https://pypistats.org/api/packages/daspy-toolbox/overall?mirrors=false,2026-08-28T12:59:34+00:00
daspy,daspy-toolbox,2026-03-06,13,without_mirrors,https://pypistats.org/api/packages/daspy-toolbox/overall?mirrors=false,2026-08-28T12:59:34+00:00
daspy,daspy-toolbox,2026-03-07,4,without_mirrors,https://pypistats.org/api/packages/daspy-toolbox/overall?mirrors=false,2026-08-28T12:59:34+00:00
daspy,daspy-toolbox,2026-03-08,2,without_mirrors,https://pypistats.org/api/packages/daspy-toolbox/overall?mirrors=false,2026-08-28T12:59:34+00:00
daspy,daspy-toolbox,2026-03-09,40,without_mirrors,https://pypistats.org/api/packages/daspy-toolbox/overall?mirrors=false,2026-08-28T12:59:34+00:00
daspy,daspy-toolbox,2026-03-10,35,without_mirrors,https://pypistats.org/api/packages/daspy-toolbox/overall?mirrors=false,2026-08-28T12:59:34+00:00
daspy,daspy-toolbox,2026-03-11,18,without_mirrors,https://pypistats.org/api/packages/daspy-toolbox/overall?mirrors=false,2026-08-28T12:59:34+00:00
daspy,daspy-toolbox,2026-03-12,14,without_mirrors,https://pypistats.org/api/packages/daspy-toolbox/overall?mirrors=false,2026-08-28T12:59:34+00:00
daspy,daspy-toolbox,2026-03-13,12,without_mirrors,https://pypistats.org/api/packages/daspy-toolbox/overall?mirrors=false,2026-08-28T12:59:34+00:00
daspy,daspy-toolbox,2026-03-14,2,without_mirrors,https://pypistats.org/api/packages/daspy-toolbox/overall?mirrors=false,2026-08-28T12:59:34+00:00
daspy,daspy-toolbox,2026-03-16,6,without_mirrors,https://pypistats.org/api/packages/daspy-toolbox/overall?mirrors=false,2026-08-28T12:59:34+00:00
daspy,daspy-toolbox,2026-03-17,4,without_mirrors,https://pypistats.org/api/packages/daspy-toolbox/overall?mirrors=false,2026-08-28T12:59:34+00:00
daspy,daspy-toolbox,2026-03-18,11,without_mirrors,https://pypistats.org/api/packages/daspy-toolbox/overall?mirrors=false,2026-08-28T12:59:34+00:00
daspy,daspy-toolbox,2026-03-19,7,without_mirrors,https://pypistats.org/api/packages/daspy-toolbox/overall?mirrors=false,2026-08-28T12:59:34+00:00
daspy,daspy-toolbox,2026-03-20,31,without_mirrors,https://pypistats.org/api/packages/daspy-toolbox/overall?mirrors=false,2026-08-28T12:59:34+00:00
daspy,daspy-toolbox,2026-03-22,1,without_mirrors,https://pypistats.org/api/packages/daspy-toolbox/overall?mirrors=false,2026-08-28T12:59:34+00:00
daspy,daspy-toolbox,2026-03-23,12,without_mirrors,https://pypistats.org/api/packages/daspy-toolbox/overall?mirrors=false,2026-08-28T12:59:34+00:00
daspy,daspy-toolbox,2026-03-24,12,without_mirrors,https://pypistats.org/api/packages/daspy-toolbox/overall?mirrors=false,2026-08-28T12:59:34+00:00
daspy,daspy-toolbox,2026-03-25,6,without_mirrors,https://pypistats.org/api/packages/daspy-toolbox/overall?mirrors=false,2026-08-28T12:59:34+00:00
daspy,daspy-toolbox,2026-03-26,13,without_mirrors,https://pypistats.org/api/packages/daspy-toolbox/overall?mirrors=false,2026-08-28T12:59:34+00:00
daspy,daspy-toolbox,2026-03-27,12,without_mirrors,https://pypistats.org/api/packages/daspy-toolbox/overall?mirrors=false,2026-08-28T12:59:34+00:00
daspy,daspy-toolbox,2026-03-28,3,without_mirrors,https://pypistats.org/api/packages/daspy-toolbox/overall?mirrors=false,2026-08-28T12:59:34+00:00
daspy,daspy-toolbox,2026-03-29,2,without_mirrors,https://pypistats.org/api/packages/daspy-toolbox/overall?mirrors=false,2026-08-28T12:59:34+00:00
daspy,daspy-toolbox,2026-03-30,27,without_mirrors,https://pypistats.org/api/packages/daspy-toolbox/overall?mirrors=false,2026-08-28T12:59:34+00:00
daspy,daspy-toolbox,2026-03-31,7,without_mirrors,https://pypistats.org/api/packages/daspy-toolbox/overall?mirrors=false,2026-08-28T12:59:34+00:00
daspy,daspy-toolbox,2026-04-01,18,without_mirrors,https://pypistats.org/api/packages/daspy-toolbox/overall?mirrors=false,2026-08-28T12:59:34+00:00
daspy,daspy-toolbox,2026-04-03,25,without_mirrors,https://pypistats.org/api/packages/daspy-toolbox/overall?mirrors=false,2026-08-28T12:59:34+00:00
daspy,daspy-toolbox,2026-04-04,4,without_mirrors,https://pypistats.org/api/packages/daspy-toolbox/overall?mirrors=false,2026-08-28T12:59:34+00:00
daspy,daspy-toolbox,2026-04-05,4,without_mirrors,https://pypistats.org/api/packages/daspy-toolbox/overall?mirrors=false,2026-08-28T12:59:34+00:00
daspy,daspy-toolbox,2026-04-06,8,without_mirrors,https://pypistats.org/api/packages/daspy-toolbox/overall?mirrors=false,2026-08-28T12:59:34+00:00
daspy,daspy-toolbox,2026-04-07,21,without_mirrors,https://pypistats.org/api/packages/daspy-toolbox/overall?mirrors=false,2026-08-28T12:59:34+00:00
daspy,daspy-toolbox,2026-04-08,12,without_mirrors,https://pypistats.org/api/packages/daspy-toolbox/overall?mirrors=false,2026-08-28T12:59:34+00:00
daspy,daspy-toolbox,2026-04-09,12,without_mirrors,https://pypistats.org/api/packages/daspy-toolbox/overall?mirrors=false,2026-08-28T12:59:34+00:00
daspy,daspy-toolbox,2026-04-10,18,without_mirrors,https://pypistats.org/api/packages/daspy-toolbox/overall?mirrors=false,2026-08-28T12:59:34+00:00
daspy,daspy-toolbox,2026-04-11,1,without_mirrors,https://pypistats.org/api/packages/daspy-toolbox/overall?mirrors=false,2026-08-28T12:59:34+00:00
daspy,daspy-toolbox,2026-04-12,2,without_mirrors,https://pypistats.org/api/packages/daspy-toolbox/overall?mirrors=false,2026-08-28T12:59:34+00:00
daspy,daspy-toolbox,2026-04-13,10,without_mirrors,https://pypistats.org/api/packages/daspy-toolbox/overall?mirrors=false,2026-08-28T12:59:34+00:00
daspy,daspy-toolbox,2026-04-14,14,without_mirrors,https://pypistats.org/api/packages/daspy-toolbox/overall?mirrors=false,2026-08-28T12:59:34+00:00
daspy,daspy-toolbox,2026-04-15,5,without_mirrors,https://pypistats.org/api/packages/daspy-toolbox/overall?mirrors=false,2026-08-28T12:59:34+00:00
daspy,daspy-toolbox,2026-04-16,4,without_mirrors,https://pypistats.org/api/packages/daspy-toolbox/overall?mirrors=false,2026-08-28T12:59:34+00:00
daspy,daspy-toolbox,2026-04-19,2,without_mirrors,https://pypistats.org/api/packages/daspy-toolbox/overall?mirrors=false,2026-08-28T12:59:34+00:00
daspy,daspy-toolbox,2026-04-20,24,without_mirrors,https://pypistats.org/api/packages/daspy-toolbox/overall?mirrors=false,2026-08-28T12:59:34+00:00
daspy,daspy-toolbox,2026-04-21,22,without_mirrors,https://pypistats.org/api/packages/daspy-toolbox/overall?mirrors=false,2026-08-28T12:59:34+00:00
daspy,daspy-toolbox,2026-04-22,23,without_mirrors,https://pypistats.org/api/packages/daspy-toolbox/overall?mirrors=false,2026-08-28T12:59:34+00:00
daspy,daspy-toolbox,2026-04-23,5,without_mirrors,https://pypistats.org/api/packages/daspy-toolbox/overall?mirrors=false,2026-08-28T12:59:34+00:00
daspy,daspy-toolbox,2026-04-24,10,without_mirrors,https://pypistats.org/api/packages/daspy-toolbox/overall?mirrors=false,2026-08-28T12:59:34+00:00
daspy,daspy-toolbox,2026-04-26,5,without_mirrors,https://pypistats.org/api/packages/daspy-toolbox/overall?mirrors=false,2026-08-28T12:59:34+00:00
daspy,daspy-toolbox,2026-04-28,4,without_mirrors,https://pypistats.org/api/packages/daspy-toolbox/overall?mirrors=false,2026-08-28T12:59:34+00:00
daspy,daspy-toolbox,2026-04-29,2,without_mirrors,https://pypistats.org/api/packages/daspy-toolbox/overall?mirrors=false,2026-08-28T12:59:34+00:00
daspy,daspy-toolbox,2026-04-30,11,without_mirrors,https://pypistats.org/api/packages/daspy-toolbox/overall?mirrors=false,2026-08-28T12:59:34+00:00
daspy,daspy-toolbox,2026-05-01,2,without_mirrors,https://pypistats.org/api/packages/daspy-toolbox/overall?mirrors=false,2026-08-28T12:59:34+00:00
daspy,daspy-toolbox,2026-05-03,6,without_mirrors,https://pypistats.org/api/packages/daspy-toolbox/overall?mirrors=false,2026-08-28T12:59:34+00:00
daspy,daspy-toolbox,2026-05-04,1,without_mirrors,https://pypistats.org/api/packages/daspy-toolbox/overall?mirrors=false,2026-08-28T12:59:34+00:00
daspy,daspy-toolbox,2026-05-05,10,without_mirrors,https://pypistats.org/api/packages/daspy-toolbox/overall?mirrors=false,2026-08-28T12:59:34+00:00
daspy,daspy-toolbox,2026-05-06,15,without_mirrors,https://pypistats.org/api/packages/daspy-toolbox/overall?mirrors=false,2026-08-28T12:59:34+00:00
daspy,daspy-toolbox,2026-05-07,125,without_mirrors,https://pypistats.org/api/packages/daspy-toolbox/overall?mirrors=false,2026-08-28T12:59:34+00:00
daspy,daspy-toolbox,2026-05-08,73,without_mirrors,https://pypistats.org/api/packages/daspy-toolbox/overall?mirrors=false,2026-08-28T12:59:34+00:00
daspy,daspy-toolbox,2026-05-09,4,without_mirrors,https://pypistats.org/api/packages/daspy-toolbox/overall?mirrors=false,2026-08-28T12:59:34+00:00
daspy,daspy-toolbox,2026-05-10,4,without_mirrors,https://pypistats.org/api/packages/daspy-toolbox/overall?mirrors=false,2026-08-28T12:59:34+00:00
daspy,daspy-toolbox,2026-05-11,10,without_mirrors,https://pypistats.org/api/packages/daspy-toolbox/overall?mirrors=false,2026-08-28T12:59:34+00:00
daspy,daspy-toolbox,2026-05-12,101,without_mirrors,https://pypistats.org/api/packages/daspy-toolbox/overall?mirrors=false,2026-08-28T12:59:34+00:00
daspy,daspy-toolbox,2026-05-13,32,without_mirrors,https://pypistats.org/api/packages/daspy-toolbox/overall?mirrors=false,2026-08-28T12:59:34+00:00
daspy,daspy-toolbox,2026-05-14,13,without_mirrors,https://pypistats.org/api/packages/daspy-toolbox/overall?mirrors=false,2026-08-28T12:59:34+00:00
daspy,daspy-toolbox,2026-05-15,10,without_mirrors,https://pypistats.org/api/packages/daspy-toolbox/overall?mirrors=false,2026-08-28T12:59:34+00:00
daspy,daspy-toolbox,2026-05-16,49,without_mirrors,https://pypistats.org/api/packages/daspy-toolbox/overall?mirrors=false,2026-08-28T12:59:34+00:00
daspy,daspy-toolbox,2026-05-17,13,without_mirrors,https://pypistats.org/api/packages/daspy-toolbox/overall?mirrors=false,2026-08-28T12:59:34+00:00
daspy,daspy-toolbox,2026-05-18,17,without_mirrors,https://pypistats.org/api/packages/daspy-toolbox/overall?mirrors=false,2026-08-28T12:59:34+00:00
daspy,daspy-toolbox,2026-05-19,14,without_mirrors,https://pypistats.org/api/packages/daspy-toolbox/overall?mirrors=false,2026-08-28T12:59:34+00:00
daspy,daspy-toolbox,2026-05-20,11,without_mirrors,https://pypistats.org/api/packages/daspy-toolbox/overall?mirrors=false,2026-08-28T12:59:34+00:00
daspy,daspy-toolbox,2026-05-21,26,without_mirrors,https://pypistats.org/api/packages/daspy-toolbox/overall?mirrors=false,2026-08-28T12:59:34+00:00
daspy,daspy-toolbox,2026-05-22,7,without_mirrors,https://pypistats.org/api/packages/daspy-toolbox/overall?mirrors=false,2026-08-28T12:59:34+00:00
daspy,daspy-toolbox,2026-05-23,2,without_mirrors,https://pypistats.org/api/packages/daspy-toolbox/overall?mirrors=false,2026-08-28T12:59:34+00:00
daspy,daspy-toolbox,2026-05-24,9,without_mirrors,https://pypistats.org/api/packages/daspy-toolbox/overall?mirrors=false,2026-08-28T12:59:34+00:00
daspy,daspy-toolbox,2026-05-25,17,without_mirrors,https://pypistats.org/api/packages/daspy-toolbox/overall?mirrors=false,2026-08-28T12:59:34+00:00
daspy,daspy-toolbox,2026-05-26,9,without_mirrors,https://pypistats.org/api/packages/daspy-toolbox/overall?mirrors=false,2026-08-28T12:59:34+00:00
daspy,daspy-toolbox,2026-05-27,48,without_mirrors,https://pypistats.org/api/packages/daspy-toolbox/overall?mirrors=false,2026-08-28T12:59:34+00:00
daspy,daspy-toolbox,2026-05-28,17,without_mirrors,https://pypistats.org/api/packages/daspy-toolbox/overall?mirrors=false,2026-08-28T12:59:34+00:00
daspy,daspy-toolbox,2026-05-29,6,without_mirrors,https://pypistats.org/api/packages/daspy-toolbox/overall?mirrors=false,2026-08-28T12:59:34+00:00
daspy,daspy-toolbox,2026-05-30,21,without_mirrors,https://pypistats.org/api/packages/daspy-toolbox/overall?mirrors=false,2026-08-28T12:59:34+00:00
daspy,daspy-toolbox,2026-06-01,3,without_mirrors,https://pypistats.org/api/packages/daspy-toolbox/overall?mirrors=false,2026-08-28T12:59:34+00:00
daspy,daspy-toolbox,2026-06-02,8,without_mirrors,https://pypistats.org/api/packages/daspy-toolbox/overall?mirrors=false,2026-08-28T12:59:34+00:00
daspy,daspy-toolbox,2026-06-03,8,without_mirrors,https://pypistats.org/api/packages/daspy-toolbox/overall?mirrors=false,2026-08-28T12:59:34+00:00
daspy,daspy-toolbox,2026-06-04,2,without_mirrors,https://pypistats.org/api/packages/daspy-toolbox/overall?mirrors=false,2026-08-28T12:59:34+00:00
daspy,daspy-toolbox,2026-06-05,16,without_mirrors,https://pypistats.org/api/packages/daspy-toolbox/overall?mirrors=false,2026-08-28T12:59:34+00:00
daspy,daspy-toolbox,2026-06-06,36,without_mirrors,https://pypistats.org/api/packages/daspy-toolbox/overall?mirrors=false,2026-08-28T12:59:34+00:00
daspy,daspy-toolbox,2026-06-07,3,without_mirrors,https://pypistats.org/api/packages/daspy-toolbox/overall?mirrors=false,2026-08-28T12:59:34+00:00
daspy,daspy-toolbox,2026-06-08,16,without_mirrors,https://pypistats.org/api/packages/daspy-toolbox/overall?mirrors=false,2026-08-28T12:59:34+00:00
daspy,daspy-toolbox,2026-06-09,4,without_mirrors,https://pypistats.org/api/packages/daspy-toolbox/overall?mirrors=false,2026-08-28T12:59:34+00:00
daspy,daspy-toolbox,2026-06-10,20,without_mirrors,https://pypistats.org/api/packages/daspy-toolbox/overall?mirrors=false,2026-08-28T12:59:34+00:00
daspy,daspy-toolbox,2026-06-11,15,without_mirrors,https://pypistats.org/api/packages/daspy-toolbox/overall?mirrors=false,2026-08-28T12:59:34+00:00
daspy,daspy-toolbox,2026-06-12,8,without_mirrors,https://pypistats.org/api/packages/daspy-toolbox/overall?mirrors=false,2026-08-28T12:59:34+00:00
daspy,daspy-toolbox,2026-06-13,1,without_mirrors,https://pypistats.org/api/packages/daspy-toolbox/overall?mirrors=false,2026-08-28T12:59:34+00:00
daspy,daspy-toolbox,2026-06-14,8,without_mirrors,https://pypistats.org/api/packages/daspy-toolbox/overall?mirrors=false,2026-08-28T12:59:34+00:00
daspy,daspy-toolbox,2026-06-15,5,without_mirrors,https://pypistats.org/api/packages/daspy-toolbox/overall?mirrors=false,2026-08-28T12:59:34+00:00
daspy,daspy-toolbox,2026-06-16,16,without_mirrors,https://pypistats.org/api/packages/daspy-toolbox/overall?mirrors=false,2026-08-28T12:59:34+00:00
daspy,daspy-toolbox,2026-06-17,6,without_mirrors,https://pypistats.org/api/packages/daspy-toolbox/overall?mirrors=false,2026-08-28T12:59:34+00:00
daspy,daspy-toolbox,2026-06-18,14,without_mirrors,https://pypistats.org/api/packages/daspy-toolbox/overall?mirrors=false,2026-08-28T12:59:34+00:00
daspy,daspy-toolbox,2026-06-19,34,without_mirrors,https://pypistats.org/api/packages/daspy-toolbox/overall?mirrors=false,2026-08-28T12:59:34+00:00
daspy,daspy-toolbox,2026-06-20,2,without_mirrors,https://pypistats.org/api/packages/daspy-toolbox/overall?mirrors=false,2026-08-28T12:59:34+00:00
daspy,daspy-toolbox,2026-06-21,6,without_mirrors,https://pypistats.org/api/packages/daspy-toolbox/overall?mirrors=false,2026-08-28T12:59:34+00:00
daspy,daspy-toolbox,2026-06-22,12,without_mirrors,https://pypistats.org/api/packages/daspy-toolbox/overall?mirrors=false,2026-08-28T12:59:34+00:00
daspy,daspy-toolbox,2026-06-23,11,without_mirrors,https://pypistats.org/api/packages/daspy-toolbox/overall?mirrors=false,2026-08-28T12:59:34+00:00
daspy,daspy-toolbox,2026-06-24,11,without_mirrors,https://pypistats.org/api/packages/daspy-toolbox/overall?mirrors=false,2026-08-28T12:59:34+00:00
daspy,daspy-toolbox,2026-06-25,8,without_mirrors,https://pypistats.org/api/packages/daspy-toolbox/overall?mirrors=false,2026-08-28T12:59:34+00:00
daspy,daspy-toolbox,2026-06-26,156,without_mirrors,https://pypistats.org/api/packages/daspy-toolbox/overall?mirrors=false,2026-08-28T12:59:34+00:00
daspy,daspy-toolbox,2026-06-27,8,without_mirrors,https://pypistats.org/api/packages/daspy-toolbox/overall?mirrors=false,2026-08-28T12:59:34+00:00
daspy,daspy-toolbox,2026-06-28,6,without_mirrors,https://pypistats.org/api/packages/daspy-toolbox/overall?mirrors=false,2026-08-28T12:59:34+00:00
daspy,daspy-toolbox,2026-06-29,10,without_mirrors,https://pypistats.org/api/packages/daspy-toolbox/overall?mirrors=false,2026-08-28T12:59:34+00:00
daspy,daspy-toolbox,2026-06-30,7,without_mirrors,https://pypistats.org/api/packages/daspy-toolbox/overall?mirrors=false,2026-08-28T12:59:34+00:00
daspy,daspy-toolbox,2026-07-01,10,without_mirrors,https://pypistats.org/api/packages/daspy-toolbox/overall?mirrors=false,2026-08-28T12:59:34+00:00
daspy,daspy-toolbox,2026-07-02,11,without_mirrors,https://pypistats.org/api/packages/daspy-toolbox/overall?mirrors=false,2026-08-28T12:59:34+00:00
daspy,daspy-toolbox,2026-07-03,32,without_mirrors,https://pypistats.org/api/packages/daspy-toolbox/overall?mirrors=false,2026-08-28T12:59:34+00:00
daspy,daspy-toolbox,2026-07-04,5,without_mirrors,https://pypistats.org/api/packages/daspy-toolbox/overall?mirrors=false,2026-08-28T12:59:34+00:00
daspy,daspy-toolbox,2026-07-05,13,without_mirrors,https://pypistats.org/api/packages/daspy-toolbox/overall?mirrors=false,2026-08-28T12:59:34+00:00
daspy,daspy-toolbox,2026-07-06,8,without_mirrors,https://pypistats.org/api/packages/daspy-toolbox/overall?mirrors=false,2026-08-28T12:59:34+00:00
daspy,daspy-toolbox,2026-07-07,32,without_mirrors,https://pypistats.org/api/packages/daspy-toolbox/overall?mirrors=false,2026-08-28T12:59:34+00:00
daspy,daspy-toolbox,2026-07-08,6,without_mirrors,https://pypistats.org/api/packages/daspy-toolbox/overall?mirrors=false,2026-08-28T12:59:34+00:00
daspy,daspy-toolbox,2026-07-09,7,without_mirrors,https://pypistats.org/api/packages/daspy-toolbox/overall?mirrors=false,2026-08-28T12:59:34+00:00
daspy,daspy-toolbox,2026-07-10,27,without_mirrors,https://pypistats.org/api/packages/daspy-toolbox/overall?mirrors=false,2026-08-28T12:59:34+00:00
daspy,daspy-toolbox,2026-07-11,4,without_mirrors,https://pypistats.org/api/packages/daspy-toolbox/overall?mirrors=false,2026-08-28T12:59:34+00:00
daspy,daspy-toolbox,2026-07-12,3,without_mirrors,https://pypistats.org/api/packages/daspy-toolbox/overall?mirrors=false,2026-08-28T12:59:34+00:00
daspy,daspy-toolbox,2026-07-13,18,without_mirrors,https://pypistats.org/api/packages/daspy-toolbox/overall?mirrors=false,2026-08-28T12:59:34+00:00
daspy,daspy-toolbox,2026-07-14,12,without_mirrors,https://pypistats.org/api/packages/daspy-toolbox/overall?mirrors=false,2026-08-28T12:59:34+00:00
daspy,daspy-toolbox,2026-07-15,11,without_mirrors,https://pypistats.org/api/packages/daspy-toolbox/overall?mirrors=false,2026-08-28T12:59:34+00:00
daspy,daspy-toolbox,2026-07-16,8,without_mirrors,https://pypistats.org/api/packages/daspy-toolbox/overall?mirrors=false,2026-08-28T12:59:34+00:00
daspy,daspy-toolbox,2026-07-17,6,without_mirrors,https://pypistats.org/api/packages/daspy-toolbox/overall?mirrors=false,2026-08-28T12:59:34+00:00
daspy,daspy-toolbox,2026-07-18,4,without_mirrors,https://pypistats.org/api/packages/daspy-toolbox/overall?mirrors=false,2026-08-28T12:59:34+00:00
daspy,daspy-toolbox,2026-07-19,6,without_mirrors,https://pypistats.org/api/packages/daspy-toolbox/overall?mirrors=false,2026-08-28T12:59:34+00:00
daspy,daspy-toolbox,2026-07-20,22,without_mirrors,https://pypistats.org/api/packages/daspy-toolbox/overall?mirrors=false,2026-08-28T12:59:34+00:00
daspy,daspy-toolbox,2026-07-21,41,without_mirrors,https://pypistats.org/api/packages/daspy-toolbox/overall?mirrors=false,2026-08-28T12:59:34+00:00
daspy,daspy-toolbox,2026-07-22,32,without_mirrors,https://pypistats.org/api/packages/daspy-toolbox/overall?mirrors=false,2026-08-28T12:59:34+00:00
daspy,daspy-toolbox,2026-07-23,26,without_mirrors,https://pypistats.org/api/packages/daspy-toolbox/overall?mirrors=false,2026-08-28T12:59:34+00:00
daspy,daspy-toolbox,2026-07-24,24,without_mirrors,https://pypistats.org/api/packages/daspy-toolbox/overall?mirrors=false,2026-08-28T12:59:34+00:00
daspy,daspy-toolbox,2026-07-25,7,without_mirrors,https://pypistats.org/api/packages/daspy-toolbox/overall?mirrors=false,2026-08-28T12:59:34+00:00
daspy,daspy-toolbox,2026-07-26,2,without_mirrors,https://pypistats.org/api/packages/daspy-toolbox/overall?mirrors=false,2026-08-28T12:59:34+00:00
daspy,daspy-toolbox,2026-07-27,28,without_mirrors,https://pypistats.org/api/packages/daspy-toolbox/overall?mirrors=false,2026-08-28T12:59:34+00:00
daspy,daspy-toolbox,2026-07-28,14,without_mirrors,https://pypistats.org/api/packages/daspy-toolbox/overall?mirrors=false,2026-08-28T12:59:34+00:00
daspy,daspy-toolbox,2026-07-29,49,without_mirrors,https://pypistats.org/api/packages/daspy-toolbox/overall?mirrors=false,2026-08-28T12:59:34+00:00
daspy,daspy-toolbox,2026-07-30,19,without_mirrors,https://pypistats.org/api/packages/daspy-toolbox/overall?mirrors=false,2026-08-28T12:59:34+00:00
daspy,daspy-toolbox,2026-07-31,9,without_mirrors,https://pypistats.org/api/packages/daspy-toolbox/overall?mirrors=false,2026-08-28T12:59:34+00:00
daspy,daspy-toolbox,2026-08-02,5,without_mirrors,https://pypistats.org/api/packages/daspy-toolbox/overall?mirrors=false,2026-08-28T12:59:34+00:00
daspy,daspy-toolbox,2026-08-03,18,without_mirrors,https://pypistats.org/api/packages/daspy-toolbox/overall?mirrors=false,2026-08-28T12:59:34+00:00
daspy,daspy-toolbox,2026-08-04,2,without_mirrors,https://pypistats.org/api/packages/daspy-toolbox/overall?mirrors=false,2026-08-28T12:59:34+00:00
daspy,daspy-toolbox,2026-08-05,5,without_mirrors,https://pypistats.org/api/packages/daspy-toolbox/overall?mirrors=false,2026-08-28T12:59:34+00:00
daspy,daspy-toolbox,2026-08-06,45,without_mirrors,https://pypistats.org/api/packages/daspy-toolbox/overall?mirrors=false,2026-08-28T12:59:34+00:00
daspy,daspy-toolbox,2026-08-07,14,without_mirrors,https://pypistats.org/api/packages/daspy-toolbox/overall?mirrors=false,2026-08-28T12:59:34+00:00
daspy,daspy-toolbox,2026-08-09,6,without_mirrors,https://pypistats.org/api/packages/daspy-toolbox/overall?mirrors=false,2026-08-28T12:59:34+00:00
daspy,daspy-toolbox,2026-08-10,21,without_mirrors,https://pypistats.org/api/packages/daspy-toolbox/overall?mirrors=false,2026-08-28T12:59:34+00:00
daspy,daspy-toolbox,2026-08-11,21,without_mirrors,https://pypistats.org/api/packages/daspy-toolbox/overall?mirrors=false,2026-08-28T12:59:34+00:00
daspy,daspy-toolbox,2026-08-12,16,without_mirrors,https://pypistats.org/api/packages/daspy-toolbox/overall?mirrors=false,2026-08-28T12:59:34+00:00
daspy,daspy-toolbox,2026-08-13,6,without_mirrors,https://pypistats.org/api/packages/daspy-toolbox/overall?mirrors=false,2026-08-28T12:59:34+00:00
daspy,daspy-toolbox,2026-08-14,8,without_mirrors,https://pypistats.org/api/packages/daspy-toolbox/overall?mirrors=false,2026-08-28T12:59:34+00:00
daspy,daspy-toolbox,2026-08-15,2,without_mirrors,https://pypistats.org/api/packages/daspy-toolbox/overall?mirrors=false,2026-08-28T12:59:34+00:00
daspy,daspy-toolbox,2026-08-16,6,without_mirrors,https://pypistats.org/api/packages/daspy-toolbox/overall?mirrors=false,2026-08-28T12:59:34+00:00
daspy,daspy-toolbox,2026-08-17,12,without_mirrors,https://pypistats.org/api/packages/daspy-toolbox/overall?mirrors=false,2026-08-28T12:59:34+00:00
daspy,daspy-toolbox,2026-08-18,2,without_mirrors,https://pypistats.org/api/packages/daspy-toolbox/overall?mirrors=false,2026-08-28T12:59:34+00:00
daspy,daspy-toolbox,2026-08-19,9,without_mirrors,https://pypistats.org/api/packages/daspy-toolbox/overall?mirrors=false,2026-08-28T12:59:34+00:00
daspy,daspy-toolbox,2026-08-20,12,without_mirrors,https://pypistats.org/api/packages/daspy-toolbox/overall?mirrors=false,2026-08-28T12:59:34+00:00
daspy,daspy-toolbox,2026-08-21,4,without_mirrors,https://pypistats.org/api/packages/daspy-toolbox/overall?mirrors=false,2026-08-28T12:59:34+00:00
daspy,daspy-toolbox,2026-08-23,5,without_mirrors,https://pypistats.org/api/packages/daspy-toolbox/overall?mirrors=false,2026-08-28T12:59:34+00:00
daspy,daspy-toolbox,2026-08-24,15,without_mirrors,https://pypistats.org/api/packages/daspy-toolbox/overall?mirrors=false,2026-08-28T12:59:34+00:00
daspy,daspy-toolbox,2026-08-25,2,without_mirrors,https://pypistats.org/api/packages/daspy-toolbox/overall?mirrors=false,2026-08-28T12:59:34+00:00
daspy,daspy-toolbox,2026-08-26,22,without_mirrors,https://pypistats.org/api/packages/daspy-toolbox/overall?mirrors=false,2026-08-28T12:59:34+00:00
daspy,daspy-toolbox,2026-08-27,5,without_mirrors,https://pypistats.org/api/packages/daspy-toolbox/overall?mirrors=false,2026-08-28T12:59:34+00:00
dastools,dastools,2026-02-28,22,without_mirrors,https://pypistats.org/api/packages/dastools/overall?mirrors=false,2026-08-28T12:59:49+00:00
dastools,dastools,2026-03-01,8,without_mirrors,https://pypistats.org/api/packages/dastools/overall?mirrors=false,2026-08-28T12:59:49+00:00
dastools,dastools,2026-03-02,2,without_mirrors,https://pypistats.org/api/packages/dastools/overall?mirrors=false,2026-08-28T12:59:49+00:00
dastools,dastools,2026-03-03,12,without_mirrors,https://pypistats.org/api/packages/dastools/overall?mirrors=false,2026-08-28T12:59:49+00:00
dastools,dastools,2026-03-04,7,without_mirrors,https://pypistats.org/api/packages/dastools/overall?mirrors=false,2026-08-28T12:59:49+00:00
dastools,dastools,2026-03-05,6,without_mirrors,https://pypistats.org/api/packages/dastools/overall?mirrors=false,2026-08-28T12:59:49+00:00
dastools,dastools,2026-03-07,1,without_mirrors,https://pypistats.org/api/packages/dastools/overall?mirrors=false,2026-08-28T12:59:49+00:00
dastools,dastools,2026-03-08,20,without_mirrors,https://pypistats.org/api/packages/dastools/overall?mirrors=false,2026-08-28T12:59:49+00:00
dastools,dastools,2026-03-09,1,without_mirrors,https://pypistats.org/api/packages/dastools/overall?mirrors=false,2026-08-28T12:59:49+00:00
dastools,dastools,2026-03-11,2,without_mirrors,https://pypistats.org/api/packages/dastools/overall?mirrors=false,2026-08-28T12:59:49+00:00
dastools,dastools,2026-03-13,1,without_mirrors,https://pypistats.org/api/packages/dastools/overall?mirrors=false,2026-08-28T12:59:49+00:00
dastools,dastools,2026-03-19,2,without_mirrors,https://pypistats.org/api/packages/dastools/overall?mirrors=false,2026-08-28T12:59:49+00:00
dastools,dastools,2026-03-23,2,without_mirrors,https://pypistats.org/api/packages/dastools/overall?mirrors=false,2026-08-28T12:59:49+00:00
dastools,dastools,2026-03-25,2,without_mirrors,https://pypistats.org/api/packages/dastools/overall?mirrors=false,2026-08-28T12:59:49+00:00
dastools,dastools,2026-03-27,8,without_mirrors,https://pypistats.org/api/packages/dastools/overall?mirrors=false,2026-08-28T12:59:49+00:00
dastools,dastools,2026-03-28,9,without_mirrors,https://pypistats.org/api/packages/dastools/overall?mirrors=false,2026-08-28T12:59:49+00:00
dastools,dastools,2026-03-29,1,without_mirrors,https://pypistats.org/api/packages/dastools/overall?mirrors=false,2026-08-28T12:59:49+00:00
dastools,dastools,2026-03-31,3,without_mirrors,https://pypistats.org/api/packages/dastools/overall?mirrors=false,2026-08-28T12:59:49+00:00
dastools,dastools,2026-04-01,2,without_mirrors,https://pypistats.org/api/packages/dastools/overall?mirrors=false,2026-08-28T12:59:49+00:00
dastools,dastools,2026-04-03,1,without_mirrors,https://pypistats.org/api/packages/dastools/overall?mirrors=false,2026-08-28T12:59:49+00:00
dastools,dastools,2026-04-09,2,without_mirrors,https://pypistats.org/api/packages/dastools/overall?mirrors=false,2026-08-28T12:59:49+00:00
dastools,dastools,2026-04-10,1,without_mirrors,https://pypistats.org/api/packages/dastools/overall?mirrors=false,2026-08-28T12:59:49+00:00
dastools,dastools,2026-04-11,1,without_mirrors,https://pypistats.org/api/packages/dastools/overall?mirrors=false,2026-08-28T12:59:49+00:00
dastools,dastools,2026-04-12,19,without_mirrors,https://pypistats.org/api/packages/dastools/overall?mirrors=false,2026-08-28T12:59:49+00:00
dastools,dastools,2026-04-14,1,without_mirrors,https://pypistats.org/api/packages/dastools/overall?mirrors=false,2026-08-28T12:59:49+00:00
dastools,dastools,2026-04-17,4,without_mirrors,https://pypistats.org/api/packages/dastools/overall?mirrors=false,2026-08-28T12:59:49+00:00
dastools,dastools,2026-04-20,22,without_mirrors,https://pypistats.org/api/packages/dastools/overall?mirrors=false,2026-08-28T12:59:49+00:00
dastools,dastools,2026-04-22,1,without_mirrors,https://pypistats.org/api/packages/dastools/overall?mirrors=false,2026-08-28T12:59:49+00:00
dastools,dastools,2026-04-23,11,without_mirrors,https://pypistats.org/api/packages/dastools/overall?mirrors=false,2026-08-28T12:59:49+00:00
dastools,dastools,2026-04-27,1,without_mirrors,https://pypistats.org/api/packages/dastools/overall?mirrors=false,2026-08-28T12:59:49+00:00
dastools,dastools,2026-04-29,4,without_mirrors,https://pypistats.org/api/packages/dastools/overall?mirrors=false,2026-08-28T12:59:49+00:00
dastools,dastools,2026-04-30,3,without_mirrors,https://pypistats.org/api/packages/dastools/overall?mirrors=false,2026-08-28T12:59:49+00:00
dastools,dastools,2026-05-04,2,without_mirrors,https://pypistats.org/api/packages/dastools/overall?mirrors=false,2026-08-28T12:59:49+00:00
dastools,dastools,2026-05-05,6,without_mirrors,https://pypistats.org/api/packages/dastools/overall?mirrors=false,2026-08-28T12:59:49+00:00
dastools,dastools,2026-05-06,8,without_mirrors,https://pypistats.org/api/packages/dastools/overall?mirrors=false,2026-08-28T12:59:49+00:00
dastools,dastools,2026-05-07,10,without_mirrors,https://pypistats.org/api/packages/dastools/overall?mirrors=false,2026-08-28T12:59:49+00:00
dastools,dastools,2026-05-08,1,without_mirrors,https://pypistats.org/api/packages/dastools/overall?mirrors=false,2026-08-28T12:59:49+00:00
dastools,dastools,2026-05-13,24,without_mirrors,https://pypistats.org/api/packages/dastools/overall?mirrors=false,2026-08-28T12:59:49+00:00
dastools,dastools,2026-05-14,3,without_mirrors,https://pypistats.org/api/packages/dastools/overall?mirrors=false,2026-08-28T12:59:49+00:00
dastools,dastools,2026-05-15,3,without_mirrors,https://pypistats.org/api/packages/dastools/overall?mirrors=false,2026-08-28T12:59:49+00:00
dastools,dastools,2026-05-16,3,without_mirrors,https://pypistats.org/api/packages/dastools/overall?mirrors=false,2026-08-28T12:59:49+00:00
dastools,dastools,2026-05-18,2,without_mirrors,https://pypistats.org/api/packages/dastools/overall?mirrors=false,2026-08-28T12:59:49+00:00
dastools,dastools,2026-05-22,2,without_mirrors,https://pypistats.org/api/packages/dastools/overall?mirrors=false,2026-08-28T12:59:49+00:00
dastools,dastools,2026-05-24,2,without_mirrors,https://pypistats.org/api/packages/dastools/overall?mirrors=false,2026-08-28T12:59:49+00:00
dastools,dastools,2026-05-25,1,without_mirrors,https://pypistats.org/api/packages/dastools/overall?mirrors=false,2026-08-28T12:59:49+00:00
dastools,dastools,2026-05-27,2,without_mirrors,https://pypistats.org/api/packages/dastools/overall?mirrors=false,2026-08-28T12:59:49+00:00
dastools,dastools,2026-05-29,2,without_mirrors,https://pypistats.org/api/packages/dastools/overall?mirrors=false,2026-08-28T12:59:49+00:00
dastools,dastools,2026-06-01,3,without_mirrors,https://pypistats.org/api/packages/dastools/overall?mirrors=false,2026-08-28T12:59:49+00:00
dastools,dastools,2026-06-04,1,without_mirrors,https://pypistats.org/api/packages/dastools/overall?mirrors=false,2026-08-28T12:59:49+00:00
dastools,dastools,2026-06-05,12,without_mirrors,https://pypistats.org/api/packages/dastools/overall?mirrors=false,2026-08-28T12:59:49+00:00
dastools,dastools,2026-06-06,31,without_mirrors,https://pypistats.org/api/packages/dastools/overall?mirrors=false,2026-08-28T12:59:49+00:00
dastools,dastools,2026-06-07,1,without_mirrors,https://pypistats.org/api/packages/dastools/overall?mirrors=false,2026-08-28T12:59:49+00:00
dastools,dastools,2026-06-08,1,without_mirrors,https://pypistats.org/api/packages/dastools/overall?mirrors=false,2026-08-28T12:59:49+00:00
dastools,dastools,2026-06-10,4,without_mirrors,https://pypistats.org/api/packages/dastools/overall?mirrors=false,2026-08-28T12:59:49+00:00
dastools,dastools,2026-06-11,1,without_mirrors,https://pypistats.org/api/packages/dastools/overall?mirrors=false,2026-08-28T12:59:49+00:00
dastools,dastools,2026-06-13,2,without_mirrors,https://pypistats.org/api/packages/dastools/overall?mirrors=false,2026-08-28T12:59:49+00:00
dastools,dastools,2026-06-14,1,without_mirrors,https://pypistats.org/api/packages/dastools/overall?mirrors=false,2026-08-28T12:59:49+00:00
dastools,dastools,2026-06-16,1,without_mirrors,https://pypistats.org/api/packages/dastools/overall?mirrors=false,2026-08-28T12:59:49+00:00
dastools,dastools,2026-06-17,5,without_mirrors,https://pypistats.org/api/packages/dastools/overall?mirrors=false,2026-08-28T12:59:49+00:00
dastools,dastools,2026-06-18,9,without_mirrors,https://pypistats.org/api/packages/dastools/overall?mirrors=false,2026-08-28T12:59:49+00:00
dastools,dastools,2026-06-19,20,without_mirrors,https://pypistats.org/api/packages/dastools/overall?mirrors=false,2026-08-28T12:59:49+00:00
dastools,dastools,2026-06-20,8,without_mirrors,https://pypistats.org/api/packages/dastools/overall?mirrors=false,2026-08-28T12:59:49+00:00
dastools,dastools,2026-06-21,4,without_mirrors,https://pypistats.org/api/packages/dastools/overall?mirrors=false,2026-08-28T12:59:49+00:00
dastools,dastools,2026-06-23,4,without_mirrors,https://pypistats.org/api/packages/dastools/overall?mirrors=false,2026-08-28T12:59:49+00:00
dastools,dastools,2026-06-24,2,without_mirrors,https://pypistats.org/api/packages/dastools/overall?mirrors=false,2026-08-28T12:59:49+00:00
dastools,dastools,2026-06-26,9,without_mirrors,https://pypistats.org/api/packages/dastools/overall?mirrors=false,2026-08-28T12:59:49+00:00
dastools,dastools,2026-06-28,2,without_mirrors,https://pypistats.org/api/packages/dastools/overall?mirrors=false,2026-08-28T12:59:49+00:00
dastools,dastools,2026-06-29,4,without_mirrors,https://pypistats.org/api/packages/dastools/overall?mirrors=false,2026-08-28T12:59:49+00:00
dastools,dastools,2026-06-30,8,without_mirrors,https://pypistats.org/api/packages/dastools/overall?mirrors=false,2026-08-28T12:59:49+00:00
dastools,dastools,2026-07-02,1,without_mirrors,https://pypistats.org/api/packages/dastools/overall?mirrors=false,2026-08-28T12:59:49+00:00
dastools,dastools,2026-07-03,1,without_mirrors,https://pypistats.org/api/packages/dastools/overall?mirrors=false,2026-08-28T12:59:49+00:00
dastools,dastools,2026-07-04,3,without_mirrors,https://pypistats.org/api/packages/dastools/overall?mirrors=false,2026-08-28T12:59:49+00:00
dastools,dastools,2026-07-05,1,without_mirrors,https://pypistats.org/api/packages/dastools/overall?mirrors=false,2026-08-28T12:59:49+00:00
dastools,dastools,2026-07-06,3,without_mirrors,https://pypistats.org/api/packages/dastools/overall?mirrors=false,2026-08-28T12:59:49+00:00
dastools,dastools,2026-07-07,23,without_mirrors,https://pypistats.org/api/packages/dastools/overall?mirrors=false,2026-08-28T12:59:49+00:00
dastools,dastools,2026-07-08,2,without_mirrors,https://pypistats.org/api/packages/dastools/overall?mirrors=false,2026-08-28T12:59:49+00:00
dastools,dastools,2026-07-10,2,without_mirrors,https://pypistats.org/api/packages/dastools/overall?mirrors=false,2026-08-28T12:59:49+00:00
dastools,dastools,2026-07-11,1,without_mirrors,https://pypistats.org/api/packages/dastools/overall?mirrors=false,2026-08-28T12:59:49+00:00
dastools,dastools,2026-07-13,1,without_mirrors,https://pypistats.org/api/packages/dastools/overall?mirrors=false,2026-08-28T12:59:49+00:00
dastools,dastools,2026-07-14,1,without_mirrors,https://pypistats.org/api/packages/dastools/overall?mirrors=false,2026-08-28T12:59:49+00:00
dastools,dastools,2026-07-15,7,without_mirrors,https://pypistats.org/api/packages/dastools/overall?mirrors=false,2026-08-28T12:59:49+00:00
dastools,dastools,2026-07-17,2,without_mirrors,https://pypistats.org/api/packages/dastools/overall?mirrors=false,2026-08-28T12:59:49+00:00
dastools,dastools,2026-07-19,3,without_mirrors,https://pypistats.org/api/packages/dastools/overall?mirrors=false,2026-08-28T12:59:49+00:00
dastools,dastools,2026-07-20,1,without_mirrors,https://pypistats.org/api/packages/dastools/overall?mirrors=false,2026-08-28T12:59:49+00:00
dastools,dastools,2026-07-21,2,without_mirrors,https://pypistats.org/api/packages/dastools/overall?mirrors=false,2026-08-28T12:59:49+00:00
dastools,dastools,2026-07-23,2,without_mirrors,https://pypistats.org/api/packages/dastools/overall?mirrors=false,2026-08-28T12:59:49+00:00
dastools,dastools,2026-07-24,1,without_mirrors,https://pypistats.org/api/packages/dastools/overall?mirrors=false,2026-08-28T12:59:49+00:00
dastools,dastools,2026-07-26,1,without_mirrors,https://pypistats.org/api/packages/dastools/overall?mirrors=false,2026-08-28T12:59:49+00:00
dastools,dastools,2026-07-29,3,without_mirrors,https://pypistats.org/api/packages/dastools/overall?mirrors=false,2026-08-28T12:59:49+00:00
dastools,dastools,2026-08-02,1,without_mirrors,https://pypistats.org/api/packages/dastools/overall?mirrors=false,2026-08-28T12:59:49+00:00
dastools,dastools,2026-08-05,2,without_mirrors,https://pypistats.org/api/packages/dastools/overall?mirrors=false,2026-08-28T12:59:49+00:00
dastools,dastools,2026-08-08,1,without_mirrors,https://pypistats.org/api/packages/dastools/overall?mirrors=false,2026-08-28T12:59:49+00:00
dastools,dastools,2026-08-09,8,without_mirrors,https://pypistats.org/api/packages/dastools/overall?mirrors=false,2026-08-28T12:59:49+00:00
dastools,dastools,2026-08-11,2,without_mirrors,https://pypistats.org/api/packages/dastools/overall?mirrors=false,2026-08-28T12:59:49+00:00
dastools,dastools,2026-08-14,4,without_mirrors,https://pypistats.org/api/packages/dastools/overall?mirrors=false,2026-08-28T12:59:49+00:00
dastools,dastools,2026-08-19,1,without_mirrors,https://pypistats.org/api/packages/dastools/overall?mirrors=false,2026-08-28T12:59:49+00:00
dastools,dastools,2026-08-20,1,without_mirrors,https://pypistats.org/api/packages/dastools/overall?mirrors=false,2026-08-28T12:59:49+00:00
dastools,dastools,2026-08-21,8,without_mirrors,https://pypistats.org/api/packages/dastools/overall?mirrors=false,2026-08-28T12:59:49+00:00
dastools,dastools,2026-08-23,3,without_mirrors,https://pypistats.org/api/packages/dastools/overall?mirrors=false,2026-08-28T12:59:49+00:00
dastools,dastools,2026-08-24,6,without_mirrors,https://pypistats.org/api/packages/dastools/overall?mirrors=false,2026-08-28T12:59:49+00:00
dastools,dastools,2026-08-25,1,without_mirrors,https://pypistats.org/api/packages/dastools/overall?mirrors=false,2026-08-28T12:59:49+00:00
dastools,dastools,2026-08-26,1,without_mirrors,https://pypistats.org/api/packages/dastools/overall?mirrors=false,2026-08-28T12:59:49+00:00
derzug,derzug,2026-03-21,151,without_mirrors,https://pypistats.org/api/packages/derzug/overall?mirrors=false,2026-08-28T13:00:00+00:00
derzug,derzug,2026-03-22,14,without_mirrors,https://pypistats.org/api/packages/derzug/overall?mirrors=false,2026-08-28T13:00:00+00:00
derzug,derzug,2026-03-23,26,without_mirrors,https://pypistats.org/api/packages/derzug/overall?mirrors=false,2026-08-28T13:00:00+00:00
derzug,derzug,2026-03-24,13,without_mirrors,https://pypistats.org/api/packages/derzug/overall?mirrors=false,2026-08-28T13:00:00+00:00
derzug,derzug,2026-03-25,74,without_mirrors,https://pypistats.org/api/packages/derzug/overall?mirrors=false,2026-08-28T13:00:00+00:00
derzug,derzug,2026-03-26,67,without_mirrors,https://pypistats.org/api/packages/derzug/overall?mirrors=false,2026-08-28T13:00:00+00:00
derzug,derzug,2026-03-27,18,without_mirrors,https://pypistats.org/api/packages/derzug/overall?mirrors=false,2026-08-28T13:00:00+00:00
derzug,derzug,2026-03-28,4,without_mirrors,https://pypistats.org/api/packages/derzug/overall?mirrors=false,2026-08-28T13:00:00+00:00
derzug,derzug,2026-03-29,1,without_mirrors,https://pypistats.org/api/packages/derzug/overall?mirrors=false,2026-08-28T13:00:00+00:00
derzug,derzug,2026-03-30,10,without_mirrors,https://pypistats.org/api/packages/derzug/overall?mirrors=false,2026-08-28T13:00:00+00:00
derzug,derzug,2026-03-31,8,without_mirrors,https://pypistats.org/api/packages/derzug/overall?mirrors=false,2026-08-28T13:00:00+00:00
derzug,derzug,2026-04-01,1,without_mirrors,https://pypistats.org/api/packages/derzug/overall?mirrors=false,2026-08-28T13:00:00+00:00
derzug,derzug,2026-04-02,76,without_mirrors,https://pypistats.org/api/packages/derzug/overall?mirrors=false,2026-08-28T13:00:00+00:00
derzug,derzug,2026-04-03,11,without_mirrors,https://pypistats.org/api/packages/derzug/overall?mirrors=false,2026-08-28T13:00:00+00:00
derzug,derzug,2026-04-04,84,without_mirrors,https://pypistats.org/api/packages/derzug/overall?mirrors=false,2026-08-28T13:00:00+00:00
derzug,derzug,2026-04-05,3,without_mirrors,https://pypistats.org/api/packages/derzug/overall?mirrors=false,2026-08-28T13:00:00+00:00
derzug,derzug,2026-04-06,6,without_mirrors,https://pypistats.org/api/packages/derzug/overall?mirrors=false,2026-08-28T13:00:00+00:00
derzug,derzug,2026-04-07,86,without_mirrors,https://pypistats.org/api/packages/derzug/overall?mirrors=false,2026-08-28T13:00:00+00:00
derzug,derzug,2026-04-08,49,without_mirrors,https://pypistats.org/api/packages/derzug/overall?mirrors=false,2026-08-28T13:00:00+00:00
derzug,derzug,2026-04-09,9,without_mirrors,https://pypistats.org/api/packages/derzug/overall?mirrors=false,2026-08-28T13:00:00+00:00
derzug,derzug,2026-04-10,85,without_mirrors,https://pypistats.org/api/packages/derzug/overall?mirrors=false,2026-08-28T13:00:00+00:00
derzug,derzug,2026-04-11,5,without_mirrors,https://pypistats.org/api/packages/derzug/overall?mirrors=false,2026-08-28T13:00:00+00:00
derzug,derzug,2026-04-12,9,without_mirrors,https://pypistats.org/api/packages/derzug/overall?mirrors=false,2026-08-28T13:00:00+00:00
derzug,derzug,2026-04-14,3,without_mirrors,https://pypistats.org/api/packages/derzug/overall?mirrors=false,2026-08-28T13:00:00+00:00
derzug,derzug,2026-04-15,7,without_mirrors,https://pypistats.org/api/packages/derzug/overall?mirrors=false,2026-08-28T13:00:00+00:00
derzug,derzug,2026-04-16,6,without_mirrors,https://pypistats.org/api/packages/derzug/overall?mirrors=false,2026-08-28T13:00:00+00:00
derzug,derzug,2026-04-19,4,without_mirrors,https://pypistats.org/api/packages/derzug/overall?mirrors=false,2026-08-28T13:00:00+00:00
derzug,derzug,2026-04-20,13,without_mirrors,https://pypistats.org/api/packages/derzug/overall?mirrors=false,2026-08-28T13:00:00+00:00
derzug,derzug,2026-04-23,1,without_mirrors,https://pypistats.org/api/packages/derzug/overall?mirrors=false,2026-08-28T13:00:00+00:00
derzug,derzug,2026-04-24,9,without_mirrors,https://pypistats.org/api/packages/derzug/overall?mirrors=false,2026-08-28T13:00:00+00:00
derzug,derzug,2026-04-25,2,without_mirrors,https://pypistats.org/api/packages/derzug/overall?mirrors=false,2026-08-28T13:00:00+00:00
derzug,derzug,2026-04-26,3,without_mirrors,https://pypistats.org/api/packages/derzug/overall?mirrors=false,2026-08-28T13:00:00+00:00
derzug,derzug,2026-04-27,2,without_mirrors,https://pypistats.org/api/packages/derzug/overall?mirrors=false,2026-08-28T13:00:00+00:00
derzug,derzug,2026-04-28,6,without_mirrors,https://pypistats.org/api/packages/derzug/overall?mirrors=false,2026-08-28T13:00:00+00:00
derzug,derzug,2026-04-29,1,without_mirrors,https://pypistats.org/api/packages/derzug/overall?mirrors=false,2026-08-28T13:00:00+00:00
derzug,derzug,2026-04-30,3,without_mirrors,https://pypistats.org/api/packages/derzug/overall?mirrors=false,2026-08-28T13:00:00+00:00
derzug,derzug,2026-05-04,1,without_mirrors,https://pypistats.org/api/packages/derzug/overall?mirrors=false,2026-08-28T13:00:00+00:00
derzug,derzug,2026-05-05,19,without_mirrors,https://pypistats.org/api/packages/derzug/overall?mirrors=false,2026-08-28T13:00:00+00:00
derzug,derzug,2026-05-06,7,without_mirrors,https://pypistats.org/api/packages/derzug/overall?mirrors=false,2026-08-28T13:00:00+00:00
derzug,derzug,2026-05-07,23,without_mirrors,https://pypistats.org/api/packages/derzug/overall?mirrors=false,2026-08-28T13:00:00+00:00
derzug,derzug,2026-05-08,13,without_mirrors,https://pypistats.org/api/packages/derzug/overall?mirrors=false,2026-08-28T13:00:00+00:00
derzug,derzug,2026-05-12,6,without_mirrors,https://pypistats.org/api/packages/derzug/overall?mirrors=false,2026-08-28T13:00:00+00:00
derzug,derzug,2026-05-13,14,without_mirrors,https://pypistats.org/api/packages/derzug/overall?mirrors=false,2026-08-28T13:00:00+00:00
derzug,derzug,2026-05-15,2,without_mirrors,https://pypistats.org/api/packages/derzug/overall?mirrors=false,2026-08-28T13:00:00+00:00
derzug,derzug,2026-05-16,1,without_mirrors,https://pypistats.org/api/packages/derzug/overall?mirrors=false,2026-08-28T13:00:00+00:00
derzug,derzug,2026-05-17,1,without_mirrors,https://pypistats.org/api/packages/derzug/overall?mirrors=false,2026-08-28T13:00:00+00:00
derzug,derzug,2026-05-18,2,without_mirrors,https://pypistats.org/api/packages/derzug/overall?mirrors=false,2026-08-28T13:00:00+00:00
derzug,derzug,2026-05-22,1,without_mirrors,https://pypistats.org/api/packages/derzug/overall?mirrors=false,2026-08-28T13:00:00+00:00
derzug,derzug,2026-05-24,2,without_mirrors,https://pypistats.org/api/packages/derzug/overall?mirrors=false,2026-08-28T13:00:00+00:00
derzug,derzug,2026-05-25,8,without_mirrors,https://pypistats.org/api/packages/derzug/overall?mirrors=false,2026-08-28T13:00:00+00:00
derzug,derzug,2026-05-31,10,without_mirrors,https://pypistats.org/api/packages/derzug/overall?mirrors=false,2026-08-28T13:00:00+00:00
derzug,derzug,2026-06-01,8,without_mirrors,https://pypistats.org/api/packages/derzug/overall?mirrors=false,2026-08-28T13:00:00+00:00
derzug,derzug,2026-06-02,7,without_mirrors,https://pypistats.org/api/packages/derzug/overall?mirrors=false,2026-08-28T13:00:00+00:00
derzug,derzug,2026-06-04,11,without_mirrors,https://pypistats.org/api/packages/derzug/overall?mirrors=false,2026-08-28T13:00:00+00:00
derzug,derzug,2026-06-05,15,without_mirrors,https://pypistats.org/api/packages/derzug/overall?mirrors=false,2026-08-28T13:00:00+00:00
derzug,derzug,2026-06-06,30,without_mirrors,https://pypistats.org/api/packages/derzug/overall?mirrors=false,2026-08-28T13:00:00+00:00
derzug,derzug,2026-06-07,1,without_mirrors,https://pypistats.org/api/packages/derzug/overall?mirrors=false,2026-08-28T13:00:00+00:00
derzug,derzug,2026-06-08,2,without_mirrors,https://pypistats.org/api/packages/derzug/overall?mirrors=false,2026-08-28T13:00:00+00:00
derzug,derzug,2026-06-09,5,without_mirrors,https://pypistats.org/api/packages/derzug/overall?mirrors=false,2026-08-28T13:00:00+00:00
derzug,derzug,2026-06-10,4,without_mirrors,https://pypistats.org/api/packages/derzug/overall?mirrors=false,2026-08-28T13:00:00+00:00
derzug,derzug,2026-06-11,1,without_mirrors,https://pypistats.org/api/packages/derzug/overall?mirrors=false,2026-08-28T13:00:00+00:00
derzug,derzug,2026-06-12,1,without_mirrors,https://pypistats.org/api/packages/derzug/overall?mirrors=false,2026-08-28T13:00:00+00:00
derzug,derzug,2026-06-14,1,without_mirrors,https://pypistats.org/api/packages/derzug/overall?mirrors=false,2026-08-28T13:00:00+00:00
derzug,derzug,2026-06-15,1,without_mirrors,https://pypistats.org/api/packages/derzug/overall?mirrors=false,2026-08-28T13:00:00+00:00
derzug,derzug,2026-06-16,1,without_mirrors,https://pypistats.org/api/packages/derzug/overall?mirrors=false,2026-08-28T13:00:00+00:00
derzug,derzug,2026-06-17,2,without_mirrors,https://pypistats.org/api/packages/derzug/overall?mirrors=false,2026-08-28T13:00:00+00:00
derzug,derzug,2026-06-18,1,without_mirrors,https://pypistats.org/api/packages/derzug/overall?mirrors=false,2026-08-28T13:00:00+00:00
derzug,derzug,2026-06-21,3,without_mirrors,https://pypistats.org/api/packages/derzug/overall?mirrors=false,2026-08-28T13:00:00+00:00
derzug,derzug,2026-06-22,2,without_mirrors,https://pypistats.org/api/packages/derzug/overall?mirrors=false,2026-08-28T13:00:00+00:00
derzug,derzug,2026-06-23,5,without_mirrors,https://pypistats.org/api/packages/derzug/overall?mirrors=false,2026-08-28T13:00:00+00:00
derzug,derzug,2026-06-24,16,without_mirrors,https://pypistats.org/api/packages/derzug/overall?mirrors=false,2026-08-28T13:00:00+00:00
derzug,derzug,2026-06-25,3,without_mirrors,https://pypistats.org/api/packages/derzug/overall?mirrors=false,2026-08-28T13:00:00+00:00
derzug,derzug,2026-06-28,2,without_mirrors,https://pypistats.org/api/packages/derzug/overall?mirrors=false,2026-08-28T13:00:00+00:00
derzug,derzug,2026-06-29,72,without_mirrors,https://pypistats.org/api/packages/derzug/overall?mirrors=false,2026-08-28T13:00:00+00:00
derzug,derzug,2026-06-30,7,without_mirrors,https://pypistats.org/api/packages/derzug/overall?mirrors=false,2026-08-28T13:00:00+00:00
derzug,derzug,2026-07-01,4,without_mirrors,https://pypistats.org/api/packages/derzug/overall?mirrors=false,2026-08-28T13:00:00+00:00
derzug,derzug,2026-07-02,2,without_mirrors,https://pypistats.org/api/packages/derzug/overall?mirrors=false,2026-08-28T13:00:00+00:00
derzug,derzug,2026-07-03,5,without_mirrors,https://pypistats.org/api/packages/derzug/overall?mirrors=false,2026-08-28T13:00:00+00:00
derzug,derzug,2026-07-04,3,without_mirrors,https://pypistats.org/api/packages/derzug/overall?mirrors=false,2026-08-28T13:00:00+00:00
derzug,derzug,2026-07-07,19,without_mirrors,https://pypistats.org/api/packages/derzug/overall?mirrors=false,2026-08-28T13:00:00+00:00
derzug,derzug,2026-07-09,2,without_mirrors,https://pypistats.org/api/packages/derzug/overall?mirrors=false,2026-08-28T13:00:00+00:00
derzug,derzug,2026-07-11,1,without_mirrors,https://pypistats.org/api/packages/derzug/overall?mirrors=false,2026-08-28T13:00:00+00:00
derzug,derzug,2026-07-12,12,without_mirrors,https://pypistats.org/api/packages/derzug/overall?mirrors=false,2026-08-28T13:00:00+00:00
derzug,derzug,2026-07-13,3,without_mirrors,https://pypistats.org/api/packages/derzug/overall?mirrors=false,2026-08-28T13:00:00+00:00
derzug,derzug,2026-07-14,2,without_mirrors,https://pypistats.org/api/packages/derzug/overall?mirrors=false,2026-08-28T13:00:00+00:00
derzug,derzug,2026-07-15,2,without_mirrors,https://pypistats.org/api/packages/derzug/overall?mirrors=false,2026-08-28T13:00:00+00:00
derzug,derzug,2026-07-21,97,without_mirrors,https://pypistats.org/api/packages/derzug/overall?mirrors=false,2026-08-28T13:00:00+00:00
derzug,derzug,2026-07-22,8,without_mirrors,https://pypistats.org/api/packages/derzug/overall?mirrors=false,2026-08-28T13:00:00+00:00
derzug,derzug,2026-07-23,5,without_mirrors,https://pypistats.org/api/packages/derzug/overall?mirrors=false,2026-08-28T13:00:00+00:00
derzug,derzug,2026-07-24,8,without_mirrors,https://pypistats.org/api/packages/derzug/overall?mirrors=false,2026-08-28T13:00:00+00:00
derzug,derzug,2026-07-25,19,without_mirrors,https://pypistats.org/api/packages/derzug/overall?mirrors=false,2026-08-28T13:00:00+00:00
derzug,derzug,2026-07-27,1,without_mirrors,https://pypistats.org/api/packages/derzug/overall?mirrors=false,2026-08-28T13:00:00+00:00
derzug,derzug,2026-07-28,1,without_mirrors,https://pypistats.org/api/packages/derzug/overall?mirrors=false,2026-08-28T13:00:00+00:00
derzug,derzug,2026-07-29,2,without_mirrors,https://pypistats.org/api/packages/derzug/overall?mirrors=false,2026-08-28T13:00:00+00:00
derzug,derzug,2026-07-30,2,without_mirrors,https://pypistats.org/api/packages/derzug/overall?mirrors=false,2026-08-28T13:00:00+00:00
derzug,derzug,2026-07-31,4,without_mirrors,https://pypistats.org/api/packages/derzug/overall?mirrors=false,2026-08-28T13:00:00+00:00
derzug,derzug,2026-08-01,2,without_mirrors,https://pypistats.org/api/packages/derzug/overall?mirrors=false,2026-08-28T13:00:00+00:00
derzug,derzug,2026-08-02,2,without_mirrors,https://pypistats.org/api/packages/derzug/overall?mirrors=false,2026-08-28T13:00:00+00:00
derzug,derzug,2026-08-04,2,without_mirrors,https://pypistats.org/api/packages/derzug/overall?mirrors=false,2026-08-28T13:00:00+00:00
derzug,derzug,2026-08-05,2,without_mirrors,https://pypistats.org/api/packages/derzug/overall?mirrors=false,2026-08-28T13:00:00+00:00
derzug,derzug,2026-08-06,3,without_mirrors,https://pypistats.org/api/packages/derzug/overall?mirrors=false,2026-08-28T13:00:00+00:00
derzug,derzug,2026-08-09,9,without_mirrors,https://pypistats.org/api/packages/derzug/overall?mirrors=false,2026-08-28T13:00:00+00:00
derzug,derzug,2026-08-10,1,without_mirrors,https://pypistats.org/api/packages/derzug/overall?mirrors=false,2026-08-28T13:00:00+00:00
derzug,derzug,2026-08-12,1,without_mirrors,https://pypistats.org/api/packages/derzug/overall?mirrors=false,2026-08-28T13:00:00+00:00
derzug,derzug,2026-08-13,73,without_mirrors,https://pypistats.org/api/packages/derzug/overall?mirrors=false,2026-08-28T13:00:00+00:00
derzug,derzug,2026-08-14,7,without_mirrors,https://pypistats.org/api/packages/derzug/overall?mirrors=false,2026-08-28T13:00:00+00:00
derzug,derzug,2026-08-15,3,without_mirrors,https://pypistats.org/api/packages/derzug/overall?mirrors=false,2026-08-28T13:00:00+00:00
derzug,derzug,2026-08-16,7,without_mirrors,https://pypistats.org/api/packages/derzug/overall?mirrors=false,2026-08-28T13:00:00+00:00
derzug,derzug,2026-08-17,2,without_mirrors,https://pypistats.org/api/packages/derzug/overall?mirrors=false,2026-08-28T13:00:00+00:00
derzug,derzug,2026-08-19,2,without_mirrors,https://pypistats.org/api/packages/derzug/overall?mirrors=false,2026-08-28T13:00:00+00:00
derzug,derzug,2026-08-20,8,without_mirrors,https://pypistats.org/api/packages/derzug/overall?mirrors=false,2026-08-28T13:00:00+00:00
derzug,derzug,2026-08-23,1,without_mirrors,https://pypistats.org/api/packages/derzug/overall?mirrors=false,2026-08-28T13:00:00+00:00
derzug,derzug,2026-08-24,2,without_mirrors,https://pypistats.org/api/packages/derzug/overall?mirrors=false,2026-08-28T13:00:00+00:00
derzug,derzug,2026-08-26,1,without_mirrors,https://pypistats.org/api/packages/derzug/overall?mirrors=false,2026-08-28T13:00:00+00:00
derzug,derzug,2026-08-27,21,without_mirrors,https://pypistats.org/api/packages/derzug/overall?mirrors=false,2026-08-28T13:00:00+00:00
distpy,distpy,2026-02-28,47,without_mirrors,https://pypistats.org/api/packages/distpy/overall?mirrors=false,2026-08-28T13:00:15+00:00
distpy,distpy,2026-03-01,1,without_mirrors,https://pypistats.org/api/packages/distpy/overall?mirrors=false,2026-08-28T13:00:15+00:00
distpy,distpy,2026-03-04,1,without_mirrors,https://pypistats.org/api/packages/distpy/overall?mirrors=false,2026-08-28T13:00:15+00:00
distpy,distpy,2026-03-07,6,without_mirrors,https://pypistats.org/api/packages/distpy/overall?mirrors=false,2026-08-28T13:00:15+00:00
distpy,distpy,2026-03-08,3,without_mirrors,https://pypistats.org/api/packages/distpy/overall?mirrors=false,2026-08-28T13:00:15+00:00
distpy,distpy,2026-03-09,5,without_mirrors,https://pypistats.org/api/packages/distpy/overall?mirrors=false,2026-08-28T13:00:15+00:00
distpy,distpy,2026-03-10,2,without_mirrors,https://pypistats.org/api/packages/distpy/overall?mirrors=false,2026-08-28T13:00:15+00:00
distpy,distpy,2026-03-11,1,without_mirrors,https://pypistats.org/api/packages/distpy/overall?mirrors=false,2026-08-28T13:00:15+00:00
distpy,distpy,2026-03-12,2,without_mirrors,https://pypistats.org/api/packages/distpy/overall?mirrors=false,2026-08-28T13:00:15+00:00
distpy,distpy,2026-03-13,35,without_mirrors,https://pypistats.org/api/packages/distpy/overall?mirrors=false,2026-08-28T13:00:15+00:00
distpy,distpy,2026-03-14,2,without_mirrors,https://pypistats.org/api/packages/distpy/overall?mirrors=false,2026-08-28T13:00:15+00:00
distpy,distpy,2026-03-15,1,without_mirrors,https://pypistats.org/api/packages/distpy/overall?mirrors=false,2026-08-28T13:00:15+00:00
distpy,distpy,2026-03-16,3,without_mirrors,https://pypistats.org/api/packages/distpy/overall?mirrors=false,2026-08-28T13:00:15+00:00
distpy,distpy,2026-03-17,2,without_mirrors,https://pypistats.org/api/packages/distpy/overall?mirrors=false,2026-08-28T13:00:15+00:00
distpy,distpy,2026-03-19,1,without_mirrors,https://pypistats.org/api/packages/distpy/overall?mirrors=false,2026-08-28T13:00:15+00:00
distpy,distpy,2026-03-20,13,without_mirrors,https://pypistats.org/api/packages/distpy/overall?mirrors=false,2026-08-28T13:00:15+00:00
distpy,distpy,2026-03-21,2,without_mirrors,https://pypistats.org/api/packages/distpy/overall?mirrors=false,2026-08-28T13:00:15+00:00
distpy,distpy,2026-03-22,34,without_mirrors,https://pypistats.org/api/packages/distpy/overall?mirrors=false,2026-08-28T13:00:15+00:00
distpy,distpy,2026-03-23,2,without_mirrors,https://pypistats.org/api/packages/distpy/overall?mirrors=false,2026-08-28T13:00:15+00:00
distpy,distpy,2026-03-26,4,without_mirrors,https://pypistats.org/api/packages/distpy/overall?mirrors=false,2026-08-28T13:00:15+00:00
distpy,distpy,2026-03-28,34,without_mirrors,https://pypistats.org/api/packages/distpy/overall?mirrors=false,2026-08-28T13:00:15+00:00
distpy,distpy,2026-03-29,53,without_mirrors,https://pypistats.org/api/packages/distpy/overall?mirrors=false,2026-08-28T13:00:15+00:00
distpy,distpy,2026-03-30,1,without_mirrors,https://pypistats.org/api/packages/distpy/overall?mirrors=false,2026-08-28T13:00:15+00:00
distpy,distpy,2026-04-01,1,without_mirrors,https://pypistats.org/api/packages/distpy/overall?mirrors=false,2026-08-28T13:00:15+00:00
distpy,distpy,2026-04-02,1,without_mirrors,https://pypistats.org/api/packages/distpy/overall?mirrors=false,2026-08-28T13:00:15+00:00
distpy,distpy,2026-04-04,4,without_mirrors,https://pypistats.org/api/packages/distpy/overall?mirrors=false,2026-08-28T13:00:15+00:00
distpy,distpy,2026-04-06,2,without_mirrors,https://pypistats.org/api/packages/distpy/overall?mirrors=false,2026-08-28T13:00:15+00:00
distpy,distpy,2026-04-07,7,without_mirrors,https://pypistats.org/api/packages/distpy/overall?mirrors=false,2026-08-28T13:00:15+00:00
distpy,distpy,2026-04-08,24,without_mirrors,https://pypistats.org/api/packages/distpy/overall?mirrors=false,2026-08-28T13:00:15+00:00
distpy,distpy,2026-04-09,2,without_mirrors,https://pypistats.org/api/packages/distpy/overall?mirrors=false,2026-08-28T13:00:15+00:00
distpy,distpy,2026-04-10,1,without_mirrors,https://pypistats.org/api/packages/distpy/overall?mirrors=false,2026-08-28T13:00:15+00:00
distpy,distpy,2026-04-11,1,without_mirrors,https://pypistats.org/api/packages/distpy/overall?mirrors=false,2026-08-28T13:00:15+00:00
distpy,distpy,2026-04-12,1,without_mirrors,https://pypistats.org/api/packages/distpy/overall?mirrors=false,2026-08-28T13:00:15+00:00
distpy,distpy,2026-04-13,3,without_mirrors,https://pypistats.org/api/packages/distpy/overall?mirrors=false,2026-08-28T13:00:15+00:00
distpy,distpy,2026-04-14,1,without_mirrors,https://pypistats.org/api/packages/distpy/overall?mirrors=false,2026-08-28T13:00:15+00:00
distpy,distpy,2026-04-15,5,without_mirrors,https://pypistats.org/api/packages/distpy/overall?mirrors=false,2026-08-28T13:00:15+00:00
distpy,distpy,2026-04-16,2,without_mirrors,https://pypistats.org/api/packages/distpy/overall?mirrors=false,2026-08-28T13:00:15+00:00
distpy,distpy,2026-04-17,1,without_mirrors,https://pypistats.org/api/packages/distpy/overall?mirrors=false,2026-08-28T13:00:15+00:00
distpy,distpy,2026-04-18,2,without_mirrors,https://pypistats.org/api/packages/distpy/overall?mirrors=false,2026-08-28T13:00:15+00:00
distpy,distpy,2026-04-20,1,without_mirrors,https://pypistats.org/api/packages/distpy/overall?mirrors=false,2026-08-28T13:00:15+00:00
distpy,distpy,2026-04-21,29,without_mirrors,https://pypistats.org/api/packages/distpy/overall?mirrors=false,2026-08-28T13:00:15+00:00
distpy,distpy,2026-04-22,11,without_mirrors,https://pypistats.org/api/packages/distpy/overall?mirrors=false,2026-08-28T13:00:15+00:00
distpy,distpy,2026-04-23,14,without_mirrors,https://pypistats.org/api/packages/distpy/overall?mirrors=false,2026-08-28T13:00:15+00:00
distpy,distpy,2026-04-24,1,without_mirrors,https://pypistats.org/api/packages/distpy/overall?mirrors=false,2026-08-28T13:00:15+00:00
distpy,distpy,2026-04-25,8,without_mirrors,https://pypistats.org/api/packages/distpy/overall?mirrors=false,2026-08-28T13:00:15+00:00
distpy,distpy,2026-04-26,7,without_mirrors,https://pypistats.org/api/packages/distpy/overall?mirrors=false,2026-08-28T13:00:15+00:00
distpy,distpy,2026-04-27,3,without_mirrors,https://pypistats.org/api/packages/distpy/overall?mirrors=false,2026-08-28T13:00:15+00:00
distpy,distpy,2026-04-28,3,without_mirrors,https://pypistats.org/api/packages/distpy/overall?mirrors=false,2026-08-28T13:00:15+00:00
distpy,distpy,2026-05-01,1,without_mirrors,https://pypistats.org/api/packages/distpy/overall?mirrors=false,2026-08-28T13:00:15+00:00
distpy,distpy,2026-05-03,1,without_mirrors,https://pypistats.org/api/packages/distpy/overall?mirrors=false,2026-08-28T13:00:15+00:00
distpy,distpy,2026-05-05,5,without_mirrors,https://pypistats.org/api/packages/distpy/overall?mirrors=false,2026-08-28T13:00:15+00:00
distpy,distpy,2026-05-06,7,without_mirrors,https://pypistats.org/api/packages/distpy/overall?mirrors=false,2026-08-28T13:00:15+00:00
distpy,distpy,2026-05-07,1,without_mirrors,https://pypistats.org/api/packages/distpy/overall?mirrors=false,2026-08-28T13:00:15+00:00
distpy,distpy,2026-05-08,3,without_mirrors,https://pypistats.org/api/packages/distpy/overall?mirrors=false,2026-08-28T13:00:15+00:00
distpy,distpy,2026-05-10,8,without_mirrors,https://pypistats.org/api/packages/distpy/overall?mirrors=false,2026-08-28T13:00:15+00:00
distpy,distpy,2026-05-13,69,without_mirrors,https://pypistats.org/api/packages/distpy/overall?mirrors=false,2026-08-28T13:00:15+00:00
distpy,distpy,2026-05-14,4,without_mirrors,https://pypistats.org/api/packages/distpy/overall?mirrors=false,2026-08-28T13:00:15+00:00
distpy,distpy,2026-05-15,10,without_mirrors,https://pypistats.org/api/packages/distpy/overall?mirrors=false,2026-08-28T13:00:15+00:00
distpy,distpy,2026-05-16,8,without_mirrors,https://pypistats.org/api/packages/distpy/overall?mirrors=false,2026-08-28T13:00:15+00:00
distpy,distpy,2026-05-17,1,without_mirrors,https://pypistats.org/api/packages/distpy/overall?mirrors=false,2026-08-28T13:00:15+00:00
distpy,distpy,2026-05-18,3,without_mirrors,https://pypistats.org/api/packages/distpy/overall?mirrors=false,2026-08-28T13:00:15+00:00
distpy,distpy,2026-05-19,3,without_mirrors,https://pypistats.org/api/packages/distpy/overall?mirrors=false,2026-08-28T13:00:15+00:00
distpy,distpy,2026-05-20,9,without_mirrors,https://pypistats.org/api/packages/distpy/overall?mirrors=false,2026-08-28T13:00:15+00:00
distpy,distpy,2026-05-21,1,without_mirrors,https://pypistats.org/api/packages/distpy/overall?mirrors=false,2026-08-28T13:00:15+00:00
distpy,distpy,2026-05-22,3,without_mirrors,https://pypistats.org/api/packages/distpy/overall?mirrors=false,2026-08-28T13:00:15+00:00
distpy,distpy,2026-05-23,4,without_mirrors,https://pypistats.org/api/packages/distpy/overall?mirrors=false,2026-08-28T13:00:15+00:00
distpy,distpy,2026-05-24,4,without_mirrors,https://pypistats.org/api/packages/distpy/overall?mirrors=false,2026-08-28T13:00:15+00:00
distpy,distpy,2026-05-25,2,without_mirrors,https://pypistats.org/api/packages/distpy/overall?mirrors=false,2026-08-28T13:00:15+00:00
distpy,distpy,2026-05-26,3,without_mirrors,https://pypistats.org/api/packages/distpy/overall?mirrors=false,2026-08-28T13:00:15+00:00
distpy,distpy,2026-05-27,1,without_mirrors,https://pypistats.org/api/packages/distpy/overall?mirrors=false,2026-08-28T13:00:15+00:00
distpy,distpy,2026-05-28,1,without_mirrors,https://pypistats.org/api/packages/distpy/overall?mirrors=false,2026-08-28T13:00:15+00:00
distpy,distpy,2026-05-29,40,without_mirrors,https://pypistats.org/api/packages/distpy/overall?mirrors=false,2026-08-28T13:00:15+00:00
distpy,distpy,2026-05-30,5,without_mirrors,https://pypistats.org/api/packages/distpy/overall?mirrors=false,2026-08-28T13:00:15+00:00
distpy,distpy,2026-05-31,4,without_mirrors,https://pypistats.org/api/packages/distpy/overall?mirrors=false,2026-08-28T13:00:15+00:00
distpy,distpy,2026-06-01,3,without_mirrors,https://pypistats.org/api/packages/distpy/overall?mirrors=false,2026-08-28T13:00:15+00:00
distpy,distpy,2026-06-02,2,without_mirrors,https://pypistats.org/api/packages/distpy/overall?mirrors=false,2026-08-28T13:00:15+00:00
distpy,distpy,2026-06-03,3,without_mirrors,https://pypistats.org/api/packages/distpy/overall?mirrors=false,2026-08-28T13:00:15+00:00
distpy,distpy,2026-06-04,4,without_mirrors,https://pypistats.org/api/packages/distpy/overall?mirrors=false,2026-08-28T13:00:15+00:00
distpy,distpy,2026-06-05,15,without_mirrors,https://pypistats.org/api/packages/distpy/overall?mirrors=false,2026-08-28T13:00:15+00:00
distpy,distpy,2026-06-06,32,without_mirrors,https://pypistats.org/api/packages/distpy/overall?mirrors=false,2026-08-28T13:00:15+00:00
distpy,distpy,2026-06-07,4,without_mirrors,https://pypistats.org/api/packages/distpy/overall?mirrors=false,2026-08-28T13:00:15+00:00
distpy,distpy,2026-06-08,6,without_mirrors,https://pypistats.org/api/packages/distpy/overall?mirrors=false,2026-08-28T13:00:15+00:00
distpy,distpy,2026-06-09,10,without_mirrors,https://pypistats.org/api/packages/distpy/overall?mirrors=false,2026-08-28T13:00:15+00:00
distpy,distpy,2026-06-10,7,without_mirrors,https://pypistats.org/api/packages/distpy/overall?mirrors=false,2026-08-28T13:00:15+00:00
distpy,distpy,2026-06-11,1,without_mirrors,https://pypistats.org/api/packages/distpy/overall?mirrors=false,2026-08-28T13:00:15+00:00
distpy,distpy,2026-06-12,1,without_mirrors,https://pypistats.org/api/packages/distpy/overall?mirrors=false,2026-08-28T13:00:15+00:00
distpy,distpy,2026-06-13,3,without_mirrors,https://pypistats.org/api/packages/distpy/overall?mirrors=false,2026-08-28T13:00:15+00:00
distpy,distpy,2026-06-14,1,without_mirrors,https://pypistats.org/api/packages/distpy/overall?mirrors=false,2026-08-28T13:00:15+00:00
distpy,distpy,2026-06-17,3,without_mirrors,https://pypistats.org/api/packages/distpy/overall?mirrors=false,2026-08-28T13:00:15+00:00
distpy,distpy,2026-06-18,4,without_mirrors,https://pypistats.org/api/packages/distpy/overall?mirrors=false,2026-08-28T13:00:15+00:00
distpy,distpy,2026-06-20,2,without_mirrors,https://pypistats.org/api/packages/distpy/overall?mirrors=false,2026-08-28T13:00:15+00:00
distpy,distpy,2026-06-21,7,without_mirrors,https://pypistats.org/api/packages/distpy/overall?mirrors=false,2026-08-28T13:00:15+00:00
distpy,distpy,2026-06-23,8,without_mirrors,https://pypistats.org/api/packages/distpy/overall?mirrors=false,2026-08-28T13:00:15+00:00
distpy,distpy,2026-06-24,8,without_mirrors,https://pypistats.org/api/packages/distpy/overall?mirrors=false,2026-08-28T13:00:15+00:00
distpy,distpy,2026-06-25,1,without_mirrors,https://pypistats.org/api/packages/distpy/overall?mirrors=false,2026-08-28T13:00:15+00:00
distpy,distpy,2026-06-26,16,without_mirrors,https://pypistats.org/api/packages/distpy/overall?mirrors=false,2026-08-28T13:00:15+00:00
distpy,distpy,2026-06-27,19,without_mirrors,https://pypistats.org/api/packages/distpy/overall?mirrors=false,2026-08-28T13:00:15+00:00
distpy,distpy,2026-06-28,7,without_mirrors,https://pypistats.org/api/packages/distpy/overall?mirrors=false,2026-08-28T13:00:15+00:00
distpy,distpy,2026-06-29,7,without_mirrors,https://pypistats.org/api/packages/distpy/overall?mirrors=false,2026-08-28T13:00:15+00:00
distpy,distpy,2026-06-30,5,without_mirrors,https://pypistats.org/api/packages/distpy/overall?mirrors=false,2026-08-28T13:00:15+00:00
distpy,distpy,2026-07-01,3,without_mirrors,https://pypistats.org/api/packages/distpy/overall?mirrors=false,2026-08-28T13:00:15+00:00
distpy,distpy,2026-07-02,12,without_mirrors,https://pypistats.org/api/packages/distpy/overall?mirrors=false,2026-08-28T13:00:15+00:00
distpy,distpy,2026-07-03,32,without_mirrors,https://pypistats.org/api/packages/distpy/overall?mirrors=false,2026-08-28T13:00:15+00:00
distpy,distpy,2026-07-04,11,without_mirrors,https://pypistats.org/api/packages/distpy/overall?mirrors=false,2026-08-28T13:00:15+00:00
distpy,distpy,2026-07-05,18,without_mirrors,https://pypistats.org/api/packages/distpy/overall?mirrors=false,2026-08-28T13:00:15+00:00
distpy,distpy,2026-07-07,4,without_mirrors,https://pypistats.org/api/packages/distpy/overall?mirrors=false,2026-08-28T13:00:15+00:00
distpy,distpy,2026-07-08,79,without_mirrors,https://pypistats.org/api/packages/distpy/overall?mirrors=false,2026-08-28T13:00:15+00:00
distpy,distpy,2026-07-09,5,without_mirrors,https://pypistats.org/api/packages/distpy/overall?mirrors=false,2026-08-28T13:00:15+00:00
distpy,distpy,2026-07-10,2,without_mirrors,https://pypistats.org/api/packages/distpy/overall?mirrors=false,2026-08-28T13:00:15+00:00
distpy,distpy,2026-07-11,2,without_mirrors,https://pypistats.org/api/packages/distpy/overall?mirrors=false,2026-08-28T13:00:15+00:00
distpy,distpy,2026-07-13,6,without_mirrors,https://pypistats.org/api/packages/distpy/overall?mirrors=false,2026-08-28T13:00:15+00:00
distpy,distpy,2026-07-14,2,without_mirrors,https://pypistats.org/api/packages/distpy/overall?mirrors=false,2026-08-28T13:00:15+00:00
distpy,distpy,2026-07-15,1,without_mirrors,https://pypistats.org/api/packages/distpy/overall?mirrors=false,2026-08-28T13:00:15+00:00
distpy,distpy,2026-07-16,2,without_mirrors,https://pypistats.org/api/packages/distpy/overall?mirrors=false,2026-08-28T13:00:15+00:00
distpy,distpy,2026-07-18,57,without_mirrors,https://pypistats.org/api/packages/distpy/overall?mirrors=false,2026-08-28T13:00:15+00:00
distpy,distpy,2026-07-19,1,without_mirrors,https://pypistats.org/api/packages/distpy/overall?mirrors=false,2026-08-28T13:00:15+00:00
distpy,distpy,2026-07-20,2,without_mirrors,https://pypistats.org/api/packages/distpy/overall?mirrors=false,2026-08-28T13:00:15+00:00
distpy,distpy,2026-07-21,3,without_mirrors,https://pypistats.org/api/packages/distpy/overall?mirrors=false,2026-08-28T13:00:15+00:00
distpy,distpy,2026-07-22,5,without_mirrors,https://pypistats.org/api/packages/distpy/overall?mirrors=false,2026-08-28T13:00:15+00:00
distpy,distpy,2026-07-23,7,without_mirrors,https://pypistats.org/api/packages/distpy/overall?mirrors=false,2026-08-28T13:00:15+00:00
distpy,distpy,2026-07-24,4,without_mirrors,https://pypistats.org/api/packages/distpy/overall?mirrors=false,2026-08-28T13:00:15+00:00
distpy,distpy,2026-07-27,2,without_mirrors,https://pypistats.org/api/packages/distpy/overall?mirrors=false,2026-08-28T13:00:15+00:00
distpy,distpy,2026-07-29,2,without_mirrors,https://pypistats.org/api/packages/distpy/overall?mirrors=false,2026-08-28T13:00:15+00:00
distpy,distpy,2026-07-30,1,without_mirrors,https://pypistats.org/api/packages/distpy/overall?mirrors=false,2026-08-28T13:00:15+00:00
distpy,distpy,2026-07-31,2,without_mirrors,https://pypistats.org/api/packages/distpy/overall?mirrors=false,2026-08-28T13:00:15+00:00
distpy,distpy,2026-08-02,2,without_mirrors,https://pypistats.org/api/packages/distpy/overall?mirrors=false,2026-08-28T13:00:15+00:00
distpy,distpy,2026-08-05,2,without_mirrors,https://pypistats.org/api/packages/distpy/overall?mirrors=false,2026-08-28T13:00:15+00:00
distpy,distpy,2026-08-06,1,without_mirrors,https://pypistats.org/api/packages/distpy/overall?mirrors=false,2026-08-28T13:00:15+00:00
distpy,distpy,2026-08-07,1,without_mirrors,https://pypistats.org/api/packages/distpy/overall?mirrors=false,2026-08-28T13:00:15+00:00
distpy,distpy,2026-08-08,1,without_mirrors,https://pypistats.org/api/packages/distpy/overall?mirrors=false,2026-08-28T13:00:15+00:00
distpy,distpy,2026-08-09,8,without_mirrors,https://pypistats.org/api/packages/distpy/overall?mirrors=false,2026-08-28T13:00:15+00:00
distpy,distpy,2026-08-10,3,without_mirrors,https://pypistats.org/api/packages/distpy/overall?mirrors=false,2026-08-28T13:00:15+00:00
distpy,distpy,2026-08-14,4,without_mirrors,https://pypistats.org/api/packages/distpy/overall?mirrors=false,2026-08-28T13:00:15+00:00
distpy,distpy,2026-08-16,1,without_mirrors,https://pypistats.org/api/packages/distpy/overall?mirrors=false,2026-08-28T13:00:15+00:00
distpy,distpy,2026-08-17,1,without_mirrors,https://pypistats.org/api/packages/distpy/overall?mirrors=false,2026-08-28T13:00:15+00:00
distpy,distpy,2026-08-18,2,without_mirrors,https://pypistats.org/api/packages/distpy/overall?mirrors=false,2026-08-28T13:00:15+00:00
distpy,distpy,2026-08-19,8,without_mirrors,https://pypistats.org/api/packages/distpy/overall?mirrors=false,2026-08-28T13:00:15+00:00
distpy,distpy,2026-08-21,5,without_mirrors,https://pypistats.org/api/packages/distpy/overall?mirrors=false,2026-08-28T13:00:15+00:00
distpy,distpy,2026-08-22,2,without_mirrors,https://pypistats.org/api/packages/distpy/overall?mirrors=false,2026-08-28T13:00:15+00:00
distpy,distpy,2026-08-23,4,without_mirrors,https://pypistats.org/api/packages/distpy/overall?mirrors=false,2026-08-28T13:00:15+00:00
distpy,distpy,2026-08-24,3,without_mirrors,https://pypistats.org/api/packages/distpy/overall?mirrors=false,2026-08-28T13:00:15+00:00
dtscalibration,dtscalibration,2026-03-01,56,without_mirrors,https://pypistats.org/api/packages/dtscalibration/overall?mirrors=false,2026-08-28T13:00:26+00:00
dtscalibration,dtscalibration,2026-03-02,14,without_mirrors,https://pypistats.org/api/packages/dtscalibration/overall?mirrors=false,2026-08-28T13:00:26+00:00
dtscalibration,dtscalibration,2026-03-03,5,without_mirrors,https://pypistats.org/api/packages/dtscalibration/overall?mirrors=false,2026-08-28T13:00:26+00:00
dtscalibration,dtscalibration,2026-03-04,5,without_mirrors,https://pypistats.org/api/packages/dtscalibration/overall?mirrors=false,2026-08-28T13:00:26+00:00
dtscalibration,dtscalibration,2026-03-05,4,without_mirrors,https://pypistats.org/api/packages/dtscalibration/overall?mirrors=false,2026-08-28T13:00:26+00:00
dtscalibration,dtscalibration,2026-03-06,5,without_mirrors,https://pypistats.org/api/packages/dtscalibration/overall?mirrors=false,2026-08-28T13:00:26+00:00
dtscalibration,dtscalibration,2026-03-07,3,without_mirrors,https://pypistats.org/api/packages/dtscalibration/overall?mirrors=false,2026-08-28T13:00:26+00:00
dtscalibration,dtscalibration,2026-03-08,1,without_mirrors,https://pypistats.org/api/packages/dtscalibration/overall?mirrors=false,2026-08-28T13:00:26+00:00
dtscalibration,dtscalibration,2026-03-09,6,without_mirrors,https://pypistats.org/api/packages/dtscalibration/overall?mirrors=false,2026-08-28T13:00:26+00:00
dtscalibration,dtscalibration,2026-03-10,5,without_mirrors,https://pypistats.org/api/packages/dtscalibration/overall?mirrors=false,2026-08-28T13:00:26+00:00
dtscalibration,dtscalibration,2026-03-11,5,without_mirrors,https://pypistats.org/api/packages/dtscalibration/overall?mirrors=false,2026-08-28T13:00:26+00:00
dtscalibration,dtscalibration,2026-03-12,2,without_mirrors,https://pypistats.org/api/packages/dtscalibration/overall?mirrors=false,2026-08-28T13:00:26+00:00
dtscalibration,dtscalibration,2026-03-13,5,without_mirrors,https://pypistats.org/api/packages/dtscalibration/overall?mirrors=false,2026-08-28T13:00:26+00:00
dtscalibration,dtscalibration,2026-03-14,41,without_mirrors,https://pypistats.org/api/packages/dtscalibration/overall?mirrors=false,2026-08-28T13:00:26+00:00
dtscalibration,dtscalibration,2026-03-15,5,without_mirrors,https://pypistats.org/api/packages/dtscalibration/overall?mirrors=false,2026-08-28T13:00:26+00:00
dtscalibration,dtscalibration,2026-03-16,4,without_mirrors,https://pypistats.org/api/packages/dtscalibration/overall?mirrors=false,2026-08-28T13:00:26+00:00
dtscalibration,dtscalibration,2026-03-17,5,without_mirrors,https://pypistats.org/api/packages/dtscalibration/overall?mirrors=false,2026-08-28T13:00:26+00:00
dtscalibration,dtscalibration,2026-03-18,6,without_mirrors,https://pypistats.org/api/packages/dtscalibration/overall?mirrors=false,2026-08-28T13:00:26+00:00
dtscalibration,dtscalibration,2026-03-19,7,without_mirrors,https://pypistats.org/api/packages/dtscalibration/overall?mirrors=false,2026-08-28T13:00:26+00:00
dtscalibration,dtscalibration,2026-03-20,6,without_mirrors,https://pypistats.org/api/packages/dtscalibration/overall?mirrors=false,2026-08-28T13:00:26+00:00
dtscalibration,dtscalibration,2026-03-21,14,without_mirrors,https://pypistats.org/api/packages/dtscalibration/overall?mirrors=false,2026-08-28T13:00:26+00:00
dtscalibration,dtscalibration,2026-03-22,4,without_mirrors,https://pypistats.org/api/packages/dtscalibration/overall?mirrors=false,2026-08-28T13:00:26+00:00
dtscalibration,dtscalibration,2026-03-23,46,without_mirrors,https://pypistats.org/api/packages/dtscalibration/overall?mirrors=false,2026-08-28T13:00:26+00:00
dtscalibration,dtscalibration,2026-03-24,6,without_mirrors,https://pypistats.org/api/packages/dtscalibration/overall?mirrors=false,2026-08-28T13:00:26+00:00
dtscalibration,dtscalibration,2026-03-25,15,without_mirrors,https://pypistats.org/api/packages/dtscalibration/overall?mirrors=false,2026-08-28T13:00:26+00:00
dtscalibration,dtscalibration,2026-03-26,7,without_mirrors,https://pypistats.org/api/packages/dtscalibration/overall?mirrors=false,2026-08-28T13:00:26+00:00
dtscalibration,dtscalibration,2026-03-27,7,without_mirrors,https://pypistats.org/api/packages/dtscalibration/overall?mirrors=false,2026-08-28T13:00:26+00:00
dtscalibration,dtscalibration,2026-03-28,4,without_mirrors,https://pypistats.org/api/packages/dtscalibration/overall?mirrors=false,2026-08-28T13:00:26+00:00
dtscalibration,dtscalibration,2026-03-29,38,without_mirrors,https://pypistats.org/api/packages/dtscalibration/overall?mirrors=false,2026-08-28T13:00:26+00:00
dtscalibration,dtscalibration,2026-03-30,12,without_mirrors,https://pypistats.org/api/packages/dtscalibration/overall?mirrors=false,2026-08-28T13:00:26+00:00
dtscalibration,dtscalibration,2026-03-31,21,without_mirrors,https://pypistats.org/api/packages/dtscalibration/overall?mirrors=false,2026-08-28T13:00:26+00:00
dtscalibration,dtscalibration,2026-04-01,8,without_mirrors,https://pypistats.org/api/packages/dtscalibration/overall?mirrors=false,2026-08-28T13:00:26+00:00
dtscalibration,dtscalibration,2026-04-02,1,without_mirrors,https://pypistats.org/api/packages/dtscalibration/overall?mirrors=false,2026-08-28T13:00:26+00:00
dtscalibration,dtscalibration,2026-04-05,1,without_mirrors,https://pypistats.org/api/packages/dtscalibration/overall?mirrors=false,2026-08-28T13:00:26+00:00
dtscalibration,dtscalibration,2026-04-06,8,without_mirrors,https://pypistats.org/api/packages/dtscalibration/overall?mirrors=false,2026-08-28T13:00:26+00:00
dtscalibration,dtscalibration,2026-04-08,6,without_mirrors,https://pypistats.org/api/packages/dtscalibration/overall?mirrors=false,2026-08-28T13:00:26+00:00
dtscalibration,dtscalibration,2026-04-10,6,without_mirrors,https://pypistats.org/api/packages/dtscalibration/overall?mirrors=false,2026-08-28T13:00:26+00:00
dtscalibration,dtscalibration,2026-04-11,46,without_mirrors,https://pypistats.org/api/packages/dtscalibration/overall?mirrors=false,2026-08-28T13:00:26+00:00
dtscalibration,dtscalibration,2026-04-12,3,without_mirrors,https://pypistats.org/api/packages/dtscalibration/overall?mirrors=false,2026-08-28T13:00:26+00:00
dtscalibration,dtscalibration,2026-04-13,10,without_mirrors,https://pypistats.org/api/packages/dtscalibration/overall?mirrors=false,2026-08-28T13:00:26+00:00
dtscalibration,dtscalibration,2026-04-14,2,without_mirrors,https://pypistats.org/api/packages/dtscalibration/overall?mirrors=false,2026-08-28T13:00:26+00:00
dtscalibration,dtscalibration,2026-04-15,9,without_mirrors,https://pypistats.org/api/packages/dtscalibration/overall?mirrors=false,2026-08-28T13:00:26+00:00
dtscalibration,dtscalibration,2026-04-17,8,without_mirrors,https://pypistats.org/api/packages/dtscalibration/overall?mirrors=false,2026-08-28T13:00:26+00:00
dtscalibration,dtscalibration,2026-04-18,1,without_mirrors,https://pypistats.org/api/packages/dtscalibration/overall?mirrors=false,2026-08-28T13:00:26+00:00
dtscalibration,dtscalibration,2026-04-20,10,without_mirrors,https://pypistats.org/api/packages/dtscalibration/overall?mirrors=false,2026-08-28T13:00:26+00:00
dtscalibration,dtscalibration,2026-04-21,22,without_mirrors,https://pypistats.org/api/packages/dtscalibration/overall?mirrors=false,2026-08-28T13:00:26+00:00
dtscalibration,dtscalibration,2026-04-22,18,without_mirrors,https://pypistats.org/api/packages/dtscalibration/overall?mirrors=false,2026-08-28T13:00:26+00:00
dtscalibration,dtscalibration,2026-04-23,22,without_mirrors,https://pypistats.org/api/packages/dtscalibration/overall?mirrors=false,2026-08-28T13:00:26+00:00
dtscalibration,dtscalibration,2026-04-24,4,without_mirrors,https://pypistats.org/api/packages/dtscalibration/overall?mirrors=false,2026-08-28T13:00:26+00:00
dtscalibration,dtscalibration,2026-04-25,1,without_mirrors,https://pypistats.org/api/packages/dtscalibration/overall?mirrors=false,2026-08-28T13:00:26+00:00
dtscalibration,dtscalibration,2026-04-27,6,without_mirrors,https://pypistats.org/api/packages/dtscalibration/overall?mirrors=false,2026-08-28T13:00:26+00:00
dtscalibration,dtscalibration,2026-04-28,4,without_mirrors,https://pypistats.org/api/packages/dtscalibration/overall?mirrors=false,2026-08-28T13:00:26+00:00
dtscalibration,dtscalibration,2026-04-29,5,without_mirrors,https://pypistats.org/api/packages/dtscalibration/overall?mirrors=false,2026-08-28T13:00:26+00:00
dtscalibration,dtscalibration,2026-04-30,1,without_mirrors,https://pypistats.org/api/packages/dtscalibration/overall?mirrors=false,2026-08-28T13:00:26+00:00
dtscalibration,dtscalibration,2026-05-01,8,without_mirrors,https://pypistats.org/api/packages/dtscalibration/overall?mirrors=false,2026-08-28T13:00:26+00:00
dtscalibration,dtscalibration,2026-05-02,1,without_mirrors,https://pypistats.org/api/packages/dtscalibration/overall?mirrors=false,2026-08-28T13:00:26+00:00
dtscalibration,dtscalibration,2026-05-04,6,without_mirrors,https://pypistats.org/api/packages/dtscalibration/overall?mirrors=false,2026-08-28T13:00:26+00:00
dtscalibration,dtscalibration,2026-05-05,12,without_mirrors,https://pypistats.org/api/packages/dtscalibration/overall?mirrors=false,2026-08-28T13:00:26+00:00
dtscalibration,dtscalibration,2026-05-06,21,without_mirrors,https://pypistats.org/api/packages/dtscalibration/overall?mirrors=false,2026-08-28T13:00:26+00:00
dtscalibration,dtscalibration,2026-05-07,9,without_mirrors,https://pypistats.org/api/packages/dtscalibration/overall?mirrors=false,2026-08-28T13:00:26+00:00
dtscalibration,dtscalibration,2026-05-08,5,without_mirrors,https://pypistats.org/api/packages/dtscalibration/overall?mirrors=false,2026-08-28T13:00:26+00:00
dtscalibration,dtscalibration,2026-05-10,2,without_mirrors,https://pypistats.org/api/packages/dtscalibration/overall?mirrors=false,2026-08-28T13:00:26+00:00
dtscalibration,dtscalibration,2026-05-11,4,without_mirrors,https://pypistats.org/api/packages/dtscalibration/overall?mirrors=false,2026-08-28T13:00:26+00:00
dtscalibration,dtscalibration,2026-05-13,81,without_mirrors,https://pypistats.org/api/packages/dtscalibration/overall?mirrors=false,2026-08-28T13:00:26+00:00
dtscalibration,dtscalibration,2026-05-14,2,without_mirrors,https://pypistats.org/api/packages/dtscalibration/overall?mirrors=false,2026-08-28T13:00:26+00:00
dtscalibration,dtscalibration,2026-05-15,23,without_mirrors,https://pypistats.org/api/packages/dtscalibration/overall?mirrors=false,2026-08-28T13:00:26+00:00
dtscalibration,dtscalibration,2026-05-16,7,without_mirrors,https://pypistats.org/api/packages/dtscalibration/overall?mirrors=false,2026-08-28T13:00:26+00:00
dtscalibration,dtscalibration,2026-05-17,3,without_mirrors,https://pypistats.org/api/packages/dtscalibration/overall?mirrors=false,2026-08-28T13:00:26+00:00
dtscalibration,dtscalibration,2026-05-18,6,without_mirrors,https://pypistats.org/api/packages/dtscalibration/overall?mirrors=false,2026-08-28T13:00:26+00:00
dtscalibration,dtscalibration,2026-05-19,2,without_mirrors,https://pypistats.org/api/packages/dtscalibration/overall?mirrors=false,2026-08-28T13:00:26+00:00
dtscalibration,dtscalibration,2026-05-20,18,without_mirrors,https://pypistats.org/api/packages/dtscalibration/overall?mirrors=false,2026-08-28T13:00:26+00:00
dtscalibration,dtscalibration,2026-05-21,2,without_mirrors,https://pypistats.org/api/packages/dtscalibration/overall?mirrors=false,2026-08-28T13:00:26+00:00
dtscalibration,dtscalibration,2026-05-22,9,without_mirrors,https://pypistats.org/api/packages/dtscalibration/overall?mirrors=false,2026-08-28T13:00:26+00:00
dtscalibration,dtscalibration,2026-05-23,5,without_mirrors,https://pypistats.org/api/packages/dtscalibration/overall?mirrors=false,2026-08-28T13:00:26+00:00
dtscalibration,dtscalibration,2026-05-24,32,without_mirrors,https://pypistats.org/api/packages/dtscalibration/overall?mirrors=false,2026-08-28T13:00:26+00:00
dtscalibration,dtscalibration,2026-05-25,33,without_mirrors,https://pypistats.org/api/packages/dtscalibration/overall?mirrors=false,2026-08-28T13:00:26+00:00
dtscalibration,dtscalibration,2026-05-26,3,without_mirrors,https://pypistats.org/api/packages/dtscalibration/overall?mirrors=false,2026-08-28T13:00:26+00:00
dtscalibration,dtscalibration,2026-05-27,8,without_mirrors,https://pypistats.org/api/packages/dtscalibration/overall?mirrors=false,2026-08-28T13:00:26+00:00
dtscalibration,dtscalibration,2026-05-28,7,without_mirrors,https://pypistats.org/api/packages/dtscalibration/overall?mirrors=false,2026-08-28T13:00:26+00:00
dtscalibration,dtscalibration,2026-05-29,17,without_mirrors,https://pypistats.org/api/packages/dtscalibration/overall?mirrors=false,2026-08-28T13:00:26+00:00
dtscalibration,dtscalibration,2026-05-30,2,without_mirrors,https://pypistats.org/api/packages/dtscalibration/overall?mirrors=false,2026-08-28T13:00:26+00:00
dtscalibration,dtscalibration,2026-05-31,1,without_mirrors,https://pypistats.org/api/packages/dtscalibration/overall?mirrors=false,2026-08-28T13:00:26+00:00
dtscalibration,dtscalibration,2026-06-01,6,without_mirrors,https://pypistats.org/api/packages/dtscalibration/overall?mirrors=false,2026-08-28T13:00:26+00:00
dtscalibration,dtscalibration,2026-06-02,2,without_mirrors,https://pypistats.org/api/packages/dtscalibration/overall?mirrors=false,2026-08-28T13:00:26+00:00
dtscalibration,dtscalibration,2026-06-03,14,without_mirrors,https://pypistats.org/api/packages/dtscalibration/overall?mirrors=false,2026-08-28T13:00:26+00:00
dtscalibration,dtscalibration,2026-06-04,4,without_mirrors,https://pypistats.org/api/packages/dtscalibration/overall?mirrors=false,2026-08-28T13:00:26+00:00
dtscalibration,dtscalibration,2026-06-05,19,without_mirrors,https://pypistats.org/api/packages/dtscalibration/overall?mirrors=false,2026-08-28T13:00:26+00:00
dtscalibration,dtscalibration,2026-06-06,25,without_mirrors,https://pypistats.org/api/packages/dtscalibration/overall?mirrors=false,2026-08-28T13:00:26+00:00
dtscalibration,dtscalibration,2026-06-07,2,without_mirrors,https://pypistats.org/api/packages/dtscalibration/overall?mirrors=false,2026-08-28T13:00:26+00:00
dtscalibration,dtscalibration,2026-06-08,5,without_mirrors,https://pypistats.org/api/packages/dtscalibration/overall?mirrors=false,2026-08-28T13:00:26+00:00
dtscalibration,dtscalibration,2026-06-09,2,without_mirrors,https://pypistats.org/api/packages/dtscalibration/overall?mirrors=false,2026-08-28T13:00:26+00:00
dtscalibration,dtscalibration,2026-06-10,9,without_mirrors,https://pypistats.org/api/packages/dtscalibration/overall?mirrors=false,2026-08-28T13:00:26+00:00
dtscalibration,dtscalibration,2026-06-11,20,without_mirrors,https://pypistats.org/api/packages/dtscalibration/overall?mirrors=false,2026-08-28T13:00:26+00:00
dtscalibration,dtscalibration,2026-06-12,183,without_mirrors,https://pypistats.org/api/packages/dtscalibration/overall?mirrors=false,2026-08-28T13:00:26+00:00
dtscalibration,dtscalibration,2026-06-13,19,without_mirrors,https://pypistats.org/api/packages/dtscalibration/overall?mirrors=false,2026-08-28T13:00:26+00:00
dtscalibration,dtscalibration,2026-06-14,24,without_mirrors,https://pypistats.org/api/packages/dtscalibration/overall?mirrors=false,2026-08-28T13:00:26+00:00
dtscalibration,dtscalibration,2026-06-15,21,without_mirrors,https://pypistats.org/api/packages/dtscalibration/overall?mirrors=false,2026-08-28T13:00:26+00:00
dtscalibration,dtscalibration,2026-06-16,138,without_mirrors,https://pypistats.org/api/packages/dtscalibration/overall?mirrors=false,2026-08-28T13:00:26+00:00
dtscalibration,dtscalibration,2026-06-17,14,without_mirrors,https://pypistats.org/api/packages/dtscalibration/overall?mirrors=false,2026-08-28T13:00:26+00:00
dtscalibration,dtscalibration,2026-06-18,8,without_mirrors,https://pypistats.org/api/packages/dtscalibration/overall?mirrors=false,2026-08-28T13:00:26+00:00
dtscalibration,dtscalibration,2026-06-19,8,without_mirrors,https://pypistats.org/api/packages/dtscalibration/overall?mirrors=false,2026-08-28T13:00:26+00:00
dtscalibration,dtscalibration,2026-06-21,6,without_mirrors,https://pypistats.org/api/packages/dtscalibration/overall?mirrors=false,2026-08-28T13:00:26+00:00
dtscalibration,dtscalibration,2026-06-22,8,without_mirrors,https://pypistats.org/api/packages/dtscalibration/overall?mirrors=false,2026-08-28T13:00:26+00:00
dtscalibration,dtscalibration,2026-06-23,13,without_mirrors,https://pypistats.org/api/packages/dtscalibration/overall?mirrors=false,2026-08-28T13:00:26+00:00
dtscalibration,dtscalibration,2026-06-24,17,without_mirrors,https://pypistats.org/api/packages/dtscalibration/overall?mirrors=false,2026-08-28T13:00:26+00:00
dtscalibration,dtscalibration,2026-06-25,83,without_mirrors,https://pypistats.org/api/packages/dtscalibration/overall?mirrors=false,2026-08-28T13:00:26+00:00
dtscalibration,dtscalibration,2026-06-26,36,without_mirrors,https://pypistats.org/api/packages/dtscalibration/overall?mirrors=false,2026-08-28T13:00:26+00:00
dtscalibration,dtscalibration,2026-06-27,25,without_mirrors,https://pypistats.org/api/packages/dtscalibration/overall?mirrors=false,2026-08-28T13:00:26+00:00
dtscalibration,dtscalibration,2026-06-28,6,without_mirrors,https://pypistats.org/api/packages/dtscalibration/overall?mirrors=false,2026-08-28T13:00:26+00:00
dtscalibration,dtscalibration,2026-06-29,18,without_mirrors,https://pypistats.org/api/packages/dtscalibration/overall?mirrors=false,2026-08-28T13:00:26+00:00
dtscalibration,dtscalibration,2026-06-30,22,without_mirrors,https://pypistats.org/api/packages/dtscalibration/overall?mirrors=false,2026-08-28T13:00:26+00:00
dtscalibration,dtscalibration,2026-07-01,12,without_mirrors,https://pypistats.org/api/packages/dtscalibration/overall?mirrors=false,2026-08-28T13:00:26+00:00
dtscalibration,dtscalibration,2026-07-02,16,without_mirrors,https://pypistats.org/api/packages/dtscalibration/overall?mirrors=false,2026-08-28T13:00:26+00:00
dtscalibration,dtscalibration,2026-07-03,17,without_mirrors,https://pypistats.org/api/packages/dtscalibration/overall?mirrors=false,2026-08-28T13:00:26+00:00
dtscalibration,dtscalibration,2026-07-04,38,without_mirrors,https://pypistats.org/api/packages/dtscalibration/overall?mirrors=false,2026-08-28T13:00:26+00:00
dtscalibration,dtscalibration,2026-07-05,16,without_mirrors,https://pypistats.org/api/packages/dtscalibration/overall?mirrors=false,2026-08-28T13:00:26+00:00
dtscalibration,dtscalibration,2026-07-06,3,without_mirrors,https://pypistats.org/api/packages/dtscalibration/overall?mirrors=false,2026-08-28T13:00:26+00:00
dtscalibration,dtscalibration,2026-07-07,8,without_mirrors,https://pypistats.org/api/packages/dtscalibration/overall?mirrors=false,2026-08-28T13:00:26+00:00
dtscalibration,dtscalibration,2026-07-08,13,without_mirrors,https://pypistats.org/api/packages/dtscalibration/overall?mirrors=false,2026-08-28T13:00:26+00:00
dtscalibration,dtscalibration,2026-07-09,79,without_mirrors,https://pypistats.org/api/packages/dtscalibration/overall?mirrors=false,2026-08-28T13:00:26+00:00
dtscalibration,dtscalibration,2026-07-10,37,without_mirrors,https://pypistats.org/api/packages/dtscalibration/overall?mirrors=false,2026-08-28T13:00:26+00:00
dtscalibration,dtscalibration,2026-07-11,4,without_mirrors,https://pypistats.org/api/packages/dtscalibration/overall?mirrors=false,2026-08-28T13:00:26+00:00
dtscalibration,dtscalibration,2026-07-12,6,without_mirrors,https://pypistats.org/api/packages/dtscalibration/overall?mirrors=false,2026-08-28T13:00:26+00:00
dtscalibration,dtscalibration,2026-07-13,9,without_mirrors,https://pypistats.org/api/packages/dtscalibration/overall?mirrors=false,2026-08-28T13:00:26+00:00
dtscalibration,dtscalibration,2026-07-14,4,without_mirrors,https://pypistats.org/api/packages/dtscalibration/overall?mirrors=false,2026-08-28T13:00:26+00:00
dtscalibration,dtscalibration,2026-07-15,8,without_mirrors,https://pypistats.org/api/packages/dtscalibration/overall?mirrors=false,2026-08-28T13:00:26+00:00
dtscalibration,dtscalibration,2026-07-16,8,without_mirrors,https://pypistats.org/api/packages/dtscalibration/overall?mirrors=false,2026-08-28T13:00:26+00:00
dtscalibration,dtscalibration,2026-07-17,2,without_mirrors,https://pypistats.org/api/packages/dtscalibration/overall?mirrors=false,2026-08-28T13:00:26+00:00
dtscalibration,dtscalibration,2026-07-18,1,without_mirrors,https://pypistats.org/api/packages/dtscalibration/overall?mirrors=false,2026-08-28T13:00:26+00:00
dtscalibration,dtscalibration,2026-07-19,6,without_mirrors,https://pypistats.org/api/packages/dtscalibration/overall?mirrors=false,2026-08-28T13:00:26+00:00
dtscalibration,dtscalibration,2026-07-20,8,without_mirrors,https://pypistats.org/api/packages/dtscalibration/overall?mirrors=false,2026-08-28T13:00:26+00:00
dtscalibration,dtscalibration,2026-07-21,7,without_mirrors,https://pypistats.org/api/packages/dtscalibration/overall?mirrors=false,2026-08-28T13:00:26+00:00
dtscalibration,dtscalibration,2026-07-22,11,without_mirrors,https://pypistats.org/api/packages/dtscalibration/overall?mirrors=false,2026-08-28T13:00:26+00:00
dtscalibration,dtscalibration,2026-07-23,17,without_mirrors,https://pypistats.org/api/packages/dtscalibration/overall?mirrors=false,2026-08-28T13:00:26+00:00
dtscalibration,dtscalibration,2026-07-24,4,without_mirrors,https://pypistats.org/api/packages/dtscalibration/overall?mirrors=false,2026-08-28T13:00:26+00:00
dtscalibration,dtscalibration,2026-07-26,4,without_mirrors,https://pypistats.org/api/packages/dtscalibration/overall?mirrors=false,2026-08-28T13:00:26+00:00
dtscalibration,dtscalibration,2026-07-27,17,without_mirrors,https://pypistats.org/api/packages/dtscalibration/overall?mirrors=false,2026-08-28T13:00:26+00:00
dtscalibration,dtscalibration,2026-07-30,16,without_mirrors,https://pypistats.org/api/packages/dtscalibration/overall?mirrors=false,2026-08-28T13:00:26+00:00
dtscalibration,dtscalibration,2026-07-31,3,without_mirrors,https://pypistats.org/api/packages/dtscalibration/overall?mirrors=false,2026-08-28T13:00:26+00:00
dtscalibration,dtscalibration,2026-08-01,3,without_mirrors,https://pypistats.org/api/packages/dtscalibration/overall?mirrors=false,2026-08-28T13:00:26+00:00
dtscalibration,dtscalibration,2026-08-02,7,without_mirrors,https://pypistats.org/api/packages/dtscalibration/overall?mirrors=false,2026-08-28T13:00:26+00:00
dtscalibration,dtscalibration,2026-08-03,2,without_mirrors,https://pypistats.org/api/packages/dtscalibration/overall?mirrors=false,2026-08-28T13:00:26+00:00
dtscalibration,dtscalibration,2026-08-04,10,without_mirrors,https://pypistats.org/api/packages/dtscalibration/overall?mirrors=false,2026-08-28T13:00:26+00:00
dtscalibration,dtscalibration,2026-08-05,13,without_mirrors,https://pypistats.org/api/packages/dtscalibration/overall?mirrors=false,2026-08-28T13:00:26+00:00
dtscalibration,dtscalibration,2026-08-06,11,without_mirrors,https://pypistats.org/api/packages/dtscalibration/overall?mirrors=false,2026-08-28T13:00:26+00:00
dtscalibration,dtscalibration,2026-08-07,11,without_mirrors,https://pypistats.org/api/packages/dtscalibration/overall?mirrors=false,2026-08-28T13:00:26+00:00
dtscalibration,dtscalibration,2026-08-08,2,without_mirrors,https://pypistats.org/api/packages/dtscalibration/overall?mirrors=false,2026-08-28T13:00:26+00:00
dtscalibration,dtscalibration,2026-08-09,13,without_mirrors,https://pypistats.org/api/packages/dtscalibration/overall?mirrors=false,2026-08-28T13:00:26+00:00
dtscalibration,dtscalibration,2026-08-10,3,without_mirrors,https://pypistats.org/api/packages/dtscalibration/overall?mirrors=false,2026-08-28T13:00:26+00:00
dtscalibration,dtscalibration,2026-08-11,4,without_mirrors,https://pypistats.org/api/packages/dtscalibration/overall?mirrors=false,2026-08-28T13:00:26+00:00
dtscalibration,dtscalibration,2026-08-13,10,without_mirrors,https://pypistats.org/api/packages/dtscalibration/overall?mirrors=false,2026-08-28T13:00:26+00:00
dtscalibration,dtscalibration,2026-08-14,3,without_mirrors,https://pypistats.org/api/packages/dtscalibration/overall?mirrors=false,2026-08-28T13:00:26+00:00
dtscalibration,dtscalibration,2026-08-15,1,without_mirrors,https://pypistats.org/api/packages/dtscalibration/overall?mirrors=false,2026-08-28T13:00:26+00:00
dtscalibration,dtscalibration,2026-08-16,5,without_mirrors,https://pypistats.org/api/packages/dtscalibration/overall?mirrors=false,2026-08-28T13:00:26+00:00
dtscalibration,dtscalibration,2026-08-17,10,without_mirrors,https://pypistats.org/api/packages/dtscalibration/overall?mirrors=false,2026-08-28T13:00:26+00:00
dtscalibration,dtscalibration,2026-08-18,2,without_mirrors,https://pypistats.org/api/packages/dtscalibration/overall?mirrors=false,2026-08-28T13:00:26+00:00
dtscalibration,dtscalibration,2026-08-19,2,without_mirrors,https://pypistats.org/api/packages/dtscalibration/overall?mirrors=false,2026-08-28T13:00:26+00:00
dtscalibration,dtscalibration,2026-08-20,5,without_mirrors,https://pypistats.org/api/packages/dtscalibration/overall?mirrors=false,2026-08-28T13:00:26+00:00
dtscalibration,dtscalibration,2026-08-21,6,without_mirrors,https://pypistats.org/api/packages/dtscalibration/overall?mirrors=false,2026-08-28T13:00:26+00:00
dtscalibration,dtscalibration,2026-08-22,7,without_mirrors,https://pypistats.org/api/packages/dtscalibration/overall?mirrors=false,2026-08-28T13:00:26+00:00
dtscalibration,dtscalibration,2026-08-23,21,without_mirrors,https://pypistats.org/api/packages/dtscalibration/overall?mirrors=false,2026-08-28T13:00:26+00:00
dtscalibration,dtscalibration,2026-08-24,11,without_mirrors,https://pypistats.org/api/packages/dtscalibration/overall?mirrors=false,2026-08-28T13:00:26+00:00
dtscalibration,dtscalibration,2026-08-25,15,without_mirrors,https://pypistats.org/api/packages/dtscalibration/overall?mirrors=false,2026-08-28T13:00:26+00:00
dtscalibration,dtscalibration,2026-08-26,18,without_mirrors,https://pypistats.org/api/packages/dtscalibration/overall?mirrors=false,2026-08-28T13:00:26+00:00
dtscalibration,dtscalibration,2026-08-27,5,without_mirrors,https://pypistats.org/api/packages/dtscalibration/overall?mirrors=false,2026-08-28T13:00:26+00:00
invisensing,invisensing,2026-05-25,1137,without_mirrors,https://pypistats.org/api/packages/invisensing/overall?mirrors=false,2026-08-28T13:00:39+00:00
invisensing,invisensing,2026-05-26,81,without_mirrors,https://pypistats.org/api/packages/invisensing/overall?mirrors=false,2026-08-28T13:00:39+00:00
invisensing,invisensing,2026-05-27,104,without_mirrors,https://pypistats.org/api/packages/invisensing/overall?mirrors=false,2026-08-28T13:00:39+00:00
invisensing,invisensing,2026-05-28,95,without_mirrors,https://pypistats.org/api/packages/invisensing/overall?mirrors=false,2026-08-28T13:00:39+00:00
invisensing,invisensing,2026-05-29,46,without_mirrors,https://pypistats.org/api/packages/invisensing/overall?mirrors=false,2026-08-28T13:00:39+00:00
invisensing,invisensing,2026-05-30,14,without_mirrors,https://pypistats.org/api/packages/invisensing/overall?mirrors=false,2026-08-28T13:00:39+00:00
invisensing,invisensing,2026-05-31,12,without_mirrors,https://pypistats.org/api/packages/invisensing/overall?mirrors=false,2026-08-28T13:00:39+00:00
invisensing,invisensing,2026-06-01,14,without_mirrors,https://pypistats.org/api/packages/invisensing/overall?mirrors=false,2026-08-28T13:00:39+00:00
invisensing,invisensing,2026-06-02,853,without_mirrors,https://pypistats.org/api/packages/invisensing/overall?mirrors=false,2026-08-28T13:00:39+00:00
invisensing,invisensing,2026-06-03,129,without_mirrors,https://pypistats.org/api/packages/invisensing/overall?mirrors=false,2026-08-28T13:00:39+00:00
invisensing,invisensing,2026-06-04,106,without_mirrors,https://pypistats.org/api/packages/invisensing/overall?mirrors=false,2026-08-28T13:00:39+00:00
invisensing,invisensing,2026-06-05,37,without_mirrors,https://pypistats.org/api/packages/invisensing/overall?mirrors=false,2026-08-28T13:00:39+00:00
invisensing,invisensing,2026-06-06,104,without_mirrors,https://pypistats.org/api/packages/invisensing/overall?mirrors=false,2026-08-28T13:00:39+00:00
invisensing,invisensing,2026-06-07,2,without_mirrors,https://pypistats.org/api/packages/invisensing/overall?mirrors=false,2026-08-28T13:00:39+00:00
invisensing,invisensing,2026-06-08,10,without_mirrors,https://pypistats.org/api/packages/invisensing/overall?mirrors=false,2026-08-28T13:00:39+00:00
invisensing,invisensing,2026-06-09,918,without_mirrors,https://pypistats.org/api/packages/invisensing/overall?mirrors=false,2026-08-28T13:00:39+00:00
invisensing,invisensing,2026-06-10,155,without_mirrors,https://pypistats.org/api/packages/invisensing/overall?mirrors=false,2026-08-28T13:00:39+00:00
invisensing,invisensing,2026-06-11,138,without_mirrors,https://pypistats.org/api/packages/invisensing/overall?mirrors=false,2026-08-28T13:00:39+00:00
invisensing,invisensing,2026-06-12,52,without_mirrors,https://pypistats.org/api/packages/invisensing/overall?mirrors=false,2026-08-28T13:00:39+00:00
invisensing,invisensing,2026-06-13,7,without_mirrors,https://pypistats.org/api/packages/invisensing/overall?mirrors=false,2026-08-28T13:00:39+00:00
invisensing,invisensing,2026-06-14,146,without_mirrors,https://pypistats.org/api/packages/invisensing/overall?mirrors=false,2026-08-28T13:00:39+00:00
invisensing,invisensing,2026-06-15,19,without_mirrors,https://pypistats.org/api/packages/invisensing/overall?mirrors=false,2026-08-28T13:00:39+00:00
invisensing,invisensing,2026-06-16,41,without_mirrors,https://pypistats.org/api/packages/invisensing/overall?mirrors=false,2026-08-28T13:00:39+00:00
invisensing,invisensing,2026-06-17,21,without_mirrors,https://pypistats.org/api/packages/invisensing/overall?mirrors=false,2026-08-28T13:00:39+00:00
invisensing,invisensing,2026-06-18,9,without_mirrors,https://pypistats.org/api/packages/invisensing/overall?mirrors=false,2026-08-28T13:00:39+00:00
invisensing,invisensing,2026-06-19,32,without_mirrors,https://pypistats.org/api/packages/invisensing/overall?mirrors=false,2026-08-28T13:00:39+00:00
invisensing,invisensing,2026-06-20,29,without_mirrors,https://pypistats.org/api/packages/invisensing/overall?mirrors=false,2026-08-28T13:00:39+00:00
invisensing,invisensing,2026-06-21,12,without_mirrors,https://pypistats.org/api/packages/invisensing/overall?mirrors=false,2026-08-28T13:00:39+00:00
invisensing,invisensing,2026-06-22,14,without_mirrors,https://pypistats.org/api/packages/invisensing/overall?mirrors=false,2026-08-28T13:00:39+00:00
invisensing,invisensing,2026-06-23,29,without_mirrors,https://pypistats.org/api/packages/invisensing/overall?mirrors=false,2026-08-28T13:00:39+00:00
invisensing,invisensing,2026-06-24,52,without_mirrors,https://pypistats.org/api/packages/invisensing/overall?mirrors=false,2026-08-28T13:00:39+00:00
invisensing,invisensing,2026-06-25,17,without_mirrors,https://pypistats.org/api/packages/invisensing/overall?mirrors=false,2026-08-28T13:00:39+00:00
invisensing,invisensing,2026-06-26,10,without_mirrors,https://pypistats.org/api/packages/invisensing/overall?mirrors=false,2026-08-28T13:00:39+00:00
invisensing,invisensing,2026-06-27,47,without_mirrors,https://pypistats.org/api/packages/invisensing/overall?mirrors=false,2026-08-28T13:00:39+00:00
invisensing,invisensing,2026-06-28,8,without_mirrors,https://pypistats.org/api/packages/invisensing/overall?mirrors=false,2026-08-28T13:00:39+00:00
invisensing,invisensing,2026-06-29,2,without_mirrors,https://pypistats.org/api/packages/invisensing/overall?mirrors=false,2026-08-28T13:00:39+00:00
invisensing,invisensing,2026-06-30,8,without_mirrors,https://pypistats.org/api/packages/invisensing/overall?mirrors=false,2026-08-28T13:00:39+00:00
invisensing,invisensing,2026-07-01,19,without_mirrors,https://pypistats.org/api/packages/invisensing/overall?mirrors=false,2026-08-28T13:00:39+00:00
invisensing,invisensing,2026-07-02,16,without_mirrors,https://pypistats.org/api/packages/invisensing/overall?mirrors=false,2026-08-28T13:00:39+00:00
invisensing,invisensing,2026-07-03,13,without_mirrors,https://pypistats.org/api/packages/invisensing/overall?mirrors=false,2026-08-28T13:00:39+00:00
invisensing,invisensing,2026-07-05,6,without_mirrors,https://pypistats.org/api/packages/invisensing/overall?mirrors=false,2026-08-28T13:00:39+00:00
invisensing,invisensing,2026-07-06,38,without_mirrors,https://pypistats.org/api/packages/invisensing/overall?mirrors=false,2026-08-28T13:00:39+00:00
invisensing,invisensing,2026-07-07,1,without_mirrors,https://pypistats.org/api/packages/invisensing/overall?mirrors=false,2026-08-28T13:00:39+00:00
invisensing,invisensing,2026-07-09,12,without_mirrors,https://pypistats.org/api/packages/invisensing/overall?mirrors=false,2026-08-28T13:00:39+00:00
invisensing,invisensing,2026-07-11,1,without_mirrors,https://pypistats.org/api/packages/invisensing/overall?mirrors=false,2026-08-28T13:00:39+00:00
invisensing,invisensing,2026-07-12,7,without_mirrors,https://pypistats.org/api/packages/invisensing/overall?mirrors=false,2026-08-28T13:00:39+00:00
invisensing,invisensing,2026-07-13,127,without_mirrors,https://pypistats.org/api/packages/invisensing/overall?mirrors=false,2026-08-28T13:00:39+00:00
invisensing,invisensing,2026-07-15,2,without_mirrors,https://pypistats.org/api/packages/invisensing/overall?mirrors=false,2026-08-28T13:00:39+00:00
invisensing,invisensing,2026-07-18,2,without_mirrors,https://pypistats.org/api/packages/invisensing/overall?mirrors=false,2026-08-28T13:00:39+00:00
invisensing,invisensing,2026-07-19,1,without_mirrors,https://pypistats.org/api/packages/invisensing/overall?mirrors=false,2026-08-28T13:00:39+00:00
invisensing,invisensing,2026-07-20,1,without_mirrors,https://pypistats.org/api/packages/invisensing/overall?mirrors=false,2026-08-28T13:00:39+00:00
invisensing,invisensing,2026-07-21,52,without_mirrors,https://pypistats.org/api/packages/invisensing/overall?mirrors=false,2026-08-28T13:00:39+00:00
invisensing,invisensing,2026-07-22,635,without_mirrors,https://pypistats.org/api/packages/invisensing/overall?mirrors=false,2026-08-28T13:00:39+00:00
invisensing,invisensing,2026-07-23,136,without_mirrors,https://pypistats.org/api/packages/invisensing/overall?mirrors=false,2026-08-28T13:00:39+00:00
invisensing,invisensing,2026-07-24,36,without_mirrors,https://pypistats.org/api/packages/invisensing/overall?mirrors=false,2026-08-28T13:00:39+00:00
invisensing,invisensing,2026-07-25,42,without_mirrors,https://pypistats.org/api/packages/invisensing/overall?mirrors=false,2026-08-28T13:00:39+00:00
invisensing,invisensing,2026-07-26,33,without_mirrors,https://pypistats.org/api/packages/invisensing/overall?mirrors=false,2026-08-28T13:00:39+00:00
invisensing,invisensing,2026-07-27,195,without_mirrors,https://pypistats.org/api/packages/invisensing/overall?mirrors=false,2026-08-28T13:00:39+00:00
invisensing,invisensing,2026-07-28,26,without_mirrors,https://pypistats.org/api/packages/invisensing/overall?mirrors=false,2026-08-28T13:00:39+00:00
invisensing,invisensing,2026-07-30,1,without_mirrors,https://pypistats.org/api/packages/invisensing/overall?mirrors=false,2026-08-28T13:00:39+00:00
invisensing,invisensing,2026-07-31,26,without_mirrors,https://pypistats.org/api/packages/invisensing/overall?mirrors=false,2026-08-28T13:00:39+00:00
invisensing,invisensing,2026-08-01,12,without_mirrors,https://pypistats.org/api/packages/invisensing/overall?mirrors=false,2026-08-28T13:00:39+00:00
invisensing,invisensing,2026-08-02,21,without_mirrors,https://pypistats.org/api/packages/invisensing/overall?mirrors=false,2026-08-28T13:00:39+00:00
invisensing,invisensing,2026-08-03,11,without_mirrors,https://pypistats.org/api/packages/invisensing/overall?mirrors=false,2026-08-28T13:00:39+00:00
invisensing,invisensing,2026-08-04,20,without_mirrors,https://pypistats.org/api/packages/invisensing/overall?mirrors=false,2026-08-28T13:00:39+00:00
invisensing,invisensing,2026-08-05,14,without_mirrors,https://pypistats.org/api/packages/invisensing/overall?mirrors=false,2026-08-28T13:00:39+00:00
invisensing,invisensing,2026-08-06,11,without_mirrors,https://pypistats.org/api/packages/invisensing/overall?mirrors=false,2026-08-28T13:00:39+00:00
invisensing,invisensing,2026-08-07,18,without_mirrors,https://pypistats.org/api/packages/invisensing/overall?mirrors=false,2026-08-28T13:00:39+00:00
invisensing,invisensing,2026-08-08,4,without_mirrors,https://pypistats.org/api/packages/invisensing/overall?mirrors=false,2026-08-28T13:00:39+00:00
invisensing,invisensing,2026-08-09,7,without_mirrors,https://pypistats.org/api/packages/invisensing/overall?mirrors=false,2026-08-28T13:00:39+00:00
invisensing,invisensing,2026-08-11,4,without_mirrors,https://pypistats.org/api/packages/invisensing/overall?mirrors=false,2026-08-28T13:00:39+00:00
invisensing,invisensing,2026-08-14,4,without_mirrors,https://pypistats.org/api/packages/invisensing/overall?mirrors=false,2026-08-28T13:00:39+00:00
invisensing,invisensing,2026-08-15,1,without_mirrors,https://pypistats.org/api/packages/invisensing/overall?mirrors=false,2026-08-28T13:00:39+00:00
invisensing,invisensing,2026-08-16,6,without_mirrors,https://pypistats.org/api/packages/invisensing/overall?mirrors=false,2026-08-28T13:00:39+00:00
invisensing,invisensing,2026-08-17,3,without_mirrors,https://pypistats.org/api/packages/invisensing/overall?mirrors=false,2026-08-28T13:00:39+00:00
invisensing,invisensing,2026-08-19,6,without_mirrors,https://pypistats.org/api/packages/invisensing/overall?mirrors=false,2026-08-28T13:00:39+00:00
invisensing,invisensing,2026-08-20,2,without_mirrors,https://pypistats.org/api/packages/invisensing/overall?mirrors=false,2026-08-28T13:00:39+00:00
invisensing,invisensing,2026-08-21,2,without_mirrors,https://pypistats.org/api/packages/invisensing/overall?mirrors=false,2026-08-28T13:00:39+00:00
invisensing,invisensing,2026-08-22,3,without_mirrors,https://pypistats.org/api/packages/invisensing/overall?mirrors=false,2026-08-28T13:00:39+00:00
invisensing,invisensing,2026-08-23,2,without_mirrors,https://pypistats.org/api/packages/invisensing/overall?mirrors=false,2026-08-28T13:00:39+00:00
invisensing,invisensing,2026-08-25,1,without_mirrors,https://pypistats.org/api/packages/invisensing/overall?mirrors=false,2026-08-28T13:00:39+00:00
invisensing,invisensing,2026-08-26,1,without_mirrors,https://pypistats.org/api/packages/invisensing/overall?mirrors=false,2026-08-28T13:00:39+00:00
invisensing,invisensing,2026-08-27,124,without_mirrors,https://pypistats.org/api/packages/invisensing/overall?mirrors=false,2026-08-28T13:00:39+00:00
lightguide,lightguide,2026-03-01,1,without_mirrors,https://pypistats.org/api/packages/lightguide/overall?mirrors=false,2026-08-28T13:01:12+00:00
lightguide,lightguide,2026-03-04,5,without_mirrors,https://pypistats.org/api/packages/lightguide/overall?mirrors=false,2026-08-28T13:01:12+00:00
lightguide,lightguide,2026-03-06,11,without_mirrors,https://pypistats.org/api/packages/lightguide/overall?mirrors=false,2026-08-28T13:01:12+00:00
lightguide,lightguide,2026-03-08,2,without_mirrors,https://pypistats.org/api/packages/lightguide/overall?mirrors=false,2026-08-28T13:01:12+00:00
lightguide,lightguide,2026-03-09,1,without_mirrors,https://pypistats.org/api/packages/lightguide/overall?mirrors=false,2026-08-28T13:01:12+00:00
lightguide,lightguide,2026-03-10,40,without_mirrors,https://pypistats.org/api/packages/lightguide/overall?mirrors=false,2026-08-28T13:01:12+00:00
lightguide,lightguide,2026-03-11,1,without_mirrors,https://pypistats.org/api/packages/lightguide/overall?mirrors=false,2026-08-28T13:01:12+00:00
lightguide,lightguide,2026-03-13,4,without_mirrors,https://pypistats.org/api/packages/lightguide/overall?mirrors=false,2026-08-28T13:01:12+00:00
lightguide,lightguide,2026-03-14,1,without_mirrors,https://pypistats.org/api/packages/lightguide/overall?mirrors=false,2026-08-28T13:01:12+00:00
lightguide,lightguide,2026-03-16,9,without_mirrors,https://pypistats.org/api/packages/lightguide/overall?mirrors=false,2026-08-28T13:01:12+00:00
lightguide,lightguide,2026-03-18,2,without_mirrors,https://pypistats.org/api/packages/lightguide/overall?mirrors=false,2026-08-28T13:01:12+00:00
lightguide,lightguide,2026-03-20,20,without_mirrors,https://pypistats.org/api/packages/lightguide/overall?mirrors=false,2026-08-28T13:01:12+00:00
lightguide,lightguide,2026-03-21,11,without_mirrors,https://pypistats.org/api/packages/lightguide/overall?mirrors=false,2026-08-28T13:01:12+00:00
lightguide,lightguide,2026-03-24,1,without_mirrors,https://pypistats.org/api/packages/lightguide/overall?mirrors=false,2026-08-28T13:01:12+00:00
lightguide,lightguide,2026-03-28,11,without_mirrors,https://pypistats.org/api/packages/lightguide/overall?mirrors=false,2026-08-28T13:01:12+00:00
lightguide,lightguide,2026-03-29,12,without_mirrors,https://pypistats.org/api/packages/lightguide/overall?mirrors=false,2026-08-28T13:01:12+00:00
lightguide,lightguide,2026-03-30,12,without_mirrors,https://pypistats.org/api/packages/lightguide/overall?mirrors=false,2026-08-28T13:01:12+00:00
lightguide,lightguide,2026-04-01,9,without_mirrors,https://pypistats.org/api/packages/lightguide/overall?mirrors=false,2026-08-28T13:01:12+00:00
lightguide,lightguide,2026-04-03,9,without_mirrors,https://pypistats.org/api/packages/lightguide/overall?mirrors=false,2026-08-28T13:01:12+00:00
lightguide,lightguide,2026-04-04,2,without_mirrors,https://pypistats.org/api/packages/lightguide/overall?mirrors=false,2026-08-28T13:01:12+00:00
lightguide,lightguide,2026-04-05,1,without_mirrors,https://pypistats.org/api/packages/lightguide/overall?mirrors=false,2026-08-28T13:01:12+00:00
lightguide,lightguide,2026-04-06,3,without_mirrors,https://pypistats.org/api/packages/lightguide/overall?mirrors=false,2026-08-28T13:01:12+00:00
lightguide,lightguide,2026-04-07,9,without_mirrors,https://pypistats.org/api/packages/lightguide/overall?mirrors=false,2026-08-28T13:01:12+00:00
lightguide,lightguide,2026-04-08,16,without_mirrors,https://pypistats.org/api/packages/lightguide/overall?mirrors=false,2026-08-28T13:01:12+00:00
lightguide,lightguide,2026-04-10,4,without_mirrors,https://pypistats.org/api/packages/lightguide/overall?mirrors=false,2026-08-28T13:01:12+00:00
lightguide,lightguide,2026-04-12,2,without_mirrors,https://pypistats.org/api/packages/lightguide/overall?mirrors=false,2026-08-28T13:01:12+00:00
lightguide,lightguide,2026-04-13,5,without_mirrors,https://pypistats.org/api/packages/lightguide/overall?mirrors=false,2026-08-28T13:01:12+00:00
lightguide,lightguide,2026-04-14,4,without_mirrors,https://pypistats.org/api/packages/lightguide/overall?mirrors=false,2026-08-28T13:01:12+00:00
lightguide,lightguide,2026-04-15,11,without_mirrors,https://pypistats.org/api/packages/lightguide/overall?mirrors=false,2026-08-28T13:01:12+00:00
lightguide,lightguide,2026-04-16,3,without_mirrors,https://pypistats.org/api/packages/lightguide/overall?mirrors=false,2026-08-28T13:01:12+00:00
lightguide,lightguide,2026-04-17,48,without_mirrors,https://pypistats.org/api/packages/lightguide/overall?mirrors=false,2026-08-28T13:01:12+00:00
lightguide,lightguide,2026-04-20,10,without_mirrors,https://pypistats.org/api/packages/lightguide/overall?mirrors=false,2026-08-28T13:01:12+00:00
lightguide,lightguide,2026-04-21,6,without_mirrors,https://pypistats.org/api/packages/lightguide/overall?mirrors=false,2026-08-28T13:01:12+00:00
lightguide,lightguide,2026-04-22,6,without_mirrors,https://pypistats.org/api/packages/lightguide/overall?mirrors=false,2026-08-28T13:01:12+00:00
lightguide,lightguide,2026-04-23,12,without_mirrors,https://pypistats.org/api/packages/lightguide/overall?mirrors=false,2026-08-28T13:01:12+00:00
lightguide,lightguide,2026-04-24,1,without_mirrors,https://pypistats.org/api/packages/lightguide/overall?mirrors=false,2026-08-28T13:01:12+00:00
lightguide,lightguide,2026-04-25,3,without_mirrors,https://pypistats.org/api/packages/lightguide/overall?mirrors=false,2026-08-28T13:01:12+00:00
lightguide,lightguide,2026-04-28,1,without_mirrors,https://pypistats.org/api/packages/lightguide/overall?mirrors=false,2026-08-28T13:01:12+00:00
lightguide,lightguide,2026-05-03,1,without_mirrors,https://pypistats.org/api/packages/lightguide/overall?mirrors=false,2026-08-28T13:01:12+00:00
lightguide,lightguide,2026-05-05,5,without_mirrors,https://pypistats.org/api/packages/lightguide/overall?mirrors=false,2026-08-28T13:01:12+00:00
lightguide,lightguide,2026-05-06,4,without_mirrors,https://pypistats.org/api/packages/lightguide/overall?mirrors=false,2026-08-28T13:01:12+00:00
lightguide,lightguide,2026-05-07,101,without_mirrors,https://pypistats.org/api/packages/lightguide/overall?mirrors=false,2026-08-28T13:01:12+00:00
lightguide,lightguide,2026-05-08,1,without_mirrors,https://pypistats.org/api/packages/lightguide/overall?mirrors=false,2026-08-28T13:01:12+00:00
lightguide,lightguide,2026-05-11,1,without_mirrors,https://pypistats.org/api/packages/lightguide/overall?mirrors=false,2026-08-28T13:01:12+00:00
lightguide,lightguide,2026-05-12,1,without_mirrors,https://pypistats.org/api/packages/lightguide/overall?mirrors=false,2026-08-28T13:01:12+00:00
lightguide,lightguide,2026-05-14,3,without_mirrors,https://pypistats.org/api/packages/lightguide/overall?mirrors=false,2026-08-28T13:01:12+00:00
lightguide,lightguide,2026-05-15,43,without_mirrors,https://pypistats.org/api/packages/lightguide/overall?mirrors=false,2026-08-28T13:01:12+00:00
lightguide,lightguide,2026-05-16,34,without_mirrors,https://pypistats.org/api/packages/lightguide/overall?mirrors=false,2026-08-28T13:01:12+00:00
lightguide,lightguide,2026-05-17,1,without_mirrors,https://pypistats.org/api/packages/lightguide/overall?mirrors=false,2026-08-28T13:01:12+00:00
lightguide,lightguide,2026-05-18,3,without_mirrors,https://pypistats.org/api/packages/lightguide/overall?mirrors=false,2026-08-28T13:01:12+00:00
lightguide,lightguide,2026-05-19,1,without_mirrors,https://pypistats.org/api/packages/lightguide/overall?mirrors=false,2026-08-28T13:01:12+00:00
lightguide,lightguide,2026-05-20,1,without_mirrors,https://pypistats.org/api/packages/lightguide/overall?mirrors=false,2026-08-28T13:01:12+00:00
lightguide,lightguide,2026-05-21,1,without_mirrors,https://pypistats.org/api/packages/lightguide/overall?mirrors=false,2026-08-28T13:01:12+00:00
lightguide,lightguide,2026-05-22,2,without_mirrors,https://pypistats.org/api/packages/lightguide/overall?mirrors=false,2026-08-28T13:01:12+00:00
lightguide,lightguide,2026-05-24,1,without_mirrors,https://pypistats.org/api/packages/lightguide/overall?mirrors=false,2026-08-28T13:01:12+00:00
lightguide,lightguide,2026-05-25,1,without_mirrors,https://pypistats.org/api/packages/lightguide/overall?mirrors=false,2026-08-28T13:01:12+00:00
lightguide,lightguide,2026-05-26,1,without_mirrors,https://pypistats.org/api/packages/lightguide/overall?mirrors=false,2026-08-28T13:01:12+00:00
lightguide,lightguide,2026-05-27,1,without_mirrors,https://pypistats.org/api/packages/lightguide/overall?mirrors=false,2026-08-28T13:01:12+00:00
lightguide,lightguide,2026-05-29,2,without_mirrors,https://pypistats.org/api/packages/lightguide/overall?mirrors=false,2026-08-28T13:01:12+00:00
lightguide,lightguide,2026-06-03,2,without_mirrors,https://pypistats.org/api/packages/lightguide/overall?mirrors=false,2026-08-28T13:01:12+00:00
lightguide,lightguide,2026-06-04,2,without_mirrors,https://pypistats.org/api/packages/lightguide/overall?mirrors=false,2026-08-28T13:01:12+00:00
lightguide,lightguide,2026-06-05,13,without_mirrors,https://pypistats.org/api/packages/lightguide/overall?mirrors=false,2026-08-28T13:01:12+00:00
lightguide,lightguide,2026-06-06,24,without_mirrors,https://pypistats.org/api/packages/lightguide/overall?mirrors=false,2026-08-28T13:01:12+00:00
lightguide,lightguide,2026-06-07,1,without_mirrors,https://pypistats.org/api/packages/lightguide/overall?mirrors=false,2026-08-28T13:01:12+00:00
lightguide,lightguide,2026-06-08,1,without_mirrors,https://pypistats.org/api/packages/lightguide/overall?mirrors=false,2026-08-28T13:01:12+00:00
lightguide,lightguide,2026-06-09,2,without_mirrors,https://pypistats.org/api/packages/lightguide/overall?mirrors=false,2026-08-28T13:01:12+00:00
lightguide,lightguide,2026-06-10,9,without_mirrors,https://pypistats.org/api/packages/lightguide/overall?mirrors=false,2026-08-28T13:01:12+00:00
lightguide,lightguide,2026-06-11,1,without_mirrors,https://pypistats.org/api/packages/lightguide/overall?mirrors=false,2026-08-28T13:01:12+00:00
lightguide,lightguide,2026-06-12,4,without_mirrors,https://pypistats.org/api/packages/lightguide/overall?mirrors=false,2026-08-28T13:01:12+00:00
lightguide,lightguide,2026-06-13,1,without_mirrors,https://pypistats.org/api/packages/lightguide/overall?mirrors=false,2026-08-28T13:01:12+00:00
lightguide,lightguide,2026-06-18,1,without_mirrors,https://pypistats.org/api/packages/lightguide/overall?mirrors=false,2026-08-28T13:01:12+00:00
lightguide,lightguide,2026-06-20,2,without_mirrors,https://pypistats.org/api/packages/lightguide/overall?mirrors=false,2026-08-28T13:01:12+00:00
lightguide,lightguide,2026-06-21,3,without_mirrors,https://pypistats.org/api/packages/lightguide/overall?mirrors=false,2026-08-28T13:01:12+00:00
lightguide,lightguide,2026-06-23,2,without_mirrors,https://pypistats.org/api/packages/lightguide/overall?mirrors=false,2026-08-28T13:01:12+00:00
lightguide,lightguide,2026-06-24,1,without_mirrors,https://pypistats.org/api/packages/lightguide/overall?mirrors=false,2026-08-28T13:01:12+00:00
lightguide,lightguide,2026-06-26,2,without_mirrors,https://pypistats.org/api/packages/lightguide/overall?mirrors=false,2026-08-28T13:01:12+00:00
lightguide,lightguide,2026-06-27,1,without_mirrors,https://pypistats.org/api/packages/lightguide/overall?mirrors=false,2026-08-28T13:01:12+00:00
lightguide,lightguide,2026-06-29,2,without_mirrors,https://pypistats.org/api/packages/lightguide/overall?mirrors=false,2026-08-28T13:01:12+00:00
lightguide,lightguide,2026-06-30,5,without_mirrors,https://pypistats.org/api/packages/lightguide/overall?mirrors=false,2026-08-28T13:01:12+00:00
lightguide,lightguide,2026-07-01,5,without_mirrors,https://pypistats.org/api/packages/lightguide/overall?mirrors=false,2026-08-28T13:01:12+00:00
lightguide,lightguide,2026-07-03,6,without_mirrors,https://pypistats.org/api/packages/lightguide/overall?mirrors=false,2026-08-28T13:01:12+00:00
lightguide,lightguide,2026-07-04,8,without_mirrors,https://pypistats.org/api/packages/lightguide/overall?mirrors=false,2026-08-28T13:01:12+00:00
lightguide,lightguide,2026-07-05,1,without_mirrors,https://pypistats.org/api/packages/lightguide/overall?mirrors=false,2026-08-28T13:01:12+00:00
lightguide,lightguide,2026-07-06,8,without_mirrors,https://pypistats.org/api/packages/lightguide/overall?mirrors=false,2026-08-28T13:01:12+00:00
lightguide,lightguide,2026-07-07,1,without_mirrors,https://pypistats.org/api/packages/lightguide/overall?mirrors=false,2026-08-28T13:01:12+00:00
lightguide,lightguide,2026-07-08,2,without_mirrors,https://pypistats.org/api/packages/lightguide/overall?mirrors=false,2026-08-28T13:01:12+00:00
lightguide,lightguide,2026-07-09,10,without_mirrors,https://pypistats.org/api/packages/lightguide/overall?mirrors=false,2026-08-28T13:01:12+00:00
lightguide,lightguide,2026-07-12,1,without_mirrors,https://pypistats.org/api/packages/lightguide/overall?mirrors=false,2026-08-28T13:01:12+00:00
lightguide,lightguide,2026-07-13,1,without_mirrors,https://pypistats.org/api/packages/lightguide/overall?mirrors=false,2026-08-28T13:01:12+00:00
lightguide,lightguide,2026-07-14,4,without_mirrors,https://pypistats.org/api/packages/lightguide/overall?mirrors=false,2026-08-28T13:01:12+00:00
lightguide,lightguide,2026-07-15,45,without_mirrors,https://pypistats.org/api/packages/lightguide/overall?mirrors=false,2026-08-28T13:01:12+00:00
lightguide,lightguide,2026-07-16,14,without_mirrors,https://pypistats.org/api/packages/lightguide/overall?mirrors=false,2026-08-28T13:01:12+00:00
lightguide,lightguide,2026-07-17,10,without_mirrors,https://pypistats.org/api/packages/lightguide/overall?mirrors=false,2026-08-28T13:01:12+00:00
lightguide,lightguide,2026-07-18,2,without_mirrors,https://pypistats.org/api/packages/lightguide/overall?mirrors=false,2026-08-28T13:01:12+00:00
lightguide,lightguide,2026-07-19,2,without_mirrors,https://pypistats.org/api/packages/lightguide/overall?mirrors=false,2026-08-28T13:01:12+00:00
lightguide,lightguide,2026-07-20,4,without_mirrors,https://pypistats.org/api/packages/lightguide/overall?mirrors=false,2026-08-28T13:01:12+00:00
lightguide,lightguide,2026-07-21,2,without_mirrors,https://pypistats.org/api/packages/lightguide/overall?mirrors=false,2026-08-28T13:01:12+00:00
lightguide,lightguide,2026-07-23,3,without_mirrors,https://pypistats.org/api/packages/lightguide/overall?mirrors=false,2026-08-28T13:01:12+00:00
lightguide,lightguide,2026-07-24,7,without_mirrors,https://pypistats.org/api/packages/lightguide/overall?mirrors=false,2026-08-28T13:01:12+00:00
lightguide,lightguide,2026-07-30,1,without_mirrors,https://pypistats.org/api/packages/lightguide/overall?mirrors=false,2026-08-28T13:01:12+00:00
lightguide,lightguide,2026-08-01,1,without_mirrors,https://pypistats.org/api/packages/lightguide/overall?mirrors=false,2026-08-28T13:01:12+00:00
lightguide,lightguide,2026-08-02,5,without_mirrors,https://pypistats.org/api/packages/lightguide/overall?mirrors=false,2026-08-28T13:01:12+00:00
lightguide,lightguide,2026-08-03,5,without_mirrors,https://pypistats.org/api/packages/lightguide/overall?mirrors=false,2026-08-28T13:01:12+00:00
lightguide,lightguide,2026-08-06,1,without_mirrors,https://pypistats.org/api/packages/lightguide/overall?mirrors=false,2026-08-28T13:01:12+00:00
lightguide,lightguide,2026-08-09,2,without_mirrors,https://pypistats.org/api/packages/lightguide/overall?mirrors=false,2026-08-28T13:01:12+00:00
lightguide,lightguide,2026-08-11,2,without_mirrors,https://pypistats.org/api/packages/lightguide/overall?mirrors=false,2026-08-28T13:01:12+00:00
lightguide,lightguide,2026-08-13,2,without_mirrors,https://pypistats.org/api/packages/lightguide/overall?mirrors=false,2026-08-28T13:01:12+00:00
lightguide,lightguide,2026-08-14,2,without_mirrors,https://pypistats.org/api/packages/lightguide/overall?mirrors=false,2026-08-28T13:01:12+00:00
lightguide,lightguide,2026-08-15,1,without_mirrors,https://pypistats.org/api/packages/lightguide/overall?mirrors=false,2026-08-28T13:01:12+00:00
lightguide,lightguide,2026-08-17,5,without_mirrors,https://pypistats.org/api/packages/lightguide/overall?mirrors=false,2026-08-28T13:01:12+00:00
lightguide,lightguide,2026-08-19,4,without_mirrors,https://pypistats.org/api/packages/lightguide/overall?mirrors=false,2026-08-28T13:01:12+00:00
lightguide,lightguide,2026-08-20,1,without_mirrors,https://pypistats.org/api/packages/lightguide/overall?mirrors=false,2026-08-28T13:01:12+00:00
lightguide,lightguide,2026-08-21,6,without_mirrors,https://pypistats.org/api/packages/lightguide/overall?mirrors=false,2026-08-28T13:01:12+00:00
lightguide,lightguide,2026-08-22,2,without_mirrors,https://pypistats.org/api/packages/lightguide/overall?mirrors=false,2026-08-28T13:01:12+00:00
lightguide,lightguide,2026-08-24,3,without_mirrors,https://pypistats.org/api/packages/lightguide/overall?mirrors=false,2026-08-28T13:01:12+00:00
lightguide,lightguide,2026-08-25,37,without_mirrors,https://pypistats.org/api/packages/lightguide/overall?mirrors=false,2026-08-28T13:01:12+00:00
lightguide,lightguide,2026-08-26,12,without_mirrors,https://pypistats.org/api/packages/lightguide/overall?mirrors=false,2026-08-28T13:01:12+00:00
lightguide,lightguide,2026-08-27,2,without_mirrors,https://pypistats.org/api/packages/lightguide/overall?mirrors=false,2026-08-28T13:01:12+00:00
mldas,mldas,2026-03-01,1,without_mirrors,https://pypistats.org/api/packages/mldas/overall?mirrors=false,2026-08-28T13:01:45+00:00
mldas,mldas,2026-03-05,2,without_mirrors,https://pypistats.org/api/packages/mldas/overall?mirrors=false,2026-08-28T13:01:45+00:00
mldas,mldas,2026-03-09,1,without_mirrors,https://pypistats.org/api/packages/mldas/overall?mirrors=false,2026-08-28T13:01:45+00:00
mldas,mldas,2026-03-11,3,without_mirrors,https://pypistats.org/api/packages/mldas/overall?mirrors=false,2026-08-28T13:01:45+00:00
mldas,mldas,2026-03-13,2,without_mirrors,https://pypistats.org/api/packages/mldas/overall?mirrors=false,2026-08-28T13:01:45+00:00
mldas,mldas,2026-03-29,1,without_mirrors,https://pypistats.org/api/packages/mldas/overall?mirrors=false,2026-08-28T13:01:45+00:00
mldas,mldas,2026-04-01,1,without_mirrors,https://pypistats.org/api/packages/mldas/overall?mirrors=false,2026-08-28T13:01:45+00:00
mldas,mldas,2026-04-02,1,without_mirrors,https://pypistats.org/api/packages/mldas/overall?mirrors=false,2026-08-28T13:01:45+00:00
mldas,mldas,2026-04-08,1,without_mirrors,https://pypistats.org/api/packages/mldas/overall?mirrors=false,2026-08-28T13:01:45+00:00
mldas,mldas,2026-04-10,1,without_mirrors,https://pypistats.org/api/packages/mldas/overall?mirrors=false,2026-08-28T13:01:45+00:00
mldas,mldas,2026-04-11,1,without_mirrors,https://pypistats.org/api/packages/mldas/overall?mirrors=false,2026-08-28T13:01:45+00:00
mldas,mldas,2026-04-14,1,without_mirrors,https://pypistats.org/api/packages/mldas/overall?mirrors=false,2026-08-28T13:01:45+00:00
mldas,mldas,2026-04-15,1,without_mirrors,https://pypistats.org/api/packages/mldas/overall?mirrors=false,2026-08-28T13:01:45+00:00
mldas,mldas,2026-04-20,1,without_mirrors,https://pypistats.org/api/packages/mldas/overall?mirrors=false,2026-08-28T13:01:45+00:00
mldas,mldas,2026-04-21,1,without_mirrors,https://pypistats.org/api/packages/mldas/overall?mirrors=false,2026-08-28T13:01:45+00:00
mldas,mldas,2026-04-27,1,without_mirrors,https://pypistats.org/api/packages/mldas/overall?mirrors=false,2026-08-28T13:01:45+00:00
mldas,mldas,2026-05-04,1,without_mirrors,https://pypistats.org/api/packages/mldas/overall?mirrors=false,2026-08-28T13:01:45+00:00
mldas,mldas,2026-05-05,6,without_mirrors,https://pypistats.org/api/packages/mldas/overall?mirrors=false,2026-08-28T13:01:45+00:00
mldas,mldas,2026-05-06,1,without_mirrors,https://pypistats.org/api/packages/mldas/overall?mirrors=false,2026-08-28T13:01:45+00:00
mldas,mldas,2026-05-08,4,without_mirrors,https://pypistats.org/api/packages/mldas/overall?mirrors=false,2026-08-28T13:01:45+00:00
mldas,mldas,2026-05-09,1,without_mirrors,https://pypistats.org/api/packages/mldas/overall?mirrors=false,2026-08-28T13:01:45+00:00
mldas,mldas,2026-05-10,2,without_mirrors,https://pypistats.org/api/packages/mldas/overall?mirrors=false,2026-08-28T13:01:45+00:00
mldas,mldas,2026-05-14,1,without_mirrors,https://pypistats.org/api/packages/mldas/overall?mirrors=false,2026-08-28T13:01:45+00:00
mldas,mldas,2026-05-15,2,without_mirrors,https://pypistats.org/api/packages/mldas/overall?mirrors=false,2026-08-28T13:01:45+00:00
mldas,mldas,2026-05-16,4,without_mirrors,https://pypistats.org/api/packages/mldas/overall?mirrors=false,2026-08-28T13:01:45+00:00
mldas,mldas,2026-05-17,1,without_mirrors,https://pypistats.org/api/packages/mldas/overall?mirrors=false,2026-08-28T13:01:45+00:00
mldas,mldas,2026-05-18,4,without_mirrors,https://pypistats.org/api/packages/mldas/overall?mirrors=false,2026-08-28T13:01:45+00:00
mldas,mldas,2026-05-19,1,without_mirrors,https://pypistats.org/api/packages/mldas/overall?mirrors=false,2026-08-28T13:01:45+00:00
mldas,mldas,2026-05-23,1,without_mirrors,https://pypistats.org/api/packages/mldas/overall?mirrors=false,2026-08-28T13:01:45+00:00
mldas,mldas,2026-05-25,2,without_mirrors,https://pypistats.org/api/packages/mldas/overall?mirrors=false,2026-08-28T13:01:45+00:00
mldas,mldas,2026-05-27,1,without_mirrors,https://pypistats.org/api/packages/mldas/overall?mirrors=false,2026-08-28T13:01:45+00:00
mldas,mldas,2026-06-05,4,without_mirrors,https://pypistats.org/api/packages/mldas/overall?mirrors=false,2026-08-28T13:01:45+00:00
mldas,mldas,2026-06-06,9,without_mirrors,https://pypistats.org/api/packages/mldas/overall?mirrors=false,2026-08-28T13:01:45+00:00
mldas,mldas,2026-06-08,4,without_mirrors,https://pypistats.org/api/packages/mldas/overall?mirrors=false,2026-08-28T13:01:45+00:00
mldas,mldas,2026-06-10,1,without_mirrors,https://pypistats.org/api/packages/mldas/overall?mirrors=false,2026-08-28T13:01:45+00:00
mldas,mldas,2026-06-12,1,without_mirrors,https://pypistats.org/api/packages/mldas/overall?mirrors=false,2026-08-28T13:01:45+00:00
mldas,mldas,2026-06-13,1,without_mirrors,https://pypistats.org/api/packages/mldas/overall?mirrors=false,2026-08-28T13:01:45+00:00
mldas,mldas,2026-06-15,1,without_mirrors,https://pypistats.org/api/packages/mldas/overall?mirrors=false,2026-08-28T13:01:45+00:00
mldas,mldas,2026-06-18,3,without_mirrors,https://pypistats.org/api/packages/mldas/overall?mirrors=false,2026-08-28T13:01:45+00:00
mldas,mldas,2026-06-20,1,without_mirrors,https://pypistats.org/api/packages/mldas/overall?mirrors=false,2026-08-28T13:01:45+00:00
mldas,mldas,2026-06-21,3,without_mirrors,https://pypistats.org/api/packages/mldas/overall?mirrors=false,2026-08-28T13:01:45+00:00
mldas,mldas,2026-06-22,1,without_mirrors,https://pypistats.org/api/packages/mldas/overall?mirrors=false,2026-08-28T13:01:45+00:00
mldas,mldas,2026-06-23,1,without_mirrors,https://pypistats.org/api/packages/mldas/overall?mirrors=false,2026-08-28T13:01:45+00:00
mldas,mldas,2026-06-24,1,without_mirrors,https://pypistats.org/api/packages/mldas/overall?mirrors=false,2026-08-28T13:01:45+00:00
mldas,mldas,2026-06-27,6,without_mirrors,https://pypistats.org/api/packages/mldas/overall?mirrors=false,2026-08-28T13:01:45+00:00
mldas,mldas,2026-06-29,2,without_mirrors,https://pypistats.org/api/packages/mldas/overall?mirrors=false,2026-08-28T13:01:45+00:00
mldas,mldas,2026-06-30,3,without_mirrors,https://pypistats.org/api/packages/mldas/overall?mirrors=false,2026-08-28T13:01:45+00:00
mldas,mldas,2026-07-04,1,without_mirrors,https://pypistats.org/api/packages/mldas/overall?mirrors=false,2026-08-28T13:01:45+00:00
mldas,mldas,2026-07-08,1,without_mirrors,https://pypistats.org/api/packages/mldas/overall?mirrors=false,2026-08-28T13:01:45+00:00
mldas,mldas,2026-07-14,1,without_mirrors,https://pypistats.org/api/packages/mldas/overall?mirrors=false,2026-08-28T13:01:45+00:00
mldas,mldas,2026-07-16,1,without_mirrors,https://pypistats.org/api/packages/mldas/overall?mirrors=false,2026-08-28T13:01:45+00:00
mldas,mldas,2026-07-18,1,without_mirrors,https://pypistats.org/api/packages/mldas/overall?mirrors=false,2026-08-28T13:01:45+00:00
mldas,mldas,2026-07-23,1,without_mirrors,https://pypistats.org/api/packages/mldas/overall?mirrors=false,2026-08-28T13:01:45+00:00
mldas,mldas,2026-07-24,1,without_mirrors,https://pypistats.org/api/packages/mldas/overall?mirrors=false,2026-08-28T13:01:45+00:00
mldas,mldas,2026-07-30,1,without_mirrors,https://pypistats.org/api/packages/mldas/overall?mirrors=false,2026-08-28T13:01:45+00:00
mldas,mldas,2026-08-01,1,without_mirrors,https://pypistats.org/api/packages/mldas/overall?mirrors=false,2026-08-28T13:01:45+00:00
mldas,mldas,2026-08-09,1,without_mirrors,https://pypistats.org/api/packages/mldas/overall?mirrors=false,2026-08-28T13:01:45+00:00
mldas,mldas,2026-08-14,2,without_mirrors,https://pypistats.org/api/packages/mldas/overall?mirrors=false,2026-08-28T13:01:45+00:00
mldas,mldas,2026-08-18,1,without_mirrors,https://pypistats.org/api/packages/mldas/overall?mirrors=false,2026-08-28T13:01:45+00:00
mldas,mldas,2026-08-26,1,without_mirrors,https://pypistats.org/api/packages/mldas/overall?mirrors=false,2026-08-28T13:01:45+00:00
pyfocs,pyfocs,2026-03-02,1,without_mirrors,https://pypistats.org/api/packages/pyfocs/overall?mirrors=false,2026-08-28T13:02:19+00:00
pyfocs,pyfocs,2026-03-03,1,without_mirrors,https://pypistats.org/api/packages/pyfocs/overall?mirrors=false,2026-08-28T13:02:19+00:00
pyfocs,pyfocs,2026-03-06,1,without_mirrors,https://pypistats.org/api/packages/pyfocs/overall?mirrors=false,2026-08-28T13:02:19+00:00
pyfocs,pyfocs,2026-03-08,13,without_mirrors,https://pypistats.org/api/packages/pyfocs/overall?mirrors=false,2026-08-28T13:02:19+00:00
pyfocs,pyfocs,2026-03-09,6,without_mirrors,https://pypistats.org/api/packages/pyfocs/overall?mirrors=false,2026-08-28T13:02:19+00:00
pyfocs,pyfocs,2026-03-13,1,without_mirrors,https://pypistats.org/api/packages/pyfocs/overall?mirrors=false,2026-08-28T13:02:19+00:00
pyfocs,pyfocs,2026-03-14,3,without_mirrors,https://pypistats.org/api/packages/pyfocs/overall?mirrors=false,2026-08-28T13:02:19+00:00
pyfocs,pyfocs,2026-03-17,2,without_mirrors,https://pypistats.org/api/packages/pyfocs/overall?mirrors=false,2026-08-28T13:02:19+00:00
pyfocs,pyfocs,2026-03-19,1,without_mirrors,https://pypistats.org/api/packages/pyfocs/overall?mirrors=false,2026-08-28T13:02:19+00:00
pyfocs,pyfocs,2026-03-20,8,without_mirrors,https://pypistats.org/api/packages/pyfocs/overall?mirrors=false,2026-08-28T13:02:19+00:00
pyfocs,pyfocs,2026-03-21,1,without_mirrors,https://pypistats.org/api/packages/pyfocs/overall?mirrors=false,2026-08-28T13:02:19+00:00
pyfocs,pyfocs,2026-03-23,3,without_mirrors,https://pypistats.org/api/packages/pyfocs/overall?mirrors=false,2026-08-28T13:02:19+00:00
pyfocs,pyfocs,2026-03-24,1,without_mirrors,https://pypistats.org/api/packages/pyfocs/overall?mirrors=false,2026-08-28T13:02:19+00:00
pyfocs,pyfocs,2026-03-26,1,without_mirrors,https://pypistats.org/api/packages/pyfocs/overall?mirrors=false,2026-08-28T13:02:19+00:00
pyfocs,pyfocs,2026-03-28,1,without_mirrors,https://pypistats.org/api/packages/pyfocs/overall?mirrors=false,2026-08-28T13:02:19+00:00
pyfocs,pyfocs,2026-04-05,1,without_mirrors,https://pypistats.org/api/packages/pyfocs/overall?mirrors=false,2026-08-28T13:02:19+00:00
pyfocs,pyfocs,2026-04-11,1,without_mirrors,https://pypistats.org/api/packages/pyfocs/overall?mirrors=false,2026-08-28T13:02:19+00:00
pyfocs,pyfocs,2026-04-13,1,without_mirrors,https://pypistats.org/api/packages/pyfocs/overall?mirrors=false,2026-08-28T13:02:19+00:00
pyfocs,pyfocs,2026-04-14,4,without_mirrors,https://pypistats.org/api/packages/pyfocs/overall?mirrors=false,2026-08-28T13:02:19+00:00
pyfocs,pyfocs,2026-04-15,1,without_mirrors,https://pypistats.org/api/packages/pyfocs/overall?mirrors=false,2026-08-28T13:02:19+00:00
pyfocs,pyfocs,2026-04-19,1,without_mirrors,https://pypistats.org/api/packages/pyfocs/overall?mirrors=false,2026-08-28T13:02:19+00:00
pyfocs,pyfocs,2026-04-20,1,without_mirrors,https://pypistats.org/api/packages/pyfocs/overall?mirrors=false,2026-08-28T13:02:19+00:00
pyfocs,pyfocs,2026-04-24,2,without_mirrors,https://pypistats.org/api/packages/pyfocs/overall?mirrors=false,2026-08-28T13:02:19+00:00
pyfocs,pyfocs,2026-04-25,4,without_mirrors,https://pypistats.org/api/packages/pyfocs/overall?mirrors=false,2026-08-28T13:02:19+00:00
pyfocs,pyfocs,2026-04-26,6,without_mirrors,https://pypistats.org/api/packages/pyfocs/overall?mirrors=false,2026-08-28T13:02:19+00:00
pyfocs,pyfocs,2026-04-28,4,without_mirrors,https://pypistats.org/api/packages/pyfocs/overall?mirrors=false,2026-08-28T13:02:19+00:00
pyfocs,pyfocs,2026-04-30,1,without_mirrors,https://pypistats.org/api/packages/pyfocs/overall?mirrors=false,2026-08-28T13:02:19+00:00
pyfocs,pyfocs,2026-05-01,2,without_mirrors,https://pypistats.org/api/packages/pyfocs/overall?mirrors=false,2026-08-28T13:02:19+00:00
pyfocs,pyfocs,2026-05-03,2,without_mirrors,https://pypistats.org/api/packages/pyfocs/overall?mirrors=false,2026-08-28T13:02:19+00:00
pyfocs,pyfocs,2026-05-05,3,without_mirrors,https://pypistats.org/api/packages/pyfocs/overall?mirrors=false,2026-08-28T13:02:19+00:00
pyfocs,pyfocs,2026-05-06,4,without_mirrors,https://pypistats.org/api/packages/pyfocs/overall?mirrors=false,2026-08-28T13:02:19+00:00
pyfocs,pyfocs,2026-05-08,1,without_mirrors,https://pypistats.org/api/packages/pyfocs/overall?mirrors=false,2026-08-28T13:02:19+00:00
pyfocs,pyfocs,2026-05-16,5,without_mirrors,https://pypistats.org/api/packages/pyfocs/overall?mirrors=false,2026-08-28T13:02:19+00:00
pyfocs,pyfocs,2026-05-17,5,without_mirrors,https://pypistats.org/api/packages/pyfocs/overall?mirrors=false,2026-08-28T13:02:19+00:00
pyfocs,pyfocs,2026-05-18,23,without_mirrors,https://pypistats.org/api/packages/pyfocs/overall?mirrors=false,2026-08-28T13:02:19+00:00
pyfocs,pyfocs,2026-05-23,4,without_mirrors,https://pypistats.org/api/packages/pyfocs/overall?mirrors=false,2026-08-28T13:02:19+00:00
pyfocs,pyfocs,2026-05-28,2,without_mirrors,https://pypistats.org/api/packages/pyfocs/overall?mirrors=false,2026-08-28T13:02:19+00:00
pyfocs,pyfocs,2026-05-30,1,without_mirrors,https://pypistats.org/api/packages/pyfocs/overall?mirrors=false,2026-08-28T13:02:19+00:00
pyfocs,pyfocs,2026-06-01,6,without_mirrors,https://pypistats.org/api/packages/pyfocs/overall?mirrors=false,2026-08-28T13:02:19+00:00
pyfocs,pyfocs,2026-06-02,1,without_mirrors,https://pypistats.org/api/packages/pyfocs/overall?mirrors=false,2026-08-28T13:02:19+00:00
pyfocs,pyfocs,2026-06-04,1,without_mirrors,https://pypistats.org/api/packages/pyfocs/overall?mirrors=false,2026-08-28T13:02:19+00:00
pyfocs,pyfocs,2026-06-05,12,without_mirrors,https://pypistats.org/api/packages/pyfocs/overall?mirrors=false,2026-08-28T13:02:19+00:00
pyfocs,pyfocs,2026-06-06,31,without_mirrors,https://pypistats.org/api/packages/pyfocs/overall?mirrors=false,2026-08-28T13:02:19+00:00
pyfocs,pyfocs,2026-06-07,1,without_mirrors,https://pypistats.org/api/packages/pyfocs/overall?mirrors=false,2026-08-28T13:02:19+00:00
pyfocs,pyfocs,2026-06-08,2,without_mirrors,https://pypistats.org/api/packages/pyfocs/overall?mirrors=false,2026-08-28T13:02:19+00:00
pyfocs,pyfocs,2026-06-10,4,without_mirrors,https://pypistats.org/api/packages/pyfocs/overall?mirrors=false,2026-08-28T13:02:19+00:00
pyfocs,pyfocs,2026-06-13,1,without_mirrors,https://pypistats.org/api/packages/pyfocs/overall?mirrors=false,2026-08-28T13:02:19+00:00
pyfocs,pyfocs,2026-06-15,2,without_mirrors,https://pypistats.org/api/packages/pyfocs/overall?mirrors=false,2026-08-28T13:02:19+00:00
pyfocs,pyfocs,2026-06-18,1,without_mirrors,https://pypistats.org/api/packages/pyfocs/overall?mirrors=false,2026-08-28T13:02:19+00:00
pyfocs,pyfocs,2026-06-21,3,without_mirrors,https://pypistats.org/api/packages/pyfocs/overall?mirrors=false,2026-08-28T13:02:19+00:00
pyfocs,pyfocs,2026-06-23,2,without_mirrors,https://pypistats.org/api/packages/pyfocs/overall?mirrors=false,2026-08-28T13:02:19+00:00
pyfocs,pyfocs,2026-06-24,2,without_mirrors,https://pypistats.org/api/packages/pyfocs/overall?mirrors=false,2026-08-28T13:02:19+00:00
pyfocs,pyfocs,2026-06-27,2,without_mirrors,https://pypistats.org/api/packages/pyfocs/overall?mirrors=false,2026-08-28T13:02:19+00:00
pyfocs,pyfocs,2026-06-29,3,without_mirrors,https://pypistats.org/api/packages/pyfocs/overall?mirrors=false,2026-08-28T13:02:19+00:00
pyfocs,pyfocs,2026-06-30,2,without_mirrors,https://pypistats.org/api/packages/pyfocs/overall?mirrors=false,2026-08-28T13:02:19+00:00
pyfocs,pyfocs,2026-07-01,2,without_mirrors,https://pypistats.org/api/packages/pyfocs/overall?mirrors=false,2026-08-28T13:02:19+00:00
pyfocs,pyfocs,2026-07-02,2,without_mirrors,https://pypistats.org/api/packages/pyfocs/overall?mirrors=false,2026-08-28T13:02:19+00:00
pyfocs,pyfocs,2026-07-03,3,without_mirrors,https://pypistats.org/api/packages/pyfocs/overall?mirrors=false,2026-08-28T13:02:19+00:00
pyfocs,pyfocs,2026-07-04,4,without_mirrors,https://pypistats.org/api/packages/pyfocs/overall?mirrors=false,2026-08-28T13:02:19+00:00
pyfocs,pyfocs,2026-07-05,1,without_mirrors,https://pypistats.org/api/packages/pyfocs/overall?mirrors=false,2026-08-28T13:02:19+00:00
pyfocs,pyfocs,2026-07-06,1,without_mirrors,https://pypistats.org/api/packages/pyfocs/overall?mirrors=false,2026-08-28T13:02:19+00:00
pyfocs,pyfocs,2026-07-08,1,without_mirrors,https://pypistats.org/api/packages/pyfocs/overall?mirrors=false,2026-08-28T13:02:19+00:00
pyfocs,pyfocs,2026-07-09,11,without_mirrors,https://pypistats.org/api/packages/pyfocs/overall?mirrors=false,2026-08-28T13:02:19+00:00
pyfocs,pyfocs,2026-07-10,6,without_mirrors,https://pypistats.org/api/packages/pyfocs/overall?mirrors=false,2026-08-28T13:02:19+00:00
pyfocs,pyfocs,2026-07-12,2,without_mirrors,https://pypistats.org/api/packages/pyfocs/overall?mirrors=false,2026-08-28T13:02:19+00:00
pyfocs,pyfocs,2026-07-13,1,without_mirrors,https://pypistats.org/api/packages/pyfocs/overall?mirrors=false,2026-08-28T13:02:19+00:00
pyfocs,pyfocs,2026-07-14,1,without_mirrors,https://pypistats.org/api/packages/pyfocs/overall?mirrors=false,2026-08-28T13:02:19+00:00
pyfocs,pyfocs,2026-07-16,1,without_mirrors,https://pypistats.org/api/packages/pyfocs/overall?mirrors=false,2026-08-28T13:02:19+00:00
pyfocs,pyfocs,2026-07-19,2,without_mirrors,https://pypistats.org/api/packages/pyfocs/overall?mirrors=false,2026-08-28T13:02:19+00:00
pyfocs,pyfocs,2026-07-21,2,without_mirrors,https://pypistats.org/api/packages/pyfocs/overall?mirrors=false,2026-08-28T13:02:19+00:00
pyfocs,pyfocs,2026-07-23,1,without_mirrors,https://pypistats.org/api/packages/pyfocs/overall?mirrors=false,2026-08-28T13:02:19+00:00
pyfocs,pyfocs,2026-07-25,1,without_mirrors,https://pypistats.org/api/packages/pyfocs/overall?mirrors=false,2026-08-28T13:02:19+00:00
pyfocs,pyfocs,2026-07-27,1,without_mirrors,https://pypistats.org/api/packages/pyfocs/overall?mirrors=false,2026-08-28T13:02:19+00:00
pyfocs,pyfocs,2026-07-30,1,without_mirrors,https://pypistats.org/api/packages/pyfocs/overall?mirrors=false,2026-08-28T13:02:19+00:00
pyfocs,pyfocs,2026-07-31,2,without_mirrors,https://pypistats.org/api/packages/pyfocs/overall?mirrors=false,2026-08-28T13:02:19+00:00
pyfocs,pyfocs,2026-08-02,1,without_mirrors,https://pypistats.org/api/packages/pyfocs/overall?mirrors=false,2026-08-28T13:02:19+00:00
pyfocs,pyfocs,2026-08-03,1,without_mirrors,https://pypistats.org/api/packages/pyfocs/overall?mirrors=false,2026-08-28T13:02:19+00:00
pyfocs,pyfocs,2026-08-05,1,without_mirrors,https://pypistats.org/api/packages/pyfocs/overall?mirrors=false,2026-08-28T13:02:19+00:00
pyfocs,pyfocs,2026-08-06,1,without_mirrors,https://pypistats.org/api/packages/pyfocs/overall?mirrors=false,2026-08-28T13:02:19+00:00
pyfocs,pyfocs,2026-08-07,2,without_mirrors,https://pypistats.org/api/packages/pyfocs/overall?mirrors=false,2026-08-28T13:02:19+00:00
pyfocs,pyfocs,2026-08-09,3,without_mirrors,https://pypistats.org/api/packages/pyfocs/overall?mirrors=false,2026-08-28T13:02:19+00:00
pyfocs,pyfocs,2026-08-10,2,without_mirrors,https://pypistats.org/api/packages/pyfocs/overall?mirrors=false,2026-08-28T13:02:19+00:00
pyfocs,pyfocs,2026-08-11,2,without_mirrors,https://pypistats.org/api/packages/pyfocs/overall?mirrors=false,2026-08-28T13:02:19+00:00
pyfocs,pyfocs,2026-08-15,2,without_mirrors,https://pypistats.org/api/packages/pyfocs/overall?mirrors=false,2026-08-28T13:02:19+00:00
pyfocs,pyfocs,2026-08-16,1,without_mirrors,https://pypistats.org/api/packages/pyfocs/overall?mirrors=false,2026-08-28T13:02:19+00:00
pyfocs,pyfocs,2026-08-17,1,without_mirrors,https://pypistats.org/api/packages/pyfocs/overall?mirrors=false,2026-08-28T13:02:19+00:00
pyfocs,pyfocs,2026-08-18,1,without_mirrors,https://pypistats.org/api/packages/pyfocs/overall?mirrors=false,2026-08-28T13:02:19+00:00
pyfocs,pyfocs,2026-08-21,1,without_mirrors,https://pypistats.org/api/packages/pyfocs/overall?mirrors=false,2026-08-28T13:02:19+00:00
pyfocs,pyfocs,2026-08-22,3,without_mirrors,https://pypistats.org/api/packages/pyfocs/overall?mirrors=false,2026-08-28T13:02:19+00:00
pyfocs,pyfocs,2026-08-23,3,without_mirrors,https://pypistats.org/api/packages/pyfocs/overall?mirrors=false,2026-08-28T13:02:19+00:00
pyfocs,pyfocs,2026-08-24,3,without_mirrors,https://pypistats.org/api/packages/pyfocs/overall?mirrors=false,2026-08-28T13:02:19+00:00
pyfocs,pyfocs,2026-08-25,1,without_mirrors,https://pypistats.org/api/packages/pyfocs/overall?mirrors=false,2026-08-28T13:02:19+00:00
pyseafom,pySEAFOM,2026-02-28,1,without_mirrors,https://pypistats.org/api/packages/pyseafom/overall?mirrors=false,2026-08-28T13:02:31+00:00
pyseafom,pySEAFOM,2026-03-03,1,without_mirrors,https://pypistats.org/api/packages/pyseafom/overall?mirrors=false,2026-08-28T13:02:31+00:00
pyseafom,pySEAFOM,2026-03-04,2,without_mirrors,https://pypistats.org/api/packages/pyseafom/overall?mirrors=false,2026-08-28T13:02:31+00:00
pyseafom,pySEAFOM,2026-03-05,5,without_mirrors,https://pypistats.org/api/packages/pyseafom/overall?mirrors=false,2026-08-28T13:02:31+00:00
pyseafom,pySEAFOM,2026-03-07,10,without_mirrors,https://pypistats.org/api/packages/pyseafom/overall?mirrors=false,2026-08-28T13:02:31+00:00
pyseafom,pySEAFOM,2026-03-09,20,without_mirrors,https://pypistats.org/api/packages/pyseafom/overall?mirrors=false,2026-08-28T13:02:31+00:00
pyseafom,pySEAFOM,2026-03-10,9,without_mirrors,https://pypistats.org/api/packages/pyseafom/overall?mirrors=false,2026-08-28T13:02:31+00:00
pyseafom,pySEAFOM,2026-03-13,1,without_mirrors,https://pypistats.org/api/packages/pyseafom/overall?mirrors=false,2026-08-28T13:02:31+00:00
pyseafom,pySEAFOM,2026-03-14,2,without_mirrors,https://pypistats.org/api/packages/pyseafom/overall?mirrors=false,2026-08-28T13:02:31+00:00
pyseafom,pySEAFOM,2026-03-15,2,without_mirrors,https://pypistats.org/api/packages/pyseafom/overall?mirrors=false,2026-08-28T13:02:31+00:00
pyseafom,pySEAFOM,2026-03-17,1,without_mirrors,https://pypistats.org/api/packages/pyseafom/overall?mirrors=false,2026-08-28T13:02:31+00:00
pyseafom,pySEAFOM,2026-03-20,7,without_mirrors,https://pypistats.org/api/packages/pyseafom/overall?mirrors=false,2026-08-28T13:02:31+00:00
pyseafom,pySEAFOM,2026-03-21,91,without_mirrors,https://pypistats.org/api/packages/pyseafom/overall?mirrors=false,2026-08-28T13:02:31+00:00
pyseafom,pySEAFOM,2026-03-22,5,without_mirrors,https://pypistats.org/api/packages/pyseafom/overall?mirrors=false,2026-08-28T13:02:31+00:00
pyseafom,pySEAFOM,2026-03-23,7,without_mirrors,https://pypistats.org/api/packages/pyseafom/overall?mirrors=false,2026-08-28T13:02:31+00:00
pyseafom,pySEAFOM,2026-03-24,4,without_mirrors,https://pypistats.org/api/packages/pyseafom/overall?mirrors=false,2026-08-28T13:02:31+00:00
pyseafom,pySEAFOM,2026-03-25,1,without_mirrors,https://pypistats.org/api/packages/pyseafom/overall?mirrors=false,2026-08-28T13:02:31+00:00
pyseafom,pySEAFOM,2026-03-26,4,without_mirrors,https://pypistats.org/api/packages/pyseafom/overall?mirrors=false,2026-08-28T13:02:31+00:00
pyseafom,pySEAFOM,2026-03-27,1,without_mirrors,https://pypistats.org/api/packages/pyseafom/overall?mirrors=false,2026-08-28T13:02:31+00:00
pyseafom,pySEAFOM,2026-03-28,5,without_mirrors,https://pypistats.org/api/packages/pyseafom/overall?mirrors=false,2026-08-28T13:02:31+00:00
pyseafom,pySEAFOM,2026-04-01,3,without_mirrors,https://pypistats.org/api/packages/pyseafom/overall?mirrors=false,2026-08-28T13:02:31+00:00
pyseafom,pySEAFOM,2026-04-04,31,without_mirrors,https://pypistats.org/api/packages/pyseafom/overall?mirrors=false,2026-08-28T13:02:31+00:00
pyseafom,pySEAFOM,2026-04-07,2,without_mirrors,https://pypistats.org/api/packages/pyseafom/overall?mirrors=false,2026-08-28T13:02:31+00:00
pyseafom,pySEAFOM,2026-04-08,2,without_mirrors,https://pypistats.org/api/packages/pyseafom/overall?mirrors=false,2026-08-28T13:02:31+00:00
pyseafom,pySEAFOM,2026-04-10,2,without_mirrors,https://pypistats.org/api/packages/pyseafom/overall?mirrors=false,2026-08-28T13:02:31+00:00
pyseafom,pySEAFOM,2026-04-11,2,without_mirrors,https://pypistats.org/api/packages/pyseafom/overall?mirrors=false,2026-08-28T13:02:31+00:00
pyseafom,pySEAFOM,2026-04-12,4,without_mirrors,https://pypistats.org/api/packages/pyseafom/overall?mirrors=false,2026-08-28T13:02:31+00:00
pyseafom,pySEAFOM,2026-04-13,2,without_mirrors,https://pypistats.org/api/packages/pyseafom/overall?mirrors=false,2026-08-28T13:02:31+00:00
pyseafom,pySEAFOM,2026-04-14,2,without_mirrors,https://pypistats.org/api/packages/pyseafom/overall?mirrors=false,2026-08-28T13:02:31+00:00
pyseafom,pySEAFOM,2026-04-15,4,without_mirrors,https://pypistats.org/api/packages/pyseafom/overall?mirrors=false,2026-08-28T13:02:31+00:00
pyseafom,pySEAFOM,2026-04-20,2,without_mirrors,https://pypistats.org/api/packages/pyseafom/overall?mirrors=false,2026-08-28T13:02:31+00:00
pyseafom,pySEAFOM,2026-04-21,2,without_mirrors,https://pypistats.org/api/packages/pyseafom/overall?mirrors=false,2026-08-28T13:02:31+00:00
pyseafom,pySEAFOM,2026-04-22,2,without_mirrors,https://pypistats.org/api/packages/pyseafom/overall?mirrors=false,2026-08-28T13:02:31+00:00
pyseafom,pySEAFOM,2026-04-23,2,without_mirrors,https://pypistats.org/api/packages/pyseafom/overall?mirrors=false,2026-08-28T13:02:31+00:00
pyseafom,pySEAFOM,2026-04-27,4,without_mirrors,https://pypistats.org/api/packages/pyseafom/overall?mirrors=false,2026-08-28T13:02:31+00:00
pyseafom,pySEAFOM,2026-04-29,4,without_mirrors,https://pypistats.org/api/packages/pyseafom/overall?mirrors=false,2026-08-28T13:02:31+00:00
pyseafom,pySEAFOM,2026-04-30,4,without_mirrors,https://pypistats.org/api/packages/pyseafom/overall?mirrors=false,2026-08-28T13:02:31+00:00
pyseafom,pySEAFOM,2026-05-02,1,without_mirrors,https://pypistats.org/api/packages/pyseafom/overall?mirrors=false,2026-08-28T13:02:31+00:00
pyseafom,pySEAFOM,2026-05-03,4,without_mirrors,https://pypistats.org/api/packages/pyseafom/overall?mirrors=false,2026-08-28T13:02:31+00:00
pyseafom,pySEAFOM,2026-05-04,1,without_mirrors,https://pypistats.org/api/packages/pyseafom/overall?mirrors=false,2026-08-28T13:02:31+00:00
pyseafom,pySEAFOM,2026-05-05,3,without_mirrors,https://pypistats.org/api/packages/pyseafom/overall?mirrors=false,2026-08-28T13:02:31+00:00
pyseafom,pySEAFOM,2026-05-06,24,without_mirrors,https://pypistats.org/api/packages/pyseafom/overall?mirrors=false,2026-08-28T13:02:31+00:00
pyseafom,pySEAFOM,2026-05-07,17,without_mirrors,https://pypistats.org/api/packages/pyseafom/overall?mirrors=false,2026-08-28T13:02:31+00:00
pyseafom,pySEAFOM,2026-05-08,1,without_mirrors,https://pypistats.org/api/packages/pyseafom/overall?mirrors=false,2026-08-28T13:02:31+00:00
pyseafom,pySEAFOM,2026-05-15,1,without_mirrors,https://pypistats.org/api/packages/pyseafom/overall?mirrors=false,2026-08-28T13:02:31+00:00
pyseafom,pySEAFOM,2026-05-16,2,without_mirrors,https://pypistats.org/api/packages/pyseafom/overall?mirrors=false,2026-08-28T13:02:31+00:00
pyseafom,pySEAFOM,2026-05-17,1,without_mirrors,https://pypistats.org/api/packages/pyseafom/overall?mirrors=false,2026-08-28T13:02:31+00:00
pyseafom,pySEAFOM,2026-05-18,21,without_mirrors,https://pypistats.org/api/packages/pyseafom/overall?mirrors=false,2026-08-28T13:02:31+00:00
pyseafom,pySEAFOM,2026-05-21,1,without_mirrors,https://pypistats.org/api/packages/pyseafom/overall?mirrors=false,2026-08-28T13:02:31+00:00
pyseafom,pySEAFOM,2026-05-22,3,without_mirrors,https://pypistats.org/api/packages/pyseafom/overall?mirrors=false,2026-08-28T13:02:31+00:00
pyseafom,pySEAFOM,2026-05-23,2,without_mirrors,https://pypistats.org/api/packages/pyseafom/overall?mirrors=false,2026-08-28T13:02:31+00:00
pyseafom,pySEAFOM,2026-05-24,2,without_mirrors,https://pypistats.org/api/packages/pyseafom/overall?mirrors=false,2026-08-28T13:02:31+00:00
pyseafom,pySEAFOM,2026-05-25,1,without_mirrors,https://pypistats.org/api/packages/pyseafom/overall?mirrors=false,2026-08-28T13:02:31+00:00
pyseafom,pySEAFOM,2026-05-29,1,without_mirrors,https://pypistats.org/api/packages/pyseafom/overall?mirrors=false,2026-08-28T13:02:31+00:00
pyseafom,pySEAFOM,2026-05-30,5,without_mirrors,https://pypistats.org/api/packages/pyseafom/overall?mirrors=false,2026-08-28T13:02:31+00:00
pyseafom,pySEAFOM,2026-06-02,2,without_mirrors,https://pypistats.org/api/packages/pyseafom/overall?mirrors=false,2026-08-28T13:02:31+00:00
pyseafom,pySEAFOM,2026-06-05,12,without_mirrors,https://pypistats.org/api/packages/pyseafom/overall?mirrors=false,2026-08-28T13:02:31+00:00
pyseafom,pySEAFOM,2026-06-06,26,without_mirrors,https://pypistats.org/api/packages/pyseafom/overall?mirrors=false,2026-08-28T13:02:31+00:00
pyseafom,pySEAFOM,2026-06-07,4,without_mirrors,https://pypistats.org/api/packages/pyseafom/overall?mirrors=false,2026-08-28T13:02:31+00:00
pyseafom,pySEAFOM,2026-06-08,5,without_mirrors,https://pypistats.org/api/packages/pyseafom/overall?mirrors=false,2026-08-28T13:02:31+00:00
pyseafom,pySEAFOM,2026-06-10,9,without_mirrors,https://pypistats.org/api/packages/pyseafom/overall?mirrors=false,2026-08-28T13:02:31+00:00
pyseafom,pySEAFOM,2026-06-11,5,without_mirrors,https://pypistats.org/api/packages/pyseafom/overall?mirrors=false,2026-08-28T13:02:31+00:00
pyseafom,pySEAFOM,2026-06-15,1,without_mirrors,https://pypistats.org/api/packages/pyseafom/overall?mirrors=false,2026-08-28T13:02:31+00:00
pyseafom,pySEAFOM,2026-06-16,1,without_mirrors,https://pypistats.org/api/packages/pyseafom/overall?mirrors=false,2026-08-28T13:02:31+00:00
pyseafom,pySEAFOM,2026-06-18,1,without_mirrors,https://pypistats.org/api/packages/pyseafom/overall?mirrors=false,2026-08-28T13:02:31+00:00
pyseafom,pySEAFOM,2026-06-21,5,without_mirrors,https://pypistats.org/api/packages/pyseafom/overall?mirrors=false,2026-08-28T13:02:31+00:00
pyseafom,pySEAFOM,2026-06-23,5,without_mirrors,https://pypistats.org/api/packages/pyseafom/overall?mirrors=false,2026-08-28T13:02:31+00:00
pyseafom,pySEAFOM,2026-06-24,3,without_mirrors,https://pypistats.org/api/packages/pyseafom/overall?mirrors=false,2026-08-28T13:02:31+00:00
pyseafom,pySEAFOM,2026-06-26,2,without_mirrors,https://pypistats.org/api/packages/pyseafom/overall?mirrors=false,2026-08-28T13:02:31+00:00
pyseafom,pySEAFOM,2026-06-27,1,without_mirrors,https://pypistats.org/api/packages/pyseafom/overall?mirrors=false,2026-08-28T13:02:31+00:00
pyseafom,pySEAFOM,2026-06-29,18,without_mirrors,https://pypistats.org/api/packages/pyseafom/overall?mirrors=false,2026-08-28T13:02:31+00:00
pyseafom,pySEAFOM,2026-06-30,19,without_mirrors,https://pypistats.org/api/packages/pyseafom/overall?mirrors=false,2026-08-28T13:02:31+00:00
pyseafom,pySEAFOM,2026-07-03,2,without_mirrors,https://pypistats.org/api/packages/pyseafom/overall?mirrors=false,2026-08-28T13:02:31+00:00
pyseafom,pySEAFOM,2026-07-06,2,without_mirrors,https://pypistats.org/api/packages/pyseafom/overall?mirrors=false,2026-08-28T13:02:31+00:00
pyseafom,pySEAFOM,2026-07-09,2,without_mirrors,https://pypistats.org/api/packages/pyseafom/overall?mirrors=false,2026-08-28T13:02:31+00:00
pyseafom,pySEAFOM,2026-07-12,1,without_mirrors,https://pypistats.org/api/packages/pyseafom/overall?mirrors=false,2026-08-28T13:02:31+00:00
pyseafom,pySEAFOM,2026-07-14,1,without_mirrors,https://pypistats.org/api/packages/pyseafom/overall?mirrors=false,2026-08-28T13:02:31+00:00
pyseafom,pySEAFOM,2026-07-15,2,without_mirrors,https://pypistats.org/api/packages/pyseafom/overall?mirrors=false,2026-08-28T13:02:31+00:00
pyseafom,pySEAFOM,2026-07-16,2,without_mirrors,https://pypistats.org/api/packages/pyseafom/overall?mirrors=false,2026-08-28T13:02:31+00:00
pyseafom,pySEAFOM,2026-07-20,1,without_mirrors,https://pypistats.org/api/packages/pyseafom/overall?mirrors=false,2026-08-28T13:02:31+00:00
pyseafom,pySEAFOM,2026-07-22,20,without_mirrors,https://pypistats.org/api/packages/pyseafom/overall?mirrors=false,2026-08-28T13:02:31+00:00
pyseafom,pySEAFOM,2026-07-23,7,without_mirrors,https://pypistats.org/api/packages/pyseafom/overall?mirrors=false,2026-08-28T13:02:31+00:00
pyseafom,pySEAFOM,2026-07-24,2,without_mirrors,https://pypistats.org/api/packages/pyseafom/overall?mirrors=false,2026-08-28T13:02:31+00:00
pyseafom,pySEAFOM,2026-07-27,3,without_mirrors,https://pypistats.org/api/packages/pyseafom/overall?mirrors=false,2026-08-28T13:02:31+00:00
pyseafom,pySEAFOM,2026-08-05,2,without_mirrors,https://pypistats.org/api/packages/pyseafom/overall?mirrors=false,2026-08-28T13:02:31+00:00
pyseafom,pySEAFOM,2026-08-06,1,without_mirrors,https://pypistats.org/api/packages/pyseafom/overall?mirrors=false,2026-08-28T13:02:31+00:00
pyseafom,pySEAFOM,2026-08-09,8,without_mirrors,https://pypistats.org/api/packages/pyseafom/overall?mirrors=false,2026-08-28T13:02:31+00:00
pyseafom,pySEAFOM,2026-08-11,2,without_mirrors,https://pypistats.org/api/packages/pyseafom/overall?mirrors=false,2026-08-28T13:02:31+00:00
pyseafom,pySEAFOM,2026-08-12,2,without_mirrors,https://pypistats.org/api/packages/pyseafom/overall?mirrors=false,2026-08-28T13:02:31+00:00
pyseafom,pySEAFOM,2026-08-15,2,without_mirrors,https://pypistats.org/api/packages/pyseafom/overall?mirrors=false,2026-08-28T13:02:31+00:00
pyseafom,pySEAFOM,2026-08-18,1,without_mirrors,https://pypistats.org/api/packages/pyseafom/overall?mirrors=false,2026-08-28T13:02:31+00:00
pyseafom,pySEAFOM,2026-08-23,4,without_mirrors,https://pypistats.org/api/packages/pyseafom/overall?mirrors=false,2026-08-28T13:02:31+00:00
pyseafom,pySEAFOM,2026-08-24,1,without_mirrors,https://pypistats.org/api/packages/pyseafom/overall?mirrors=false,2026-08-28T13:02:31+00:00
unidas,unidas,2026-03-02,2,without_mirrors,https://pypistats.org/api/packages/unidas/overall?mirrors=false,2026-08-28T13:02:44+00:00
unidas,unidas,2026-03-05,1,without_mirrors,https://pypistats.org/api/packages/unidas/overall?mirrors=false,2026-08-28T13:02:44+00:00
unidas,unidas,2026-03-06,2,without_mirrors,https://pypistats.org/api/packages/unidas/overall?mirrors=false,2026-08-28T13:02:44+00:00
unidas,unidas,2026-03-10,1,without_mirrors,https://pypistats.org/api/packages/unidas/overall?mirrors=false,2026-08-28T13:02:44+00:00
unidas,unidas,2026-03-13,2,without_mirrors,https://pypistats.org/api/packages/unidas/overall?mirrors=false,2026-08-28T13:02:44+00:00
unidas,unidas,2026-03-14,1,without_mirrors,https://pypistats.org/api/packages/unidas/overall?mirrors=false,2026-08-28T13:02:44+00:00
unidas,unidas,2026-03-15,2,without_mirrors,https://pypistats.org/api/packages/unidas/overall?mirrors=false,2026-08-28T13:02:44+00:00
unidas,unidas,2026-03-17,2,without_mirrors,https://pypistats.org/api/packages/unidas/overall?mirrors=false,2026-08-28T13:02:44+00:00
unidas,unidas,2026-03-20,1,without_mirrors,https://pypistats.org/api/packages/unidas/overall?mirrors=false,2026-08-28T13:02:44+00:00
unidas,unidas,2026-03-28,2,without_mirrors,https://pypistats.org/api/packages/unidas/overall?mirrors=false,2026-08-28T13:02:44+00:00
unidas,unidas,2026-04-01,1,without_mirrors,https://pypistats.org/api/packages/unidas/overall?mirrors=false,2026-08-28T13:02:44+00:00
unidas,unidas,2026-04-11,1,without_mirrors,https://pypistats.org/api/packages/unidas/overall?mirrors=false,2026-08-28T13:02:44+00:00
unidas,unidas,2026-04-20,1,without_mirrors,https://pypistats.org/api/packages/unidas/overall?mirrors=false,2026-08-28T13:02:44+00:00
unidas,unidas,2026-04-21,1,without_mirrors,https://pypistats.org/api/packages/unidas/overall?mirrors=false,2026-08-28T13:02:44+00:00
unidas,unidas,2026-04-23,1,without_mirrors,https://pypistats.org/api/packages/unidas/overall?mirrors=false,2026-08-28T13:02:44+00:00
unidas,unidas,2026-04-24,4,without_mirrors,https://pypistats.org/api/packages/unidas/overall?mirrors=false,2026-08-28T13:02:44+00:00
unidas,unidas,2026-04-29,1,without_mirrors,https://pypistats.org/api/packages/unidas/overall?mirrors=false,2026-08-28T13:02:44+00:00
unidas,unidas,2026-04-30,2,without_mirrors,https://pypistats.org/api/packages/unidas/overall?mirrors=false,2026-08-28T13:02:44+00:00
unidas,unidas,2026-05-03,2,without_mirrors,https://pypistats.org/api/packages/unidas/overall?mirrors=false,2026-08-28T13:02:44+00:00
unidas,unidas,2026-05-05,3,without_mirrors,https://pypistats.org/api/packages/unidas/overall?mirrors=false,2026-08-28T13:02:44+00:00
unidas,unidas,2026-05-07,91,without_mirrors,https://pypistats.org/api/packages/unidas/overall?mirrors=false,2026-08-28T13:02:44+00:00
unidas,unidas,2026-05-08,78,without_mirrors,https://pypistats.org/api/packages/unidas/overall?mirrors=false,2026-08-28T13:02:44+00:00
unidas,unidas,2026-05-09,2,without_mirrors,https://pypistats.org/api/packages/unidas/overall?mirrors=false,2026-08-28T13:02:44+00:00
unidas,unidas,2026-05-10,5,without_mirrors,https://pypistats.org/api/packages/unidas/overall?mirrors=false,2026-08-28T13:02:44+00:00
unidas,unidas,2026-05-11,4,without_mirrors,https://pypistats.org/api/packages/unidas/overall?mirrors=false,2026-08-28T13:02:44+00:00
unidas,unidas,2026-05-12,2,without_mirrors,https://pypistats.org/api/packages/unidas/overall?mirrors=false,2026-08-28T13:02:44+00:00
unidas,unidas,2026-05-14,5,without_mirrors,https://pypistats.org/api/packages/unidas/overall?mirrors=false,2026-08-28T13:02:44+00:00
unidas,unidas,2026-05-15,1,without_mirrors,https://pypistats.org/api/packages/unidas/overall?mirrors=false,2026-08-28T13:02:44+00:00
unidas,unidas,2026-05-16,6,without_mirrors,https://pypistats.org/api/packages/unidas/overall?mirrors=false,2026-08-28T13:02:44+00:00
unidas,unidas,2026-05-18,5,without_mirrors,https://pypistats.org/api/packages/unidas/overall?mirrors=false,2026-08-28T13:02:44+00:00
unidas,unidas,2026-05-21,7,without_mirrors,https://pypistats.org/api/packages/unidas/overall?mirrors=false,2026-08-28T13:02:44+00:00
unidas,unidas,2026-05-25,2,without_mirrors,https://pypistats.org/api/packages/unidas/overall?mirrors=false,2026-08-28T13:02:44+00:00
unidas,unidas,2026-05-29,1,without_mirrors,https://pypistats.org/api/packages/unidas/overall?mirrors=false,2026-08-28T13:02:44+00:00
unidas,unidas,2026-06-01,1,without_mirrors,https://pypistats.org/api/packages/unidas/overall?mirrors=false,2026-08-28T13:02:44+00:00
unidas,unidas,2026-06-02,3,without_mirrors,https://pypistats.org/api/packages/unidas/overall?mirrors=false,2026-08-28T13:02:44+00:00
unidas,unidas,2026-06-05,11,without_mirrors,https://pypistats.org/api/packages/unidas/overall?mirrors=false,2026-08-28T13:02:44+00:00
unidas,unidas,2026-06-06,28,without_mirrors,https://pypistats.org/api/packages/unidas/overall?mirrors=false,2026-08-28T13:02:44+00:00
unidas,unidas,2026-06-07,1,without_mirrors,https://pypistats.org/api/packages/unidas/overall?mirrors=false,2026-08-28T13:02:44+00:00
unidas,unidas,2026-06-10,2,without_mirrors,https://pypistats.org/api/packages/unidas/overall?mirrors=false,2026-08-28T13:02:44+00:00
unidas,unidas,2026-06-11,2,without_mirrors,https://pypistats.org/api/packages/unidas/overall?mirrors=false,2026-08-28T13:02:44+00:00
unidas,unidas,2026-06-16,1,without_mirrors,https://pypistats.org/api/packages/unidas/overall?mirrors=false,2026-08-28T13:02:44+00:00
unidas,unidas,2026-06-18,1,without_mirrors,https://pypistats.org/api/packages/unidas/overall?mirrors=false,2026-08-28T13:02:44+00:00
unidas,unidas,2026-06-19,1,without_mirrors,https://pypistats.org/api/packages/unidas/overall?mirrors=false,2026-08-28T13:02:44+00:00
unidas,unidas,2026-06-20,2,without_mirrors,https://pypistats.org/api/packages/unidas/overall?mirrors=false,2026-08-28T13:02:44+00:00
unidas,unidas,2026-06-21,3,without_mirrors,https://pypistats.org/api/packages/unidas/overall?mirrors=false,2026-08-28T13:02:44+00:00
unidas,unidas,2026-06-23,2,without_mirrors,https://pypistats.org/api/packages/unidas/overall?mirrors=false,2026-08-28T13:02:44+00:00
unidas,unidas,2026-06-29,2,without_mirrors,https://pypistats.org/api/packages/unidas/overall?mirrors=false,2026-08-28T13:02:44+00:00
unidas,unidas,2026-06-30,3,without_mirrors,https://pypistats.org/api/packages/unidas/overall?mirrors=false,2026-08-28T13:02:44+00:00
unidas,unidas,2026-07-03,1,without_mirrors,https://pypistats.org/api/packages/unidas/overall?mirrors=false,2026-08-28T13:02:44+00:00
unidas,unidas,2026-07-04,1,without_mirrors,https://pypistats.org/api/packages/unidas/overall?mirrors=false,2026-08-28T13:02:44+00:00
unidas,unidas,2026-07-06,1,without_mirrors,https://pypistats.org/api/packages/unidas/overall?mirrors=false,2026-08-28T13:02:44+00:00
unidas,unidas,2026-07-08,2,without_mirrors,https://pypistats.org/api/packages/unidas/overall?mirrors=false,2026-08-28T13:02:44+00:00
unidas,unidas,2026-07-13,3,without_mirrors,https://pypistats.org/api/packages/unidas/overall?mirrors=false,2026-08-28T13:02:44+00:00
unidas,unidas,2026-07-14,1,without_mirrors,https://pypistats.org/api/packages/unidas/overall?mirrors=false,2026-08-28T13:02:44+00:00
unidas,unidas,2026-07-15,2,without_mirrors,https://pypistats.org/api/packages/unidas/overall?mirrors=false,2026-08-28T13:02:44+00:00
unidas,unidas,2026-07-16,4,without_mirrors,https://pypistats.org/api/packages/unidas/overall?mirrors=false,2026-08-28T13:02:44+00:00
unidas,unidas,2026-07-19,2,without_mirrors,https://pypistats.org/api/packages/unidas/overall?mirrors=false,2026-08-28T13:02:44+00:00
unidas,unidas,2026-07-20,1,without_mirrors,https://pypistats.org/api/packages/unidas/overall?mirrors=false,2026-08-28T13:02:44+00:00
unidas,unidas,2026-07-22,2,without_mirrors,https://pypistats.org/api/packages/unidas/overall?mirrors=false,2026-08-28T13:02:44+00:00
unidas,unidas,2026-07-23,4,without_mirrors,https://pypistats.org/api/packages/unidas/overall?mirrors=false,2026-08-28T13:02:44+00:00
unidas,unidas,2026-07-24,1,without_mirrors,https://pypistats.org/api/packages/unidas/overall?mirrors=false,2026-08-28T13:02:44+00:00
unidas,unidas,2026-08-02,1,without_mirrors,https://pypistats.org/api/packages/unidas/overall?mirrors=false,2026-08-28T13:02:44+00:00
unidas,unidas,2026-08-03,2,without_mirrors,https://pypistats.org/api/packages/unidas/overall?mirrors=false,2026-08-28T13:02:44+00:00
unidas,unidas,2026-08-04,2,without_mirrors,https://pypistats.org/api/packages/unidas/overall?mirrors=false,2026-08-28T13:02:44+00:00
unidas,unidas,2026-08-06,1,without_mirrors,https://pypistats.org/api/packages/unidas/overall?mirrors=false,2026-08-28T13:02:44+00:00
unidas,unidas,2026-08-09,3,without_mirrors,https://pypistats.org/api/packages/unidas/overall?mirrors=false,2026-08-28T13:02:44+00:00
unidas,unidas,2026-08-16,3,without_mirrors,https://pypistats.org/api/packages/unidas/overall?mirrors=false,2026-08-28T13:02:44+00:00
unidas,unidas,2026-08-21,1,without_mirrors,https://pypistats.org/api/packages/unidas/overall?mirrors=false,2026-08-28T13:02:44+00:00
unidas,unidas,2026-08-23,2,without_mirrors,https://pypistats.org/api/packages/unidas/overall?mirrors=false,2026-08-28T13:02:44+00:00
unidas,unidas,2026-08-27,1,without_mirrors,https://pypistats.org/api/packages/unidas/overall?mirrors=false,2026-08-28T13:02:44+00:00
xdas,xdas,2026-02-28,32,without_mirrors,https://pypistats.org/api/packages/xdas/overall?mirrors=false,2026-08-28T13:02:57+00:00
xdas,xdas,2026-03-01,63,without_mirrors,https://pypistats.org/api/packages/xdas/overall?mirrors=false,2026-08-28T13:02:57+00:00
xdas,xdas,2026-03-02,92,without_mirrors,https://pypistats.org/api/packages/xdas/overall?mirrors=false,2026-08-28T13:02:57+00:00
xdas,xdas,2026-03-03,113,without_mirrors,https://pypistats.org/api/packages/xdas/overall?mirrors=false,2026-08-28T13:02:57+00:00
xdas,xdas,2026-03-04,144,without_mirrors,https://pypistats.org/api/packages/xdas/overall?mirrors=false,2026-08-28T13:02:57+00:00
xdas,xdas,2026-03-05,152,without_mirrors,https://pypistats.org/api/packages/xdas/overall?mirrors=false,2026-08-28T13:02:57+00:00
xdas,xdas,2026-03-06,144,without_mirrors,https://pypistats.org/api/packages/xdas/overall?mirrors=false,2026-08-28T13:02:57+00:00
xdas,xdas,2026-03-07,57,without_mirrors,https://pypistats.org/api/packages/xdas/overall?mirrors=false,2026-08-28T13:02:57+00:00
xdas,xdas,2026-03-08,55,without_mirrors,https://pypistats.org/api/packages/xdas/overall?mirrors=false,2026-08-28T13:02:57+00:00
xdas,xdas,2026-03-09,113,without_mirrors,https://pypistats.org/api/packages/xdas/overall?mirrors=false,2026-08-28T13:02:57+00:00
xdas,xdas,2026-03-10,496,without_mirrors,https://pypistats.org/api/packages/xdas/overall?mirrors=false,2026-08-28T13:02:57+00:00
xdas,xdas,2026-03-11,485,without_mirrors,https://pypistats.org/api/packages/xdas/overall?mirrors=false,2026-08-28T13:02:57+00:00
xdas,xdas,2026-03-12,26,without_mirrors,https://pypistats.org/api/packages/xdas/overall?mirrors=false,2026-08-28T13:02:57+00:00
xdas,xdas,2026-03-13,61,without_mirrors,https://pypistats.org/api/packages/xdas/overall?mirrors=false,2026-08-28T13:02:57+00:00
xdas,xdas,2026-03-14,32,without_mirrors,https://pypistats.org/api/packages/xdas/overall?mirrors=false,2026-08-28T13:02:57+00:00
xdas,xdas,2026-03-15,6,without_mirrors,https://pypistats.org/api/packages/xdas/overall?mirrors=false,2026-08-28T13:02:57+00:00
xdas,xdas,2026-03-16,20,without_mirrors,https://pypistats.org/api/packages/xdas/overall?mirrors=false,2026-08-28T13:02:57+00:00
xdas,xdas,2026-03-17,24,without_mirrors,https://pypistats.org/api/packages/xdas/overall?mirrors=false,2026-08-28T13:02:57+00:00
xdas,xdas,2026-03-18,13,without_mirrors,https://pypistats.org/api/packages/xdas/overall?mirrors=false,2026-08-28T13:02:57+00:00
xdas,xdas,2026-03-19,15,without_mirrors,https://pypistats.org/api/packages/xdas/overall?mirrors=false,2026-08-28T13:02:57+00:00
xdas,xdas,2026-03-20,224,without_mirrors,https://pypistats.org/api/packages/xdas/overall?mirrors=false,2026-08-28T13:02:57+00:00
xdas,xdas,2026-03-21,4,without_mirrors,https://pypistats.org/api/packages/xdas/overall?mirrors=false,2026-08-28T13:02:57+00:00
xdas,xdas,2026-03-22,6,without_mirrors,https://pypistats.org/api/packages/xdas/overall?mirrors=false,2026-08-28T13:02:57+00:00
xdas,xdas,2026-03-23,19,without_mirrors,https://pypistats.org/api/packages/xdas/overall?mirrors=false,2026-08-28T13:02:57+00:00
xdas,xdas,2026-03-24,59,without_mirrors,https://pypistats.org/api/packages/xdas/overall?mirrors=false,2026-08-28T13:02:57+00:00
xdas,xdas,2026-03-25,73,without_mirrors,https://pypistats.org/api/packages/xdas/overall?mirrors=false,2026-08-28T13:02:57+00:00
xdas,xdas,2026-03-26,25,without_mirrors,https://pypistats.org/api/packages/xdas/overall?mirrors=false,2026-08-28T13:02:57+00:00
xdas,xdas,2026-03-27,14,without_mirrors,https://pypistats.org/api/packages/xdas/overall?mirrors=false,2026-08-28T13:02:57+00:00
xdas,xdas,2026-03-28,6,without_mirrors,https://pypistats.org/api/packages/xdas/overall?mirrors=false,2026-08-28T13:02:57+00:00
xdas,xdas,2026-03-29,11,without_mirrors,https://pypistats.org/api/packages/xdas/overall?mirrors=false,2026-08-28T13:02:57+00:00
xdas,xdas,2026-03-30,49,without_mirrors,https://pypistats.org/api/packages/xdas/overall?mirrors=false,2026-08-28T13:02:57+00:00
xdas,xdas,2026-03-31,18,without_mirrors,https://pypistats.org/api/packages/xdas/overall?mirrors=false,2026-08-28T13:02:57+00:00
xdas,xdas,2026-04-01,22,without_mirrors,https://pypistats.org/api/packages/xdas/overall?mirrors=false,2026-08-28T13:02:57+00:00
xdas,xdas,2026-04-02,16,without_mirrors,https://pypistats.org/api/packages/xdas/overall?mirrors=false,2026-08-28T13:02:57+00:00
xdas,xdas,2026-04-03,20,without_mirrors,https://pypistats.org/api/packages/xdas/overall?mirrors=false,2026-08-28T13:02:57+00:00
xdas,xdas,2026-04-04,17,without_mirrors,https://pypistats.org/api/packages/xdas/overall?mirrors=false,2026-08-28T13:02:57+00:00
xdas,xdas,2026-04-05,9,without_mirrors,https://pypistats.org/api/packages/xdas/overall?mirrors=false,2026-08-28T13:02:57+00:00
xdas,xdas,2026-04-06,12,without_mirrors,https://pypistats.org/api/packages/xdas/overall?mirrors=false,2026-08-28T13:02:57+00:00
xdas,xdas,2026-04-07,37,without_mirrors,https://pypistats.org/api/packages/xdas/overall?mirrors=false,2026-08-28T13:02:57+00:00
xdas,xdas,2026-04-08,31,without_mirrors,https://pypistats.org/api/packages/xdas/overall?mirrors=false,2026-08-28T13:02:57+00:00
xdas,xdas,2026-04-09,17,without_mirrors,https://pypistats.org/api/packages/xdas/overall?mirrors=false,2026-08-28T13:02:57+00:00
xdas,xdas,2026-04-10,18,without_mirrors,https://pypistats.org/api/packages/xdas/overall?mirrors=false,2026-08-28T13:02:57+00:00
xdas,xdas,2026-04-11,11,without_mirrors,https://pypistats.org/api/packages/xdas/overall?mirrors=false,2026-08-28T13:02:57+00:00
xdas,xdas,2026-04-12,9,without_mirrors,https://pypistats.org/api/packages/xdas/overall?mirrors=false,2026-08-28T13:02:57+00:00
xdas,xdas,2026-04-13,46,without_mirrors,https://pypistats.org/api/packages/xdas/overall?mirrors=false,2026-08-28T13:02:57+00:00
xdas,xdas,2026-04-14,88,without_mirrors,https://pypistats.org/api/packages/xdas/overall?mirrors=false,2026-08-28T13:02:57+00:00
xdas,xdas,2026-04-15,80,without_mirrors,https://pypistats.org/api/packages/xdas/overall?mirrors=false,2026-08-28T13:02:57+00:00
xdas,xdas,2026-04-16,13,without_mirrors,https://pypistats.org/api/packages/xdas/overall?mirrors=false,2026-08-28T13:02:57+00:00
xdas,xdas,2026-04-17,22,without_mirrors,https://pypistats.org/api/packages/xdas/overall?mirrors=false,2026-08-28T13:02:57+00:00
xdas,xdas,2026-04-18,11,without_mirrors,https://pypistats.org/api/packages/xdas/overall?mirrors=false,2026-08-28T13:02:57+00:00
xdas,xdas,2026-04-19,12,without_mirrors,https://pypistats.org/api/packages/xdas/overall?mirrors=false,2026-08-28T13:02:57+00:00
xdas,xdas,2026-04-20,45,without_mirrors,https://pypistats.org/api/packages/xdas/overall?mirrors=false,2026-08-28T13:02:57+00:00
xdas,xdas,2026-04-21,109,without_mirrors,https://pypistats.org/api/packages/xdas/overall?mirrors=false,2026-08-28T13:02:57+00:00
xdas,xdas,2026-04-22,22,without_mirrors,https://pypistats.org/api/packages/xdas/overall?mirrors=false,2026-08-28T13:02:57+00:00
xdas,xdas,2026-04-23,2,without_mirrors,https://pypistats.org/api/packages/xdas/overall?mirrors=false,2026-08-28T13:02:57+00:00
xdas,xdas,2026-04-24,20,without_mirrors,https://pypistats.org/api/packages/xdas/overall?mirrors=false,2026-08-28T13:02:57+00:00
xdas,xdas,2026-04-25,7,without_mirrors,https://pypistats.org/api/packages/xdas/overall?mirrors=false,2026-08-28T13:02:57+00:00
xdas,xdas,2026-04-26,5,without_mirrors,https://pypistats.org/api/packages/xdas/overall?mirrors=false,2026-08-28T13:02:57+00:00
xdas,xdas,2026-04-27,20,without_mirrors,https://pypistats.org/api/packages/xdas/overall?mirrors=false,2026-08-28T13:02:57+00:00
xdas,xdas,2026-04-28,10,without_mirrors,https://pypistats.org/api/packages/xdas/overall?mirrors=false,2026-08-28T13:02:57+00:00
xdas,xdas,2026-04-29,10,without_mirrors,https://pypistats.org/api/packages/xdas/overall?mirrors=false,2026-08-28T13:02:57+00:00
xdas,xdas,2026-04-30,86,without_mirrors,https://pypistats.org/api/packages/xdas/overall?mirrors=false,2026-08-28T13:02:57+00:00
xdas,xdas,2026-05-01,26,without_mirrors,https://pypistats.org/api/packages/xdas/overall?mirrors=false,2026-08-28T13:02:57+00:00
xdas,xdas,2026-05-02,23,without_mirrors,https://pypistats.org/api/packages/xdas/overall?mirrors=false,2026-08-28T13:02:57+00:00
xdas,xdas,2026-05-03,10,without_mirrors,https://pypistats.org/api/packages/xdas/overall?mirrors=false,2026-08-28T13:02:57+00:00
xdas,xdas,2026-05-04,10,without_mirrors,https://pypistats.org/api/packages/xdas/overall?mirrors=false,2026-08-28T13:02:57+00:00
xdas,xdas,2026-05-05,19,without_mirrors,https://pypistats.org/api/packages/xdas/overall?mirrors=false,2026-08-28T13:02:57+00:00
xdas,xdas,2026-05-06,22,without_mirrors,https://pypistats.org/api/packages/xdas/overall?mirrors=false,2026-08-28T13:02:57+00:00
xdas,xdas,2026-05-07,133,without_mirrors,https://pypistats.org/api/packages/xdas/overall?mirrors=false,2026-08-28T13:02:57+00:00
xdas,xdas,2026-05-08,26,without_mirrors,https://pypistats.org/api/packages/xdas/overall?mirrors=false,2026-08-28T13:02:57+00:00
xdas,xdas,2026-05-09,8,without_mirrors,https://pypistats.org/api/packages/xdas/overall?mirrors=false,2026-08-28T13:02:57+00:00
xdas,xdas,2026-05-10,2,without_mirrors,https://pypistats.org/api/packages/xdas/overall?mirrors=false,2026-08-28T13:02:57+00:00
xdas,xdas,2026-05-11,147,without_mirrors,https://pypistats.org/api/packages/xdas/overall?mirrors=false,2026-08-28T13:02:57+00:00
xdas,xdas,2026-05-12,20,without_mirrors,https://pypistats.org/api/packages/xdas/overall?mirrors=false,2026-08-28T13:02:57+00:00
xdas,xdas,2026-05-13,9,without_mirrors,https://pypistats.org/api/packages/xdas/overall?mirrors=false,2026-08-28T13:02:57+00:00
xdas,xdas,2026-05-14,4,without_mirrors,https://pypistats.org/api/packages/xdas/overall?mirrors=false,2026-08-28T13:02:57+00:00
xdas,xdas,2026-05-15,16,without_mirrors,https://pypistats.org/api/packages/xdas/overall?mirrors=false,2026-08-28T13:02:57+00:00
xdas,xdas,2026-05-16,45,without_mirrors,https://pypistats.org/api/packages/xdas/overall?mirrors=false,2026-08-28T13:02:57+00:00
xdas,xdas,2026-05-17,11,without_mirrors,https://pypistats.org/api/packages/xdas/overall?mirrors=false,2026-08-28T13:02:57+00:00
xdas,xdas,2026-05-18,105,without_mirrors,https://pypistats.org/api/packages/xdas/overall?mirrors=false,2026-08-28T13:02:57+00:00
xdas,xdas,2026-05-19,16,without_mirrors,https://pypistats.org/api/packages/xdas/overall?mirrors=false,2026-08-28T13:02:57+00:00
xdas,xdas,2026-05-20,18,without_mirrors,https://pypistats.org/api/packages/xdas/overall?mirrors=false,2026-08-28T13:02:57+00:00
xdas,xdas,2026-05-21,61,without_mirrors,https://pypistats.org/api/packages/xdas/overall?mirrors=false,2026-08-28T13:02:57+00:00
xdas,xdas,2026-05-22,18,without_mirrors,https://pypistats.org/api/packages/xdas/overall?mirrors=false,2026-08-28T13:02:57+00:00
xdas,xdas,2026-05-23,6,without_mirrors,https://pypistats.org/api/packages/xdas/overall?mirrors=false,2026-08-28T13:02:57+00:00
xdas,xdas,2026-05-24,9,without_mirrors,https://pypistats.org/api/packages/xdas/overall?mirrors=false,2026-08-28T13:02:57+00:00
xdas,xdas,2026-05-25,50,without_mirrors,https://pypistats.org/api/packages/xdas/overall?mirrors=false,2026-08-28T13:02:57+00:00
xdas,xdas,2026-05-26,29,without_mirrors,https://pypistats.org/api/packages/xdas/overall?mirrors=false,2026-08-28T13:02:57+00:00
xdas,xdas,2026-05-27,24,without_mirrors,https://pypistats.org/api/packages/xdas/overall?mirrors=false,2026-08-28T13:02:57+00:00
xdas,xdas,2026-05-28,26,without_mirrors,https://pypistats.org/api/packages/xdas/overall?mirrors=false,2026-08-28T13:02:57+00:00
xdas,xdas,2026-05-29,22,without_mirrors,https://pypistats.org/api/packages/xdas/overall?mirrors=false,2026-08-28T13:02:57+00:00
xdas,xdas,2026-05-30,10,without_mirrors,https://pypistats.org/api/packages/xdas/overall?mirrors=false,2026-08-28T13:02:57+00:00
xdas,xdas,2026-05-31,4,without_mirrors,https://pypistats.org/api/packages/xdas/overall?mirrors=false,2026-08-28T13:02:57+00:00
xdas,xdas,2026-06-01,107,without_mirrors,https://pypistats.org/api/packages/xdas/overall?mirrors=false,2026-08-28T13:02:57+00:00
xdas,xdas,2026-06-02,71,without_mirrors,https://pypistats.org/api/packages/xdas/overall?mirrors=false,2026-08-28T13:02:57+00:00
xdas,xdas,2026-06-03,13,without_mirrors,https://pypistats.org/api/packages/xdas/overall?mirrors=false,2026-08-28T13:02:57+00:00
xdas,xdas,2026-06-04,11,without_mirrors,https://pypistats.org/api/packages/xdas/overall?mirrors=false,2026-08-28T13:02:57+00:00
xdas,xdas,2026-06-05,20,without_mirrors,https://pypistats.org/api/packages/xdas/overall?mirrors=false,2026-08-28T13:02:57+00:00
xdas,xdas,2026-06-06,31,without_mirrors,https://pypistats.org/api/packages/xdas/overall?mirrors=false,2026-08-28T13:02:57+00:00
xdas,xdas,2026-06-07,16,without_mirrors,https://pypistats.org/api/packages/xdas/overall?mirrors=false,2026-08-28T13:02:57+00:00
xdas,xdas,2026-06-08,30,without_mirrors,https://pypistats.org/api/packages/xdas/overall?mirrors=false,2026-08-28T13:02:57+00:00
xdas,xdas,2026-06-09,11,without_mirrors,https://pypistats.org/api/packages/xdas/overall?mirrors=false,2026-08-28T13:02:57+00:00
xdas,xdas,2026-06-10,29,without_mirrors,https://pypistats.org/api/packages/xdas/overall?mirrors=false,2026-08-28T13:02:57+00:00
xdas,xdas,2026-06-11,25,without_mirrors,https://pypistats.org/api/packages/xdas/overall?mirrors=false,2026-08-28T13:02:57+00:00
xdas,xdas,2026-06-12,5,without_mirrors,https://pypistats.org/api/packages/xdas/overall?mirrors=false,2026-08-28T13:02:57+00:00
xdas,xdas,2026-06-13,5,without_mirrors,https://pypistats.org/api/packages/xdas/overall?mirrors=false,2026-08-28T13:02:57+00:00
xdas,xdas,2026-06-14,4,without_mirrors,https://pypistats.org/api/packages/xdas/overall?mirrors=false,2026-08-28T13:02:57+00:00
xdas,xdas,2026-06-15,9,without_mirrors,https://pypistats.org/api/packages/xdas/overall?mirrors=false,2026-08-28T13:02:57+00:00
xdas,xdas,2026-06-16,95,without_mirrors,https://pypistats.org/api/packages/xdas/overall?mirrors=false,2026-08-28T13:02:57+00:00
xdas,xdas,2026-06-17,78,without_mirrors,https://pypistats.org/api/packages/xdas/overall?mirrors=false,2026-08-28T13:02:57+00:00
xdas,xdas,2026-06-18,17,without_mirrors,https://pypistats.org/api/packages/xdas/overall?mirrors=false,2026-08-28T13:02:57+00:00
xdas,xdas,2026-06-19,91,without_mirrors,https://pypistats.org/api/packages/xdas/overall?mirrors=false,2026-08-28T13:02:57+00:00
xdas,xdas,2026-06-20,5,without_mirrors,https://pypistats.org/api/packages/xdas/overall?mirrors=false,2026-08-28T13:02:57+00:00
xdas,xdas,2026-06-21,7,without_mirrors,https://pypistats.org/api/packages/xdas/overall?mirrors=false,2026-08-28T13:02:57+00:00
xdas,xdas,2026-06-22,170,without_mirrors,https://pypistats.org/api/packages/xdas/overall?mirrors=false,2026-08-28T13:02:57+00:00
xdas,xdas,2026-06-23,22,without_mirrors,https://pypistats.org/api/packages/xdas/overall?mirrors=false,2026-08-28T13:02:57+00:00
xdas,xdas,2026-06-24,57,without_mirrors,https://pypistats.org/api/packages/xdas/overall?mirrors=false,2026-08-28T13:02:57+00:00
xdas,xdas,2026-06-25,5,without_mirrors,https://pypistats.org/api/packages/xdas/overall?mirrors=false,2026-08-28T13:02:57+00:00
xdas,xdas,2026-06-26,18,without_mirrors,https://pypistats.org/api/packages/xdas/overall?mirrors=false,2026-08-28T13:02:57+00:00
xdas,xdas,2026-06-27,13,without_mirrors,https://pypistats.org/api/packages/xdas/overall?mirrors=false,2026-08-28T13:02:57+00:00
xdas,xdas,2026-06-28,6,without_mirrors,https://pypistats.org/api/packages/xdas/overall?mirrors=false,2026-08-28T13:02:57+00:00
xdas,xdas,2026-06-29,10,without_mirrors,https://pypistats.org/api/packages/xdas/overall?mirrors=false,2026-08-28T13:02:57+00:00
xdas,xdas,2026-06-30,8,without_mirrors,https://pypistats.org/api/packages/xdas/overall?mirrors=false,2026-08-28T13:02:57+00:00
xdas,xdas,2026-07-01,29,without_mirrors,https://pypistats.org/api/packages/xdas/overall?mirrors=false,2026-08-28T13:02:57+00:00
xdas,xdas,2026-07-02,11,without_mirrors,https://pypistats.org/api/packages/xdas/overall?mirrors=false,2026-08-28T13:02:57+00:00
xdas,xdas,2026-07-03,40,without_mirrors,https://pypistats.org/api/packages/xdas/overall?mirrors=false,2026-08-28T13:02:57+00:00
xdas,xdas,2026-07-04,52,without_mirrors,https://pypistats.org/api/packages/xdas/overall?mirrors=false,2026-08-28T13:02:57+00:00
xdas,xdas,2026-07-05,19,without_mirrors,https://pypistats.org/api/packages/xdas/overall?mirrors=false,2026-08-28T13:02:57+00:00
xdas,xdas,2026-07-06,4,without_mirrors,https://pypistats.org/api/packages/xdas/overall?mirrors=false,2026-08-28T13:02:57+00:00
xdas,xdas,2026-07-07,11,without_mirrors,https://pypistats.org/api/packages/xdas/overall?mirrors=false,2026-08-28T13:02:57+00:00
xdas,xdas,2026-07-08,18,without_mirrors,https://pypistats.org/api/packages/xdas/overall?mirrors=false,2026-08-28T13:02:57+00:00
xdas,xdas,2026-07-09,13,without_mirrors,https://pypistats.org/api/packages/xdas/overall?mirrors=false,2026-08-28T13:02:57+00:00
xdas,xdas,2026-07-10,10,without_mirrors,https://pypistats.org/api/packages/xdas/overall?mirrors=false,2026-08-28T13:02:57+00:00
xdas,xdas,2026-07-12,2,without_mirrors,https://pypistats.org/api/packages/xdas/overall?mirrors=false,2026-08-28T13:02:57+00:00
xdas,xdas,2026-07-13,22,without_mirrors,https://pypistats.org/api/packages/xdas/overall?mirrors=false,2026-08-28T13:02:57+00:00
xdas,xdas,2026-07-14,104,without_mirrors,https://pypistats.org/api/packages/xdas/overall?mirrors=false,2026-08-28T13:02:57+00:00
xdas,xdas,2026-07-15,25,without_mirrors,https://pypistats.org/api/packages/xdas/overall?mirrors=false,2026-08-28T13:02:57+00:00
xdas,xdas,2026-07-16,13,without_mirrors,https://pypistats.org/api/packages/xdas/overall?mirrors=false,2026-08-28T13:02:57+00:00
xdas,xdas,2026-07-17,11,without_mirrors,https://pypistats.org/api/packages/xdas/overall?mirrors=false,2026-08-28T13:02:57+00:00
xdas,xdas,2026-07-18,7,without_mirrors,https://pypistats.org/api/packages/xdas/overall?mirrors=false,2026-08-28T13:02:57+00:00
xdas,xdas,2026-07-19,7,without_mirrors,https://pypistats.org/api/packages/xdas/overall?mirrors=false,2026-08-28T13:02:57+00:00
xdas,xdas,2026-07-20,32,without_mirrors,https://pypistats.org/api/packages/xdas/overall?mirrors=false,2026-08-28T13:02:57+00:00
xdas,xdas,2026-07-21,12,without_mirrors,https://pypistats.org/api/packages/xdas/overall?mirrors=false,2026-08-28T13:02:57+00:00
xdas,xdas,2026-07-22,146,without_mirrors,https://pypistats.org/api/packages/xdas/overall?mirrors=false,2026-08-28T13:02:57+00:00
xdas,xdas,2026-07-23,15,without_mirrors,https://pypistats.org/api/packages/xdas/overall?mirrors=false,2026-08-28T13:02:57+00:00
xdas,xdas,2026-07-24,4,without_mirrors,https://pypistats.org/api/packages/xdas/overall?mirrors=false,2026-08-28T13:02:57+00:00
xdas,xdas,2026-07-25,4,without_mirrors,https://pypistats.org/api/packages/xdas/overall?mirrors=false,2026-08-28T13:02:57+00:00
xdas,xdas,2026-07-26,2,without_mirrors,https://pypistats.org/api/packages/xdas/overall?mirrors=false,2026-08-28T13:02:57+00:00
xdas,xdas,2026-07-27,13,without_mirrors,https://pypistats.org/api/packages/xdas/overall?mirrors=false,2026-08-28T13:02:57+00:00
xdas,xdas,2026-07-28,48,without_mirrors,https://pypistats.org/api/packages/xdas/overall?mirrors=false,2026-08-28T13:02:57+00:00
xdas,xdas,2026-07-29,52,without_mirrors,https://pypistats.org/api/packages/xdas/overall?mirrors=false,2026-08-28T13:02:57+00:00
xdas,xdas,2026-07-30,15,without_mirrors,https://pypistats.org/api/packages/xdas/overall?mirrors=false,2026-08-28T13:02:57+00:00
xdas,xdas,2026-07-31,79,without_mirrors,https://pypistats.org/api/packages/xdas/overall?mirrors=false,2026-08-28T13:02:57+00:00
xdas,xdas,2026-08-01,5,without_mirrors,https://pypistats.org/api/packages/xdas/overall?mirrors=false,2026-08-28T13:02:57+00:00
xdas,xdas,2026-08-02,8,without_mirrors,https://pypistats.org/api/packages/xdas/overall?mirrors=false,2026-08-28T13:02:57+00:00
xdas,xdas,2026-08-03,29,without_mirrors,https://pypistats.org/api/packages/xdas/overall?mirrors=false,2026-08-28T13:02:57+00:00
xdas,xdas,2026-08-04,8,without_mirrors,https://pypistats.org/api/packages/xdas/overall?mirrors=false,2026-08-28T13:02:57+00:00
xdas,xdas,2026-08-05,22,without_mirrors,https://pypistats.org/api/packages/xdas/overall?mirrors=false,2026-08-28T13:02:57+00:00
xdas,xdas,2026-08-06,30,without_mirrors,https://pypistats.org/api/packages/xdas/overall?mirrors=false,2026-08-28T13:02:57+00:00
xdas,xdas,2026-08-07,9,without_mirrors,https://pypistats.org/api/packages/xdas/overall?mirrors=false,2026-08-28T13:02:57+00:00
xdas,xdas,2026-08-08,4,without_mirrors,https://pypistats.org/api/packages/xdas/overall?mirrors=false,2026-08-28T13:02:57+00:00
xdas,xdas,2026-08-09,23,without_mirrors,https://pypistats.org/api/packages/xdas/overall?mirrors=false,2026-08-28T13:02:57+00:00
xdas,xdas,2026-08-10,7,without_mirrors,https://pypistats.org/api/packages/xdas/overall?mirrors=false,2026-08-28T13:02:57+00:00
xdas,xdas,2026-08-11,17,without_mirrors,https://pypistats.org/api/packages/xdas/overall?mirrors=false,2026-08-28T13:02:57+00:00
xdas,xdas,2026-08-12,38,without_mirrors,https://pypistats.org/api/packages/xdas/overall?mirrors=false,2026-08-28T13:02:57+00:00
xdas,xdas,2026-08-13,8,without_mirrors,https://pypistats.org/api/packages/xdas/overall?mirrors=false,2026-08-28T13:02:57+00:00
xdas,xdas,2026-08-14,5,without_mirrors,https://pypistats.org/api/packages/xdas/overall?mirrors=false,2026-08-28T13:02:57+00:00
xdas,xdas,2026-08-15,3,without_mirrors,https://pypistats.org/api/packages/xdas/overall?mirrors=false,2026-08-28T13:02:57+00:00
xdas,xdas,2026-08-16,7,without_mirrors,https://pypistats.org/api/packages/xdas/overall?mirrors=false,2026-08-28T13:02:57+00:00
xdas,xdas,2026-08-17,12,without_mirrors,https://pypistats.org/api/packages/xdas/overall?mirrors=false,2026-08-28T13:02:57+00:00
xdas,xdas,2026-08-18,135,without_mirrors,https://pypistats.org/api/packages/xdas/overall?mirrors=false,2026-08-28T13:02:57+00:00
xdas,xdas,2026-08-19,91,without_mirrors,https://pypistats.org/api/packages/xdas/overall?mirrors=false,2026-08-28T13:02:57+00:00
xdas,xdas,2026-08-20,35,without_mirrors,https://pypistats.org/api/packages/xdas/overall?mirrors=false,2026-08-28T13:02:57+00:00
xdas,xdas,2026-08-21,18,without_mirrors,https://pypistats.org/api/packages/xdas/overall?mirrors=false,2026-08-28T13:02:57+00:00
xdas,xdas,2026-08-22,9,without_mirrors,https://pypistats.org/api/packages/xdas/overall?mirrors=false,2026-08-28T13:02:57+00:00
xdas,xdas,2026-08-23,19,without_mirrors,https://pypistats.org/api/packages/xdas/overall?mirrors=false,2026-08-28T13:02:57+00:00
xdas,xdas,2026-08-24,10,without_mirrors,https://pypistats.org/api/packages/xdas/overall?mirrors=false,2026-08-28T13:02:57+00:00
xdas,xdas,2026-08-25,4,without_mirrors,https://pypistats.org/api/packages/xdas/overall?mirrors=false,2026-08-28T13:02:57+00:00
xdas,xdas,2026-08-26,33,without_mirrors,https://pypistats.org/api/packages/xdas/overall?mirrors=false,2026-08-28T13:02:57+00:00
xdas,xdas,2026-08-27,10,without_mirrors,https://pypistats.org/api/packages/xdas/overall?mirrors=false,2026-08-28T13:02:57+00:00
