id,name,repository,repository_url,forge_kind,forge_host,owner,homepage,description,status,decision_reason,primary_category,capabilities,das_focus,license_spdx,license_class,pypi,conda,julia,canonical_doi,reviewed_at,mirror_result,mirror_error,git_ref,commits,merges,first_commit_at,last_commit_at,authors,insertions,deletions,lines_total,lines_by_language,primary_language,stars,forks,contributors,contributors_basis,releases,created_at,pushed_at,forge_last_commit_at,latest_release_at,archived,visibility,language,has_docs,has_tests,has_ci,license_detected,pypi_downloads_30d,pypi_downloads_180d,conda_downloads_total,dependencies,practices,citations_total,canonical_citations,mirror_missing,git_missing,forge_missing,registry_missing,publications_missing,practices_missing,mirror_scanned_at,git_scanned_at,forge_scanned_at,registry_scanned_at,publications_scanned_at,practices_scanned_at
a1das,a1das,coutanto/a1das,https://github.com/coutanto/a1das,github,github.com,coutanto,,Python reader and processing routines for Febus Optics DAS data.,watchlist,"The default branch publishes a README and no source, so there is nothing to reuse or review; the code described in it is not in the repository.",data-management,conversion;io;processing,das-native,,unlicensed,,,,,2026-08-28,unchanged,,master,52,0,2020-06-26T17:56:17+02:00,2023-12-18T16:28:41+01:00,1,35216,35214,,,,3,1,1,"linked accounts, bots removed",0,2020-06-26T15:58:03Z,2023-12-18T15:28:41Z,2023-12-18T15:28:41Z,,False,public,,False,False,False,,,,,,readme=True;license_file=False;packaging=False;tests=False;ci=False;coverage=False;docs=False;examples=False;changelog=False;contributing=False;lint=False;typed=False,,,,lines=not_published,,pypi_downloads_30d=not_applicable;pypi_downloads_180d=not_applicable;conda_downloads_total=not_applicable;dependencies=not_applicable,publications=not_applicable;canonical_citations=not_applicable,,2026-08-28T14:50:40+00:00,2026-08-28T15:03:52+00:00,2026-08-28T12:54:39+00:00,2026-08-28T15:03:51+00:00,2026-08-28T15:03:53+00:00,2026-08-28T19:47:27+00:00
alakoro-fibersense,Alakoro FiberSense,Colombiano/Alakoro_FiberSense,https://github.com/Colombiano/Alakoro_FiberSense,github,github.com,Colombiano,,Multi-modal DFOS processing and simulation platform for oil and gas wells.,included,"Reusable DFOS platform with an MIT license, packaging, and documentation. The README advertises a PyPI release that does not resolve, so no registry name is declared.",application-domain,io;modeling;processing;visualization,das-native,MIT,osi-approved,,,,,2026-08-28,unchanged,,main,23,0,2026-07-11T18:26:42-03:00,2026-07-18T08:33:26-03:00,2,18019,13736,2022,Jupyter=92;Python=1799;Shell=131,Python,0,0,1,"linked accounts, bots removed",0,2026-07-11T21:26:42Z,2026-07-18T11:43:15Z,2026-07-18T11:33:26Z,,False,public,Python,True,True,True,NOASSERTION,,,,,readme=True;license_file=True;packaging=True;tests=True;ci=True;coverage=False;docs=True;examples=True;changelog=True;contributing=True;lint=True;typed=False,,,,,,pypi_downloads_30d=not_applicable;pypi_downloads_180d=not_applicable;conda_downloads_total=not_applicable;dependencies=not_applicable,publications=not_applicable;canonical_citations=not_applicable,,2026-08-28T14:50:40+00:00,2026-08-28T15:03:52+00:00,2026-08-28T12:54:42+00:00,2026-08-28T15:03:51+00:00,2026-08-28T15:03:53+00:00,2026-08-28T19:47:27+00:00
coherence-analysis,Coherence Analysis,aissah/coherence-analysis,https://github.com/aissah/coherence-analysis,github,github.com,aissah,,Coherence matrix analysis of DAS data with exact and approximate solvers.,included,"Reusable MIT-licensed package built on DASCore, implementing exact, QR, SVD, and randomized-SVD coherence. Catalogued in place of aissah/coherence_analysis_histroy, which its own README designates the heavy-history copy.",processing,processing;quality-control;seismology,das-native,MIT,osi-approved,,,,,2026-08-28,unchanged,,main,31,1,2026-01-18T10:44:02-07:00,2026-02-03T12:44:14-07:00,1,38079,2740,22265,Jupyter=18368;Python=3897,Jupyter,1,0,1,"linked accounts, bots removed",1,2026-01-18T17:42:04Z,2026-02-03T19:44:20Z,2026-02-03T19:44:14Z,2026-01-28T23:53:25Z,False,public,Jupyter Notebook,False,False,False,MIT,,,,,readme=True;license_file=True;packaging=True;tests=True;ci=False;coverage=False;docs=False;examples=True;changelog=False;contributing=False;lint=True;typed=False,,,,,,pypi_downloads_30d=not_applicable;pypi_downloads_180d=not_applicable;conda_downloads_total=not_applicable;dependencies=not_applicable,publications=not_applicable;canonical_citations=not_applicable,,2026-08-28T14:50:40+00:00,2026-08-28T15:03:52+00:00,2026-08-28T12:54:44+00:00,2026-08-28T15:03:51+00:00,2026-08-28T15:03:53+00:00,2026-08-28T19:47:27+00:00
cqi-das,cqi_das,B-CSI/cqi_das,https://github.com/B-CSI/cqi_das,github,github.com,B-CSI,,Automatic channel-quality scoring for distributed acoustic sensing arrays.,included,Reusable DAS-specific quality-assessment package explicitly licensed under LGPL-3.0.,processing,machine-learning;processing;quality-control,das-native,LGPL-3.0-only,osi-approved,,,,,2026-08-28,unchanged,,main,44,0,2024-06-25T20:42:02+02:00,2025-10-21T09:52:48+01:00,2,30051,22509,4462,Jupyter=1462;Python=3000,Python,11,0,2,"linked accounts, bots removed",0,2025-01-15T21:12:38Z,2025-10-21T08:52:50Z,2025-10-21T08:52:48Z,,False,public,Jupyter Notebook,False,False,False,LGPL-3.0,,,,,readme=True;license_file=True;packaging=True;tests=False;ci=False;coverage=False;docs=False;examples=True;changelog=False;contributing=False;lint=False;typed=False,,,,,,pypi_downloads_30d=not_applicable;pypi_downloads_180d=not_applicable;conda_downloads_total=not_applicable;dependencies=not_applicable,publications=not_applicable;canonical_citations=not_applicable,,2026-08-28T14:50:40+00:00,2026-08-28T15:03:53+00:00,2026-08-28T12:54:46+00:00,2026-08-28T15:03:51+00:00,2026-08-28T15:03:53+00:00,2026-08-28T19:47:27+00:00
darkfiber,darkfiber,Sirkraven/darkfiber,https://github.com/Sirkraven/darkfiber,github,github.com,Sirkraven,,Slowness-based coherence engine producing auditable DAS event verdicts.,included,"Reusable DAS-specific detection engine under AGPL-3.0-or-later with tests, CI, and an archived release.",processing,detection;processing;seismology,das-native,AGPL-3.0-or-later,osi-approved,,,,10.5281/zenodo.21383275,2026-08-28,unchanged,,main,17,2,2026-07-14T21:01:24-03:00,2026-07-22T07:28:06-03:00,2,15709,463,6939,Python=6939,Python,0,0,1,"linked accounts, bots removed",2,2026-07-15T12:57:53Z,2026-08-07T12:22:11Z,2026-07-22T10:28:06Z,2026-07-20T12:30:34Z,False,public,Python,True,True,True,AGPL-3.0,,,,,readme=True;license_file=True;packaging=True;tests=True;ci=True;coverage=False;docs=True;examples=False;changelog=True;contributing=True;lint=True;typed=True,0,0,,,,pypi_downloads_30d=not_applicable;pypi_downloads_180d=not_applicable;conda_downloads_total=not_applicable;dependencies=not_applicable,,,2026-08-28T14:50:40+00:00,2026-08-28T15:03:53+00:00,2026-08-28T12:54:48+00:00,2026-08-28T15:03:51+00:00,2026-08-28T15:03:54+00:00,2026-08-28T19:47:27+00:00
das-ancc,das-ancc,yjianggeo/das-ancc,https://github.com/yjianggeo/das-ancc,github,github.com,yjianggeo,,Ambient-noise cross-correlation tomography for DAS SAC data.,included,"Reusable package with tests, documentation, and a documented SAC-to-tomography pipeline over 19 commits. No licence file is published, which grants no reuse rights and is recorded rather than treated as disqualifying.",processing,inversion;processing;seismology;surface-waves,das-native,,unlicensed,,,,,2026-08-28,unchanged,,master,19,0,2026-05-28T17:38:06+08:00,2026-06-13T21:22:51+08:00,1,3774,167,1150,Python=1150,Python,0,0,1,"linked accounts, bots removed",0,2026-05-28T13:48:38Z,2026-06-13T13:22:55Z,2026-06-13T13:22:51Z,,False,public,Python,True,True,False,,,,,,readme=True;license_file=False;packaging=True;tests=True;ci=False;coverage=False;docs=False;examples=False;changelog=False;contributing=False;lint=False;typed=False,,,,,,pypi_downloads_30d=not_applicable;pypi_downloads_180d=not_applicable;conda_downloads_total=not_applicable;dependencies=not_applicable,publications=not_applicable;canonical_citations=not_applicable,,2026-08-28T14:50:40+00:00,2026-08-28T15:03:53+00:00,2026-08-28T12:54:50+00:00,2026-08-28T15:03:51+00:00,2026-08-28T15:03:54+00:00,2026-08-28T19:47:27+00:00
das-ani,DAS-ANI,Benz-Poobua/das_ani,https://github.com/Benz-Poobua/das_ani,github,github.com,Benz-Poobua,,Configuration-driven DAS preprocessing and ambient-noise interferometry framework.,included,"Reusable MIT-licensed framework with a src layout, tests, and selectable numpy, hybrid, and GPU backends for noise cross-correlation and stacking.",processing,parallel-computing;pipelines;processing;seismology,das-native,MIT,osi-approved,,,,,2026-08-28,unchanged,,main,125,1,2025-11-19T00:36:17-08:00,2026-06-30T20:29:51-07:00,1,1822868,1669978,15056,Jupyter=1969;Python=12914;Shell=173,Python,1,1,1,"linked accounts, bots removed",0,2025-11-19T08:36:16Z,2026-07-01T03:29:59Z,2026-07-01T03:29:51Z,,False,public,Jupyter Notebook,False,True,False,MIT,,,,,readme=True;license_file=True;packaging=True;tests=True;ci=False;coverage=False;docs=False;examples=True;changelog=False;contributing=False;lint=True;typed=True,,,,,,pypi_downloads_30d=not_applicable;pypi_downloads_180d=not_applicable;conda_downloads_total=not_applicable;dependencies=not_applicable,publications=not_applicable;canonical_citations=not_applicable,,2026-08-28T14:50:40+00:00,2026-08-28T15:03:57+00:00,2026-08-28T12:54:52+00:00,2026-08-28T15:03:51+00:00,2026-08-28T15:03:54+00:00,2026-08-28T19:47:27+00:00
das-anomaly,das-anomaly,DASDAE/das-anomaly,https://github.com/DASDAE/das-anomaly,github,github.com,DASDAE,,Anomaly-detection methods and workflows for DAS datasets.,included,Reusable DAS-specific package explicitly licensed under LGPL-3.0.,machine-learning-detection,anomaly-detection;machine-learning;processing,das-native,LGPL-3.0-only,osi-approved,das-anomaly,,,,2026-08-28,unchanged,,main,169,19,2024-07-02T18:33:27-06:00,2025-12-10T15:43:00-07:00,1,13490,6915,5033,Jupyter=1388;Python=3522;Shell=123,Python,29,1,1,"linked accounts, bots removed",8,2024-07-03T00:33:26Z,2025-12-10T22:43:06Z,2025-12-10T22:43:00Z,2025-12-09T18:23:42Z,False,public,Python,True,True,True,NOASSERTION,,,,,readme=True;license_file=True;packaging=True;tests=True;ci=True;coverage=True;docs=False;examples=True;changelog=False;contributing=False;lint=True;typed=False,,,,,,pypi_downloads_30d=not_published;pypi_downloads_180d=not_published;conda_downloads_total=not_applicable;dependencies=not_published,publications=not_applicable;canonical_citations=not_applicable,,2026-08-28T14:50:40+00:00,2026-08-28T15:03:57+00:00,2026-08-28T12:54:54+00:00,2026-08-28T15:03:52+00:00,2026-08-28T15:03:54+00:00,2026-08-28T19:47:27+00:00
das-cc-gpu,DAS_CC_GPU,zhichaoshen40/DAS_CC_GPU,https://github.com/zhichaoshen40/DAS_CC_GPU,github,github.com,zhichaoshen40,,GPU cross-correlation and preprocessing programs for DAS ambient-noise workflows.,included,Reusable DAS-specific command-line toolchain in C and CUDA under GPL-3.0.,processing,parallel-computing;processing;seismology,das-native,GPL-3.0-only,osi-approved,,,,,2026-08-28,unchanged,,main,7,0,2024-04-20T17:12:35-04:00,2024-08-08T11:51:13-04:00,1,338144,2,4712,C=3837;CUDA=870;Shell=5,C,10,0,1,"linked accounts, bots removed",1,2024-04-20T21:12:35Z,2024-08-08T15:51:13Z,2024-08-08T15:51:13Z,2024-07-02T02:58:04Z,False,public,C,False,False,False,GPL-3.0,,,,,readme=True;license_file=True;packaging=False;tests=False;ci=False;coverage=False;docs=False;examples=False;changelog=False;contributing=False;lint=False;typed=False,,,,,,pypi_downloads_30d=not_applicable;pypi_downloads_180d=not_applicable;conda_downloads_total=not_applicable;dependencies=not_applicable,publications=not_applicable;canonical_citations=not_applicable,,2026-08-28T14:50:40+00:00,2026-08-28T15:03:57+00:00,2026-08-28T12:54:56+00:00,2026-08-28T15:03:52+00:00,2026-08-28T15:03:54+00:00,2026-08-28T19:47:27+00:00
das-convert-mirror,das-convert (Gitea mirror),pyrocko/das-convert,https://git.pyrocko.org/pyrocko/das-convert,gitea,git.pyrocko.org,pyrocko,,Gitea-hosted copy of the Pyrocko DAS conversion tool.,excluded,Duplicate. This mirrors the already catalogued pyrocko/idas-convert and last moved in step with it.,out-of-scope,conversion;io,das-native,GPL-3.0-only,osi-approved,,,,,2026-08-28,failed,fatal: unable to access 'https://git.pyrocko.org/pyrocko/das-convert/': Failed to connect to git.pyrocko.org port 443 after 135033 ms: Couldn't connect to server,,,,,,,,,,,,,,,,,,,,,,,,,,,,,,,,,,,mirror=fetch_error,git=unavailable,,pypi_downloads_30d=not_applicable;pypi_downloads_180d=not_applicable;conda_downloads_total=not_applicable;dependencies=not_applicable,publications=not_applicable;canonical_citations=not_applicable,practices=unavailable,2026-08-28T14:52:55+00:00,2026-08-28T15:03:57+00:00,,2026-08-28T15:03:52+00:00,2026-08-28T15:03:54+00:00,2026-08-28T19:47:27+00:00
das-datakit,das-datakit,genrobot-ai/das-datakit,https://github.com/genrobot-ai/das-datakit,github,github.com,genrobot-ai,,Recording and format conversion for an embodied-AI Data Acquisition System.,excluded,"Acronym collision. ""DAS"" here is a robotics Data Acquisition System with no connection to distributed acoustic sensing.",out-of-scope,conversion;io,not-das,MIT,osi-approved,,,,,2026-08-28,unchanged,,main,42,12,2025-11-18T22:09:17+08:00,2026-07-06T18:05:17+08:00,9,10715,823,7553,Python=7518;Shell=35,Python,,,,,,,,,,,,,,,,,,,,,readme=True;license_file=True;packaging=False;tests=False;ci=False;coverage=False;docs=False;examples=False;changelog=False;contributing=False;lint=False;typed=False,,,,,,pypi_downloads_30d=not_applicable;pypi_downloads_180d=not_applicable;conda_downloads_total=not_applicable;dependencies=not_applicable,publications=not_applicable;canonical_citations=not_applicable,,2026-08-28T14:52:55+00:00,2026-08-28T15:03:57+00:00,,2026-08-28T15:03:52+00:00,2026-08-28T15:03:54+00:00,2026-08-28T19:47:27+00:00
das-dvv,das-dvv,yjianggeo/das-dvv,https://github.com/yjianggeo/das-dvv,github,github.com,yjianggeo,,Seismic velocity change (dv/v) estimation from DAS ambient-noise cross-correlation.,included,"Reusable MIT-licensed package with GitHub Actions CI, tests, documentation, and examples, implementing stretching, MWCS, and WCS estimators.",processing,processing;seismology,das-native,MIT,osi-approved,,,,,2026-08-28,unchanged,,master,22,1,2026-06-13T19:50:01+08:00,2026-06-13T21:08:29+08:00,1,4801,68,1487,Jupyter=11;Python=1476,Python,3,0,1,"linked accounts, bots removed",0,2026-06-13T12:28:51Z,2026-06-13T13:08:33Z,2026-06-13T13:08:29Z,,False,public,Python,True,True,True,MIT,,,,,readme=True;license_file=True;packaging=True;tests=True;ci=True;coverage=False;docs=False;examples=True;changelog=False;contributing=False;lint=False;typed=False,,,,,,pypi_downloads_30d=not_applicable;pypi_downloads_180d=not_applicable;conda_downloads_total=not_applicable;dependencies=not_applicable,publications=not_applicable;canonical_citations=not_applicable,,2026-08-28T14:52:55+00:00,2026-08-28T15:03:57+00:00,2026-08-28T12:54:59+00:00,2026-08-28T15:03:52+00:00,2026-08-28T15:03:54+00:00,2026-08-28T19:47:27+00:00
das-events,das-events,yjianggeo/das-events,https://github.com/yjianggeo/das-events,github,github.com,yjianggeo,,Event detection and staging for per-minute DAS HDF5 files.,included,"Reusable MIT-licensed package with tests, documentation, and examples, implementing STA/LTA detection with channel coincidence and a staging manifest.",machine-learning-detection,detection;io;processing;quality-control,das-native,MIT,osi-approved,,,,,2026-08-28,unchanged,,master,24,1,2026-06-18T20:44:21+08:00,2026-07-09T13:51:20+08:00,1,4833,136,2004,Python=2004,Python,0,0,1,"linked accounts, bots removed",0,2026-06-18T15:31:38Z,2026-07-09T05:53:42Z,2026-07-09T05:51:20Z,,False,public,Python,True,True,False,MIT,,,,,readme=True;license_file=True;packaging=True;tests=True;ci=False;coverage=False;docs=False;examples=True;changelog=False;contributing=False;lint=False;typed=False,,,,,,pypi_downloads_30d=not_applicable;pypi_downloads_180d=not_applicable;conda_downloads_total=not_applicable;dependencies=not_applicable,publications=not_applicable;canonical_citations=not_applicable,,2026-08-28T14:52:55+00:00,2026-08-28T15:03:57+00:00,2026-08-28T12:55:01+00:00,2026-08-28T15:03:52+00:00,2026-08-28T15:03:54+00:00,2026-08-28T19:47:27+00:00
das-flink,DAS-Flink,CcCalana/DAS-flink,https://github.com/CcCalana/DAS-flink,github,github.com,CcCalana,,Apache Flink stream-processing framework for real-time DAS event detection.,included,"Reusable MIT-licensed Java framework with a Maven build, documentation, and benchmarks; the only JVM streaming entry in the catalogue.",core-framework,detection;parallel-computing;processing;streaming,das-native,MIT,osi-approved,,,,,2026-08-28,unchanged,,main,10,0,2025-07-31T11:18:37+08:00,2025-09-09T15:35:47+08:00,1,31581,16518,11964,Java=10637;Python=1021;Shell=306,Java,3,0,1,"linked accounts, bots removed",0,2025-07-31T03:26:47Z,2025-09-09T07:37:19Z,2025-09-09T07:35:47Z,,False,public,Java,True,False,False,MIT,,,,,readme=True;license_file=True;packaging=True;tests=True;ci=False;coverage=False;docs=True;examples=True;changelog=False;contributing=False;lint=False;typed=False,,,,,,pypi_downloads_30d=not_applicable;pypi_downloads_180d=not_applicable;conda_downloads_total=not_applicable;dependencies=not_applicable,publications=not_applicable;canonical_citations=not_applicable,,2026-08-28T14:52:55+00:00,2026-08-28T15:03:57+00:00,2026-08-28T12:55:02+00:00,2026-08-28T15:03:52+00:00,2026-08-28T15:03:54+00:00,2026-08-28T19:47:27+00:00
das-grad,DAS-GRAD,Benz-Poobua/das_grad,https://github.com/Benz-Poobua/das_grad,github,github.com,Benz-Poobua,,Interferometric frequency-domain gradiometry for DAS virtual source gathers.,included,"Reusable MIT-licensed package with tests, documented as the downstream companion to das_ani; young at six commits, which is the one reservation on record.",processing,inversion;processing;surface-waves,das-native,MIT,osi-approved,,,,,2026-08-28,unchanged,,main,6,0,2026-06-28T18:54:29-07:00,2026-06-30T03:48:21-07:00,1,1000856,680642,5722,Jupyter=947;Python=4715;Shell=60,Python,0,0,1,"linked accounts, bots removed",0,2026-06-29T01:54:28Z,2026-06-30T10:48:27Z,2026-06-30T10:48:21Z,,False,public,Jupyter Notebook,False,True,False,MIT,,,,,readme=True;license_file=True;packaging=True;tests=True;ci=False;coverage=False;docs=False;examples=True;changelog=False;contributing=False;lint=True;typed=True,,,,,,pypi_downloads_30d=not_applicable;pypi_downloads_180d=not_applicable;conda_downloads_total=not_applicable;dependencies=not_applicable,publications=not_applicable;canonical_citations=not_applicable,,2026-08-28T14:52:55+00:00,2026-08-28T15:03:59+00:00,2026-08-28T12:55:04+00:00,2026-08-28T15:03:52+00:00,2026-08-28T15:03:54+00:00,2026-08-28T19:47:27+00:00
das-levels,DAS_levels,DAS4Whales/DAS_levels,https://github.com/DAS4Whales/DAS_levels,github,github.com,DAS4Whales,,Conversion of DAS-measured strain into acoustic pressure levels.,included,"Reusable DAS conversion code published with no license file, which grants no reuse rights.",processing,bioacoustics;processing,das-native,,unlicensed,,,,,2026-08-28,unchanged,,main,17,0,2025-03-04T10:59:20-05:00,2025-03-11T17:06:07-04:00,1,188120,187161,840,Python=840,Python,3,0,1,"linked accounts, bots removed",1,2025-03-04T16:04:50Z,2025-03-11T21:06:07Z,2025-03-11T21:06:07Z,2025-03-11T21:02:45Z,False,public,Python,False,False,False,,,,,,readme=True;license_file=False;packaging=False;tests=False;ci=False;coverage=False;docs=False;examples=False;changelog=False;contributing=False;lint=False;typed=False,,,,,,pypi_downloads_30d=not_applicable;pypi_downloads_180d=not_applicable;conda_downloads_total=not_applicable;dependencies=not_applicable,publications=not_applicable;canonical_citations=not_applicable,,2026-08-28T14:52:55+00:00,2026-08-28T15:03:59+00:00,2026-08-28T12:55:06+00:00,2026-08-28T15:03:52+00:00,2026-08-28T15:03:54+00:00,2026-08-28T19:47:27+00:00
das-metadata,DAS metadata tools,DAS-RCN/DAS_metadata,https://github.com/DAS-RCN/DAS_metadata,github,github.com,DAS-RCN,,Community tools and examples for standardizing DAS metadata.,included,"Reusable DAS metadata tooling. The detected CC BY license is a content license that does not clearly establish reuse terms for the code, so the class is unknown rather than open.",interoperability,interoperability;metadata,das-native,CC-BY-4.0,unknown,,,,10.1785/0220230325,2026-08-28,unchanged,,main,215,2,2022-08-24T09:47:50+10:00,2025-02-24T11:14:29+11:00,1,5850,2618,,,,32,4,1,"linked accounts, bots removed",0,2022-08-23T23:47:50Z,2025-02-24T00:14:30Z,2025-02-24T00:14:29Z,,False,public,,False,False,True,CC-BY-4.0,,,,,readme=True;license_file=True;packaging=False;tests=False;ci=True;coverage=False;docs=False;examples=True;changelog=False;contributing=True;lint=False;typed=False,13,13,,lines=not_published,,pypi_downloads_30d=not_applicable;pypi_downloads_180d=not_applicable;conda_downloads_total=not_applicable;dependencies=not_applicable,,,2026-08-28T14:52:55+00:00,2026-08-28T15:03:59+00:00,2026-08-28T12:55:08+00:00,2026-08-28T15:03:52+00:00,2026-08-28T15:03:54+00:00,2026-08-28T19:47:27+00:00
das-n2n,DAS-N2N-torch,sachalapins/DAS-N2N-torch,https://github.com/sachalapins/DAS-N2N-torch,github,github.com,sachalapins,,PyTorch implementation of coherence-based Noise2Noise denoising for DAS data.,included,"Reusable DAS denoising package with GPL-3.0 licensing, packaging metadata, and distributed model weights.",machine-learning-detection,denoising;machine-learning;processing,das-native,GPL-3.0-only,osi-approved,,,,,2026-08-28,unchanged,,main,32,0,2025-01-20T16:23:35+00:00,2026-03-27T10:57:26+00:00,1,2811,1365,444,Jupyter=108;Python=336,Python,17,1,1,"linked accounts, bots removed",0,2025-01-20T16:23:34Z,2026-03-27T10:57:27Z,2026-03-27T10:57:26Z,,False,public,Python,False,False,False,GPL-3.0,,,,,readme=True;license_file=True;packaging=True;tests=False;ci=False;coverage=False;docs=False;examples=True;changelog=False;contributing=False;lint=False;typed=False,,,,,,pypi_downloads_30d=not_applicable;pypi_downloads_180d=not_applicable;conda_downloads_total=not_applicable;dependencies=not_applicable,publications=not_applicable;canonical_citations=not_applicable,,2026-08-28T14:52:55+00:00,2026-08-28T15:03:59+00:00,2026-08-28T12:55:10+00:00,2026-08-28T15:03:52+00:00,2026-08-28T15:03:54+00:00,2026-08-28T19:47:27+00:00
das-nidf,DAS_NIDF,MSL01/DAS-PROCESSING-AND-VISUALIZATION,https://github.com/MSL01/DAS-PROCESSING-AND-VISUALIZATION,github,github.com,MSL01,,Holoviews and Datashader visualization library for large DAS datasets.,included,"Released on PyPI as das-nidf with a setup.py and a built distribution. The README adds a restricted-use notice and no licence file is published, so no reuse rights are granted.",visualization-annotation,processing;visualization,das-native,,unlicensed,das-nidf,,,,2026-08-28,unchanged,,main,8,0,2026-04-13T16:06:14-03:00,2026-04-29T16:27:05-03:00,1,3982,347,2706,Python=2706,Python,0,0,1,"linked accounts, bots removed",0,2026-04-13T19:06:13Z,2026-04-29T19:27:09Z,2026-04-29T19:27:05Z,,False,public,HTML,False,False,False,,19,1125,,bokeh;colorcet;datashader;flask;flask-cors;h5py;holoviews;itsdangerous;matplotlib;numpy;scikit-image;scipy,readme=True;license_file=False;packaging=True;tests=False;ci=False;coverage=False;docs=False;examples=False;changelog=False;contributing=False;lint=False;typed=False,,,,,,conda_downloads_total=not_applicable,publications=not_applicable;canonical_citations=not_applicable,,2026-08-28T14:52:55+00:00,2026-08-28T15:03:59+00:00,2026-08-28T12:55:12+00:00,2026-08-28T15:04:00+00:00,2026-08-28T15:03:54+00:00,2026-08-28T19:47:27+00:00
das-processing-pipeline,DAS Processing Pipeline,ralin3233/das-processing-pipeline,https://github.com/ralin3233/das-processing-pipeline,github,github.com,ralin3233,,"DASCore-based CLI for chunking, preprocessing, and coordinate alignment of DAS data.",included,"Reusable MIT-licensed tool with a src layout and tests, documenting a CLI for chunked preprocessing, fibre coordinate alignment, STA/LTA triggering, and waterfall, F-K, and spectrogram plotting.",processing,conversion;detection;io;pipelines;processing;visualization,das-native,MIT,osi-approved,,,,,2026-08-28,unchanged,,main,39,1,2026-07-13T16:30:07+08:00,2026-08-26T14:37:53+08:00,2,12307,2523,9127,Python=9127,Python,2,1,1,"linked accounts, bots removed",0,2026-07-02T00:36:29Z,2026-08-26T06:39:15Z,2026-08-26T06:37:53Z,,False,public,Python,False,True,False,MIT,,,,,readme=True;license_file=True;packaging=True;tests=True;ci=False;coverage=False;docs=False;examples=False;changelog=False;contributing=False;lint=False;typed=False,,,,,,pypi_downloads_30d=not_applicable;pypi_downloads_180d=not_applicable;conda_downloads_total=not_applicable;dependencies=not_applicable,publications=not_applicable;canonical_citations=not_applicable,,2026-08-28T14:52:55+00:00,2026-08-28T15:03:59+00:00,2026-08-28T12:55:15+00:00,2026-08-28T15:04:00+00:00,2026-08-28T15:03:54+00:00,2026-08-28T19:47:27+00:00
das-realtime,DAS-realtime,Caltech-DASHub/DAS-realtime,https://github.com/Caltech-DASHub/DAS-realtime,github,github.com,Caltech-DASHub,,Real-time DAS processing components for operational earthquake monitoring.,included,Reusable DAS-specific framework with GPL-3.0 licensing and an operational interface.,machine-learning-detection,machine-learning;phase-picking;seismology;streaming,das-native,GPL-3.0-only,osi-approved,,,,,2026-08-28,unchanged,,main,13,0,2024-07-11T13:09:10-07:00,2026-01-06T08:49:34-08:00,1,2861,573,1230,Python=1230,Python,9,3,1,"linked accounts, bots removed",0,2024-07-11T20:09:10Z,2026-04-06T23:44:42Z,2026-01-06T16:49:34Z,,False,public,Python,False,False,False,GPL-3.0,,,,,readme=True;license_file=True;packaging=False;tests=False;ci=False;coverage=False;docs=False;examples=False;changelog=False;contributing=False;lint=False;typed=False,,,,,,pypi_downloads_30d=not_applicable;pypi_downloads_180d=not_applicable;conda_downloads_total=not_applicable;dependencies=not_applicable,publications=not_applicable;canonical_citations=not_applicable,,2026-08-28T14:52:55+00:00,2026-08-28T15:03:59+00:00,2026-08-28T12:55:17+00:00,2026-08-28T15:04:00+00:00,2026-08-28T15:03:54+00:00,2026-08-28T19:47:27+00:00
das-sensitivity,DAS_sensitivity,olfontai/DAS_sensitivity,https://github.com/olfontai/DAS_sensitivity,github,github.com,olfontai,,Ray-based assessment of DAS directional sensitivity to seismic waves.,included,Reusable DAS-specific modeling package with an MIT license and importable source modules.,modeling,modeling;processing;visualization,das-native,MIT,osi-approved,,,,,2026-08-28,unchanged,,main,30,0,2025-10-31T15:41:07+01:00,2026-04-30T22:12:36+02:00,2,27949,18579,2023,Jupyter=956;Python=1067,Python,3,0,1,"linked accounts, bots removed",0,2025-10-31T14:41:07Z,2026-04-30T20:13:15Z,2026-04-30T20:12:36Z,,False,public,Jupyter Notebook,False,False,False,MIT,,,,,readme=True;license_file=True;packaging=False;tests=False;ci=False;coverage=False;docs=False;examples=True;changelog=False;contributing=False;lint=False;typed=False,,,,,,pypi_downloads_30d=not_applicable;pypi_downloads_180d=not_applicable;conda_downloads_total=not_applicable;dependencies=not_applicable,publications=not_applicable;canonical_citations=not_applicable,,2026-08-28T14:52:55+00:00,2026-08-28T15:03:59+00:00,2026-08-28T12:55:19+00:00,2026-08-28T15:04:00+00:00,2026-08-28T15:03:54+00:00,2026-08-28T19:47:27+00:00
das-simulator,fiberoptics-das-simulator,equinor/fiberoptics-das-simulator,https://github.com/equinor/fiberoptics-das-simulator,github,github.com,equinor,,Reference implementation of a real-time DAS producer for interrogator interfaces.,included,Reusable DAS reference implementation under Apache-2.0; the only catalogued project written in Java.,modeling,interoperability;simulation;streaming,das-native,Apache-2.0,osi-approved,,,,,2026-08-28,unchanged,,main,230,15,2020-11-13T09:11:46+01:00,2026-02-17T11:13:52+01:00,5,17536,6100,8308,Java=8308,Java,2,3,5,"linked accounts, bots removed",4,2020-11-13T08:11:44Z,2026-08-27T14:18:49Z,2026-02-17T10:13:52Z,2021-10-12T08:30:27Z,False,public,Java,False,False,True,Apache-2.0,,,,,readme=True;license_file=True;packaging=True;tests=True;ci=True;coverage=False;docs=False;examples=False;changelog=False;contributing=False;lint=False;typed=False,,,,,,pypi_downloads_30d=not_applicable;pypi_downloads_180d=not_applicable;conda_downloads_total=not_applicable;dependencies=not_applicable,publications=not_applicable;canonical_citations=not_applicable,,2026-08-28T14:52:55+00:00,2026-08-28T15:03:59+00:00,2026-08-28T12:55:23+00:00,2026-08-28T15:04:00+00:00,2026-08-28T15:03:54+00:00,2026-08-28T19:47:27+00:00
das-source-locator,DASSourceLocator,leabouffaut/DASSourceLocator,https://github.com/leabouffaut/DASSourceLocator,github,github.com,leabouffaut,,Time-of-arrival annotation and source location tooling for DAS data.,included,"Reusable DAS annotation application published with no license file, which grants no reuse rights.",visualization-annotation,annotation;processing;visualization,das-native,,unlicensed,,,,,2026-08-28,unchanged,,main,16,0,2024-11-21T11:57:08-05:00,2024-11-21T14:08:02-05:00,1,4047,1070,2559,Python=2559,Python,1,0,1,"linked accounts, bots removed",0,2024-11-21T16:57:38Z,2024-11-21T19:08:02Z,2024-11-21T19:08:02Z,,False,public,Python,False,False,False,,,,,,readme=True;license_file=False;packaging=False;tests=False;ci=False;coverage=False;docs=False;examples=False;changelog=False;contributing=False;lint=False;typed=False,,,,,,pypi_downloads_30d=not_applicable;pypi_downloads_180d=not_applicable;conda_downloads_total=not_applicable;dependencies=not_applicable,publications=not_applicable;canonical_citations=not_applicable,,2026-08-28T14:52:55+00:00,2026-08-28T15:03:59+00:00,2026-08-28T12:55:25+00:00,2026-08-28T15:04:00+00:00,2026-08-28T15:03:54+00:00,2026-08-28T19:47:27+00:00
das-to-store,das-to-store,jacobrdavis/das-to-store,https://github.com/jacobrdavis/das-to-store,github,github.com,jacobrdavis,,"Transformation of DAS interrogator output into cloud-native, analysis-ready stores.",included,Reusable DAS-specific conversion tooling with an MIT license.,compression-storage,conversion;data-management;io;object-storage,das-native,MIT,osi-approved,,,,,2026-08-28,unchanged,,main,15,0,2026-05-18T18:45:17-04:00,2026-06-10T13:40:01-04:00,2,2915,82,867,Jupyter=131;Python=716;Shell=20,Python,0,0,1,"linked accounts, bots removed",0,2026-05-18T22:45:16Z,2026-06-10T17:40:05Z,2026-06-10T17:40:01Z,,False,public,Jupyter Notebook,False,False,False,MIT,,,,,readme=True;license_file=True;packaging=True;tests=False;ci=False;coverage=False;docs=False;examples=True;changelog=False;contributing=False;lint=False;typed=False,,,,,,pypi_downloads_30d=not_applicable;pypi_downloads_180d=not_applicable;conda_downloads_total=not_applicable;dependencies=not_applicable,publications=not_applicable;canonical_citations=not_applicable,,2026-08-28T14:52:55+00:00,2026-08-28T15:03:59+00:00,2026-08-28T12:55:27+00:00,2026-08-28T15:04:00+00:00,2026-08-28T15:03:54+00:00,2026-08-28T19:47:27+00:00
das-toolkit,das-toolkit,RobbinLuo/das-toolkit,https://github.com/RobbinLuo/das-toolkit,github,github.com,RobbinLuo,,Python toolkit for common DAS reading and processing steps.,included,Reusable DAS-specific Python toolkit with an MIT license.,processing,io;processing;visualization,das-native,MIT,osi-approved,,,,,2026-08-28,unchanged,,main,9,0,2022-10-17T03:12:40+00:00,2022-10-31T23:43:06+08:00,2,7087,825,409,Jupyter=280;Python=129,Jupyter,20,2,1,"linked accounts, bots removed",0,2022-10-17T03:12:39Z,2022-10-31T15:45:59Z,2022-10-31T15:43:06Z,,False,public,Jupyter Notebook,False,False,False,MIT,,,,,readme=True;license_file=True;packaging=False;tests=False;ci=False;coverage=False;docs=False;examples=True;changelog=False;contributing=False;lint=False;typed=False,,,,,,pypi_downloads_30d=not_applicable;pypi_downloads_180d=not_applicable;conda_downloads_total=not_applicable;dependencies=not_applicable,publications=not_applicable;canonical_citations=not_applicable,,2026-08-28T14:52:55+00:00,2026-08-28T15:03:59+00:00,2026-08-28T12:55:29+00:00,2026-08-28T15:04:00+00:00,2026-08-28T15:03:54+00:00,2026-08-28T19:47:27+00:00
das-toolkit-filters,DAS Processing Toolkit,shbokijon/DAS-Processing-Toolkit,https://github.com/shbokijon/DAS-Processing-Toolkit,github,github.com,shbokijon,,Wavelet denoising and digital filters for DAS preprocessing.,included,"Reusable MIT-licensed package with a test suite and coverage configuration. Recorded for review: one of its two commit authors is an AI assistant, so much of the code is machine-written.",processing,denoising;processing,das-native,MIT,osi-approved,,,,,2026-08-28,unchanged,,main,13,7,2025-11-09T14:56:24+05:00,2025-11-09T17:25:17+05:00,2,7377,5,4802,Jupyter=1497;Python=3305,Python,2,0,2,"linked accounts, bots removed",0,2025-11-09T09:56:24Z,2025-11-13T09:11:05Z,2025-11-09T12:25:17Z,,False,public,Jupyter Notebook,False,True,False,MIT,,,,,readme=True;license_file=True;packaging=True;tests=True;ci=False;coverage=True;docs=False;examples=True;changelog=False;contributing=False;lint=False;typed=False,,,,,,pypi_downloads_30d=not_applicable;pypi_downloads_180d=not_applicable;conda_downloads_total=not_applicable;dependencies=not_applicable,publications=not_applicable;canonical_citations=not_applicable,,2026-08-28T14:52:55+00:00,2026-08-28T15:03:59+00:00,2026-08-28T12:55:31+00:00,2026-08-28T15:04:00+00:00,2026-08-28T15:03:54+00:00,2026-08-28T19:47:27+00:00
das-tools-eth,DAS_Tools,afichtner/DAS_Tools,https://github.com/afichtner/DAS_Tools,github,github.com,afichtner,,"Reading, writing, and frequency-wavenumber filtering routines for DAS data.",included,"Reusable DAS-specific Python tools published with no license file, which grants no reuse rights.",processing,io;processing;visualization,das-native,,unlicensed,,,,,2026-08-28,unchanged,,master,1,0,2022-10-04T12:01:05+02:00,2022-10-04T12:01:05+02:00,1,747,0,745,Python=745,Python,4,0,1,"linked accounts, bots removed",0,2022-10-04T09:59:55Z,2022-10-04T10:01:59Z,2022-10-04T10:01:05Z,,False,public,Python,False,False,False,,,,,,readme=False;license_file=False;packaging=False;tests=False;ci=False;coverage=False;docs=False;examples=False;changelog=False;contributing=False;lint=False;typed=False,,,,,,pypi_downloads_30d=not_applicable;pypi_downloads_180d=not_applicable;conda_downloads_total=not_applicable;dependencies=not_applicable,publications=not_applicable;canonical_citations=not_applicable,,2026-08-28T14:52:55+00:00,2026-08-28T15:03:59+00:00,2026-08-28T12:55:33+00:00,2026-08-28T15:04:00+00:00,2026-08-28T15:03:54+00:00,2026-08-28T19:47:27+00:00
das-vessel-detection,das-vessel-detection,UAH-PSI/das-vessel-detection,https://github.com/UAH-PSI/das-vessel-detection,github,github.com,UAH-PSI,,Vessel detection and localization from distributed acoustic sensing recordings.,included,Reusable DAS-specific detection system with GPL-3.0 licensing.,application-domain,detection;machine-learning;processing,das-native,GPL-3.0-only,osi-approved,,,,,2026-08-28,unchanged,,main,66,2,2025-06-06T00:36:23+02:00,2026-08-03T17:08:36+02:00,1,17492,3289,10857,Python=10767;Shell=90,Python,6,1,1,"linked accounts, bots removed",0,2025-06-05T22:26:24Z,2026-08-07T20:30:04Z,2026-08-03T15:08:36Z,,False,public,Python,True,False,False,GPL-3.0,,,,,readme=True;license_file=True;packaging=False;tests=False;ci=False;coverage=False;docs=True;examples=False;changelog=False;contributing=False;lint=False;typed=False,,,,,,pypi_downloads_30d=not_applicable;pypi_downloads_180d=not_applicable;conda_downloads_total=not_applicable;dependencies=not_applicable,publications=not_applicable;canonical_citations=not_applicable,,2026-08-28T14:52:55+00:00,2026-08-28T15:03:59+00:00,2026-08-28T12:55:35+00:00,2026-08-28T15:04:00+00:00,2026-08-28T15:03:54+00:00,2026-08-28T19:47:27+00:00
das4whales,DAS4Whales,DAS4Whales/DAS4Whales,https://github.com/DAS4Whales/DAS4Whales,github,github.com,DAS4Whales,https://das4whales.readthedocs.io,DAS processing and visualization for marine bioacoustics.,included,"Reusable DAS library for marine bioacoustics. Its CC BY-NC-SA license is source-available rather than OSI-approved, which the license class records instead of the inclusion decision.",application-domain,bioacoustics;detection;io;processing;visualization,das-native,CC-BY-NC-SA-4.0,source-available,das4whales,,,10.5281/zenodo.7760187,2026-08-28,unchanged,,main,619,52,2023-02-21T14:26:24-05:00,2026-08-20T10:05:43+02:00,7,138577,95434,14962,Python=14953;Web=9,Python,79,21,4,"linked accounts, bots removed",4,2023-02-21T19:26:59Z,2026-08-20T08:15:01Z,2026-08-20T08:05:43Z,2026-07-06T14:57:16Z,False,public,Python,True,True,True,NOASSERTION,52,805,,cmocean;dask;datetime;deprecation;h5py;librosa;matplotlib;netcdf4;nptdms;numpy;numpydoc;opencv-python;pandas;pyproj;pytest;scikit-image;scipy;sparse;tqdm;wget;xarray,readme=True;license_file=True;packaging=True;tests=True;ci=True;coverage=False;docs=True;examples=True;changelog=False;contributing=False;lint=False;typed=False,1,1,,,,conda_downloads_total=not_applicable,,,2026-08-28T14:52:55+00:00,2026-08-28T15:04:00+00:00,2026-08-28T12:55:37+00:00,2026-08-28T15:04:18+00:00,2026-08-28T15:03:54+00:00,2026-08-28T19:47:27+00:00
dascore,DASCore,DASDAE/dascore,https://github.com/DASDAE/dascore,github,github.com,DASDAE,https://dascore.org,"General data model, I/O, processing, and visualization for distributed fiber sensing.",included,Reusable DAS-specific library with documented LGPL-3.0-or-later licensing and package releases.,core-framework,data-management;data-model;io;processing;visualization,das-native,LGPL-3.0-or-later,osi-approved,dascore,conda-forge/dascore,,10.26443/seismica.v3i2.1184,2026-08-28,unchanged,,master,530,5,2021-12-15T08:49:20-07:00,2026-08-21T13:34:41+02:00,18,130344,56377,63692,Jupyter=60;Python=63302;Shell=19;Web=311,Python,160,41,18,"linked accounts, bots removed",35,2021-10-29T15:34:47Z,2026-08-28T12:51:32Z,2026-08-21T11:34:41Z,2026-08-21T11:43:22Z,False,public,Python,True,True,True,NOASSERTION,7139,15898,49007,h5py;matplotlib;numpy;packaging;pandas;pint;pooch;pydantic;rich;scipy;tables;typing-extensions,readme=True;license_file=True;packaging=True;tests=True;ci=True;coverage=True;docs=True;examples=True;changelog=True;contributing=True;lint=True;typed=False,17,17,,,,,,,2026-08-28T14:52:55+00:00,2026-08-28T15:04:01+00:00,2026-08-28T12:55:39+00:00,2026-08-28T15:04:52+00:00,2026-08-28T15:03:55+00:00,2026-08-28T19:47:27+00:00
dascorepy,dascorepy,DASDAE/dascorepy,https://github.com/DASDAE/dascorepy,github,github.com,DASDAE,,Conversion bridge between DASCore and DASPy data structures.,included,Reusable DAS interoperability package with an MIT license.,interoperability,data-model;interoperability,das-native,MIT,osi-approved,dascorepy,,,,2026-08-28,unchanged,,main,5,1,2026-05-08T11:22:18+02:00,2026-05-08T10:50:22+01:00,1,2535,33,2039,Python=2039,Python,0,0,1,"linked accounts, bots removed",0,2026-05-08T09:23:51Z,2026-05-08T09:50:22Z,2026-05-08T09:50:22Z,,False,public,Python,False,True,True,MIT,19,232,,dascore;daspy-toolbox;unidas,readme=True;license_file=True;packaging=True;tests=True;ci=True;coverage=False;docs=False;examples=False;changelog=False;contributing=False;lint=True;typed=True,,,,,,conda_downloads_total=not_applicable,publications=not_applicable;canonical_citations=not_applicable,,2026-08-28T14:52:55+00:00,2026-08-28T15:04:01+00:00,2026-08-28T12:55:43+00:00,2026-08-28T18:52:53+00:00,2026-08-28T15:03:55+00:00,2026-08-28T19:47:27+00:00
daseventnet,DASEventNet,Tieyuan/DASEventNet,https://github.com/Tieyuan/DASEventNet,github,github.com,Tieyuan,,ResNet-based microseismic event detection on DAS arrays.,included,"Reusable DAS detection model with an MIT license, distributed as scripts rather than an installable package.",machine-learning-detection,detection;machine-learning;seismology,das-native,MIT,osi-approved,,,,,2026-08-28,unchanged,,main,4,0,2025-04-08T13:13:26-04:00,2025-04-08T13:18:02-04:00,1,10059,0,611,Python=611,Python,2,0,1,"linked accounts, bots removed",0,2025-04-08T17:04:31Z,2025-04-08T17:18:03Z,2025-04-08T17:18:02Z,,False,public,Python,False,False,False,MIT,,,,,readme=True;license_file=True;packaging=False;tests=False;ci=False;coverage=False;docs=False;examples=False;changelog=False;contributing=False;lint=False;typed=False,,,,,,pypi_downloads_30d=not_applicable;pypi_downloads_180d=not_applicable;conda_downloads_total=not_applicable;dependencies=not_applicable,publications=not_applicable;canonical_citations=not_applicable,,2026-08-28T14:52:55+00:00,2026-08-28T15:04:01+00:00,2026-08-28T12:55:45+00:00,2026-08-28T15:04:52+00:00,2026-08-28T15:03:55+00:00,2026-08-28T19:47:27+00:00
dasexplorer,DASexplorer,sermomon/DASexplorer,https://github.com/sermomon/DASexplorer,github,github.com,sermomon,https://sermomon.github.io/DASexplorer/,"Desktop application for DAS visualization, filtering, picking, and annotation.",included,Reusable DAS application explicitly licensed under GPL-3.0-or-later.,visualization-annotation,annotation;desktop-application;io;processing;visualization,das-native,GPL-3.0-or-later,osi-approved,dasexplorer,,,,2026-08-28,unchanged,,main,115,2,2026-06-27T11:41:35+02:00,2026-07-15T11:21:55+02:00,2,21896,1762,18415,Python=18409;Web=6,Python,7,3,1,"linked accounts, bots removed",4,2026-06-23T09:38:38Z,2026-07-15T09:22:36Z,2026-07-15T09:21:55Z,2026-07-10T10:50:42Z,False,public,Python,False,False,False,NOASSERTION,40,617,,das4whales;h5py;matplotlib;numpy;pillow;pyqt5;pyqtgraph;pyyaml;scipy,readme=True;license_file=True;packaging=True;tests=True;ci=False;coverage=False;docs=True;examples=True;changelog=False;contributing=False;lint=False;typed=False,,,,,,conda_downloads_total=not_applicable,publications=not_applicable;canonical_citations=not_applicable,,2026-08-28T14:52:55+00:00,2026-08-28T15:04:01+00:00,2026-08-28T12:55:47+00:00,2026-08-28T15:05:04+00:00,2026-08-28T15:03:55+00:00,2026-08-28T19:47:27+00:00
dasgauge,dasgauge,UWGeoD/dasgauge,https://github.com/UWGeoD/dasgauge,github,github.com,UWGeoD,,Similarity measurement between two DAS datasets.,included,Reusable DAS-specific comparison package with an MIT license.,benchmarking,benchmarking;processing,das-native,MIT,osi-approved,,,,,2026-08-28,unchanged,,main,7,0,2026-07-30T23:49:01-05:00,2026-08-22T01:23:00-05:00,2,12358,49,5858,Python=5858,Python,0,0,1,"linked accounts, bots removed",0,2026-07-31T04:49:00Z,2026-08-22T06:23:01Z,2026-08-22T06:23:00Z,,False,public,Python,False,True,False,MIT,,,,,readme=True;license_file=True;packaging=True;tests=True;ci=False;coverage=False;docs=False;examples=False;changelog=False;contributing=False;lint=False;typed=False,,,,,,pypi_downloads_30d=not_applicable;pypi_downloads_180d=not_applicable;conda_downloads_total=not_applicable;dependencies=not_applicable,publications=not_applicable;canonical_citations=not_applicable,,2026-08-28T14:52:55+00:00,2026-08-28T15:04:01+00:00,2026-08-28T12:55:49+00:00,2026-08-28T15:05:04+00:00,2026-08-28T15:03:55+00:00,2026-08-28T19:47:27+00:00
dasio,dasio,jxli2a/dasio,https://github.com/jxli2a/dasio,github,github.com,jxli2a,,"Basic input, output, and processing helpers for DAS file formats.",included,Reusable DAS-specific Python package with an MIT license.,data-management,data-management;io;processing,das-native,MIT,osi-approved,dasio,,,,2026-08-28,unchanged,,main,58,0,2026-06-25T11:41:09-05:00,2026-08-09T08:01:43-05:00,1,17323,6119,11009,C++=470;Python=10539,Python,0,0,1,"linked accounts, bots removed",0,2026-06-26T00:21:49Z,2026-08-09T13:03:26Z,2026-08-09T13:01:43Z,,False,public,Python,False,True,True,MIT,16,242,,h5py;joblib;matplotlib;numba;numpy;pandas;pyarrow;scipy;tqdm,readme=True;license_file=True;packaging=True;tests=True;ci=True;coverage=False;docs=False;examples=False;changelog=False;contributing=False;lint=False;typed=False,,,,,,conda_downloads_total=not_applicable,publications=not_applicable;canonical_citations=not_applicable,,2026-08-28T14:52:55+00:00,2026-08-28T15:04:01+00:00,2026-08-28T12:55:52+00:00,2026-08-28T18:53:06+00:00,2026-08-28T15:03:55+00:00,2026-08-28T19:47:27+00:00
dasjax,dasjax,DASDAE/dasjax,https://github.com/DASDAE/dasjax,github,github.com,DASDAE,,JAX-compiled processing kernels and pipelines for DASCore.,included,"Reusable DAS processing package whose LICENSE file states LGPL-3.0, which GitHub does not auto-detect.",processing,parallel-computing;processing,das-native,LGPL-3.0-only,osi-approved,dasjax,,,,2026-08-28,unchanged,,main,5,0,2026-04-11T22:18:27+02:00,2026-04-13T21:34:43+02:00,1,8150,1687,5833,Python=5833,Python,0,0,1,"linked accounts, bots removed",0,2026-04-11T19:36:45Z,2026-08-27T13:29:00Z,2026-08-27T09:13:30Z,,False,public,Python,False,True,True,NOASSERTION,22,248,,dascore;jax;pandas;scipy,readme=True;license_file=True;packaging=True;tests=True;ci=True;coverage=False;docs=False;examples=False;changelog=False;contributing=False;lint=True;typed=False,,,,,,conda_downloads_total=not_applicable,publications=not_applicable;canonical_citations=not_applicable,,2026-08-28T14:52:55+00:00,2026-08-28T15:04:01+00:00,2026-08-28T12:55:54+00:00,2026-08-28T18:53:19+00:00,2026-08-28T15:03:55+00:00,2026-08-28T19:47:27+00:00
daslab,DASLab,yohanesnuwara/DASLab,https://github.com/yohanesnuwara/DASLab,github,github.com,yohanesnuwara,,Signal-processing and analysis routines for DAS fiber-optic data.,included,Reusable DAS-specific Python library with GPL-3.0 licensing and an archived release.,processing,io;processing;visualization,das-native,GPL-3.0-only,osi-approved,,,,10.5281/zenodo.5797215,2026-08-28,unchanged,,main,117,0,2021-05-09T12:00:01+07:00,2025-08-30T10:32:19+02:00,1,169183,47891,4563,Jupyter=2308;Python=2255,Jupyter,77,24,1,"linked accounts, bots removed",1,2021-05-09T05:00:00Z,2025-08-30T08:32:19Z,2025-08-30T08:32:19Z,2021-12-22T04:10:14Z,False,public,Jupyter Notebook,False,False,False,GPL-3.0,,,,,readme=True;license_file=True;packaging=False;tests=False;ci=False;coverage=False;docs=False;examples=True;changelog=False;contributing=False;lint=False;typed=False,1,1,,,,pypi_downloads_30d=not_applicable;pypi_downloads_180d=not_applicable;conda_downloads_total=not_applicable;dependencies=not_applicable,,,2026-08-28T14:52:55+00:00,2026-08-28T15:04:02+00:00,2026-08-28T12:55:56+00:00,2026-08-28T15:05:04+00:00,2026-08-28T15:03:55+00:00,2026-08-28T19:47:27+00:00
dasmart-infra,DASmartInfra,Pengchao-He/DASmartInfra,https://github.com/Pengchao-He/DASmartInfra,github,github.com,Pengchao-He,,"Algorithms, benchmarks, and edge-inference components for DAS infrastructure monitoring.",included,Reusable DAS-specific package under Apache-2.0.,application-domain,benchmarking;detection;machine-learning;processing,das-native,Apache-2.0,osi-approved,,,,,2026-08-28,unchanged,,main,2,0,2026-08-10T02:54:57-06:00,2026-08-10T12:19:30-06:00,2,1161,1,87,Python=87,Python,0,0,1,"linked accounts, bots removed",0,2026-08-10T08:53:46Z,2026-08-10T18:19:31Z,2026-08-10T18:19:30Z,,False,public,Python,True,False,True,Apache-2.0,,,,,readme=True;license_file=True;packaging=False;tests=False;ci=True;coverage=False;docs=True;examples=True;changelog=False;contributing=True;lint=False;typed=False,,,,,,pypi_downloads_30d=not_applicable;pypi_downloads_180d=not_applicable;conda_downloads_total=not_applicable;dependencies=not_applicable,publications=not_applicable;canonical_citations=not_applicable,,2026-08-28T14:52:55+00:00,2026-08-28T15:04:02+00:00,2026-08-28T12:55:58+00:00,2026-08-28T15:05:04+00:00,2026-08-28T15:03:55+00:00,2026-08-28T19:47:27+00:00
dasmasw,dasmasw,DASDAE/dasmasw,https://github.com/DASDAE/dasmasw,github,github.com,DASDAE,,Multichannel analysis of surface waves specialized for DAS data.,excluded,"The repository is private and returns 404 to anyone unauthenticated, so it is not public software. Earlier runs catalogued it because collection is authenticated and the API answered normally.",processing,processing;surface-waves;visualization,das-native,MIT,osi-approved,,,,,2026-08-28,unchanged,,master,2,0,2024-04-08T10:12:01-06:00,2024-04-08T10:14:51-06:00,1,25,2,,,,,,,,,,,,,,,,,,,,,,,,readme=True;license_file=True;packaging=False;tests=False;ci=False;coverage=False;docs=False;examples=False;changelog=False;contributing=False;lint=False;typed=False,,,,lines=not_published,,pypi_downloads_30d=not_applicable;pypi_downloads_180d=not_applicable;conda_downloads_total=not_applicable;dependencies=not_applicable,publications=not_applicable;canonical_citations=not_applicable,,2026-08-28T14:52:55+00:00,2026-08-28T15:04:02+00:00,,2026-08-28T15:05:04+00:00,2026-08-28T15:03:55+00:00,2026-08-28T19:47:27+00:00
dasmatrix,DASMatrix,QIanGua/DASMatrix,https://github.com/QIanGua/DASMatrix,github,github.com,QIanGua,https://qiangua.github.io/DASMatrix,"Python framework for DAS acquisition, processing, and analysis.",included,"Reusable DAS-specific Python framework with an MIT license, published documentation, and continuous integration.",core-framework,data-model;io;processing;visualization,das-native,MIT,osi-approved,,,,,2026-08-28,unchanged,,main,66,0,2025-04-12T09:12:46+08:00,2026-02-28T20:16:12+08:00,1,164723,29145,19067,Jupyter=203;Python=18864,Python,1,0,1,"linked accounts, bots removed",0,2025-04-12T07:06:05Z,2026-02-28T12:16:28Z,2026-02-28T12:16:12Z,,False,public,HTML,True,True,True,,,,,,readme=True;license_file=False;packaging=True;tests=True;ci=True;coverage=False;docs=True;examples=True;changelog=False;contributing=True;lint=True;typed=True,,,,,,pypi_downloads_30d=not_applicable;pypi_downloads_180d=not_applicable;conda_downloads_total=not_applicable;dependencies=not_applicable,publications=not_applicable;canonical_citations=not_applicable,,2026-08-28T14:52:55+00:00,2026-08-28T15:04:02+00:00,2026-08-28T12:56:00+00:00,2026-08-28T15:05:04+00:00,2026-08-28T15:03:55+00:00,2026-08-28T19:47:27+00:00
daspack,DASPack,asleix/daspack,https://github.com/asleix/daspack,github,github.com,asleix,,Lossless and fixed-accuracy lossy compression for large DAS datasets.,included,Reusable DAS-specific compressor with a BSD-3-Clause license and package release.,compression-storage,compression;io;streaming,das-native,BSD-3-Clause,osi-approved,daspack-dev,,,10.1093/gji/ggaf397,2026-08-28,unchanged,,main,20,0,2025-07-11T17:03:07+02:00,2025-10-16T16:06:15+01:00,2,15233,8218,6515,Python=890;Rust=5625,Rust,25,5,1,"linked accounts, bots removed",0,2025-07-11T15:05:39Z,2025-10-16T15:06:21Z,2025-10-16T15:06:15Z,,False,public,Rust,True,True,False,BSD-3-Clause,81,318,,numpy,readme=True;license_file=True;packaging=True;tests=True;ci=False;coverage=False;docs=False;examples=True;changelog=False;contributing=False;lint=False;typed=False,9,9,,,,conda_downloads_total=not_applicable,,,2026-08-28T14:52:55+00:00,2026-08-28T15:04:02+00:00,2026-08-28T12:56:02+00:00,2026-08-28T15:05:18+00:00,2026-08-28T15:03:55+00:00,2026-08-28T19:47:27+00:00
daspy,DASPy,HMZ-03/DASPy,https://github.com/HMZ-03/DASPy,github,github.com,HMZ-03,https://daspy-tutorial.readthedocs.io,Python toolbox for DAS seismology and common array-processing workflows.,included,"Reusable DAS-specific toolbox with an MIT license, documentation, and package releases.",processing,io;processing;seismology;visualization,das-native,MIT,osi-approved,daspy-toolbox,conda-forge/daspy-toolbox,,10.1785/0220240124,2026-08-28,unchanged,,main,457,10,2024-03-27T17:36:22+08:00,2026-06-26T09:34:37+08:00,4,32713,33746,7242,Jupyter=54;Python=7188,Python,157,30,3,"linked accounts, bots removed",10,2024-03-27T10:47:41Z,2026-06-26T01:35:20Z,2026-06-26T01:34:37Z,2026-06-26T01:36:36Z,False,public,Jupyter Notebook,False,False,True,MIT,340,2489,7168,geographiclib;h5py;matplotlib;nptdms;numpy;pyproj;scipy;segyio;tqdm,readme=True;license_file=True;packaging=True;tests=False;ci=True;coverage=False;docs=False;examples=True;changelog=False;contributing=True;lint=False;typed=False,19,19,,,,,,,2026-08-28T14:52:55+00:00,2026-08-28T15:04:04+00:00,2026-08-28T12:56:04+00:00,2026-08-28T15:05:52+00:00,2026-08-28T15:03:55+00:00,2026-08-28T19:47:27+00:00
dasstore,DASstore,niyiyu/DASstore,https://github.com/niyiyu/DASstore,github,github.com,niyiyu,,Object-storage and data-access tools designed for DAS datasets.,included,Reusable DAS storage software with GPL-3.0 licensing.,compression-storage,data-management;io;object-storage,das-native,GPL-3.0-only,osi-approved,dasstore,,,10.5281/zenodo.10714765,2026-08-28,unchanged,,main,127,6,2022-11-15T13:58:20-08:00,2026-05-07T17:37:47-07:00,3,38070,21522,2171,Jupyter=985;Python=1184;Shell=2,Python,21,7,3,"linked accounts, bots removed",4,2022-11-15T21:58:19Z,2026-05-08T00:37:48Z,2026-05-08T00:37:47Z,2024-09-24T20:37:04Z,False,public,Jupyter Notebook,False,True,True,GPL-3.0,19,225,,fsspec;numpy;pandas;s3fs;tiledb;zarr,readme=True;license_file=True;packaging=True;tests=True;ci=True;coverage=True;docs=False;examples=True;changelog=False;contributing=False;lint=True;typed=False,1,1,,,,conda_downloads_total=not_applicable,,,2026-08-28T14:52:55+00:00,2026-08-28T15:04:05+00:00,2026-08-28T12:56:06+00:00,2026-08-28T18:54:32+00:00,2026-08-28T15:03:55+00:00,2026-08-28T19:47:27+00:00
dastools,dastools,geofon/dastools,https://git.gfz-potsdam.de/geofon/dastools,gitlab,git.gfz-potsdam.de,geofon,,"Reading, conversion, and metadata tooling for DAS acquisitions, from GEOFON.",included,Reusable DAS tool set with GPL-3.0-or-later licensing and PyPI releases; the first catalogued project hosted outside GitHub.,data-management,conversion;data-management;io;metadata,das-native,GPL-3.0-or-later,osi-approved,dastools,,,,2026-08-28,unchanged,,master,842,6,2019-06-17T01:06:48+02:00,2025-12-27T10:12:07+01:00,1,40003,26254,11297,Python=11297,Python,2,0,1,distinct commit author names,15,2019-06-17T01:05:32.741+02:00,2025-12-27T10:12:12.486+01:00,2025-12-27T10:12:07.000+01:00,2025-08-26T20:53:40.164+02:00,False,public,Python,True,True,True,gpl-3.0+,42,456,,click;fastapi;h5py;httpx;jinja2;jsonschema;numpy;obspy;pydantic;pytest-cov;scipy;sphinx;tqdm;uvicorn,readme=True;license_file=True;packaging=True;tests=True;ci=True;coverage=False;docs=True;examples=False;changelog=False;contributing=False;lint=False;typed=False,,,,,commits=unavailable,conda_downloads_total=not_applicable,publications=not_applicable;canonical_citations=not_applicable,,2026-08-28T14:52:55+00:00,2026-08-28T15:04:05+00:00,2026-08-28T12:56:08+00:00,2026-08-28T15:06:05+00:00,2026-08-28T15:03:55+00:00,2026-08-28T19:47:27+00:00
dasvader,DASVader.jl,marianoarnaiz/DASvader.jl,https://github.com/marianoarnaiz/DASvader.jl,github,github.com,marianoarnaiz,,"Julia framework for loading, processing, and analyzing DAS data.",included,Reusable DAS-specific Julia library with an MIT license.,core-framework,io;processing;visualization,das-native,MIT,osi-approved,,,DASVader,,2026-08-28,unchanged,,main,90,0,2024-12-02T16:08:03+01:00,2026-07-03T21:57:36+02:00,1,5558,675,4712,Julia=4712,Julia,7,1,1,"linked accounts, bots removed",0,2024-12-02T15:08:03Z,2026-07-03T19:57:37Z,2026-07-03T19:57:36Z,,False,public,Julia,False,False,False,MIT,,,,,readme=True;license_file=True;packaging=True;tests=False;ci=False;coverage=False;docs=False;examples=True;changelog=False;contributing=False;lint=False;typed=False,,,,,,pypi_downloads_30d=not_applicable;pypi_downloads_180d=not_applicable;conda_downloads_total=not_applicable;dependencies=not_applicable,publications=not_applicable;canonical_citations=not_applicable,,2026-08-28T14:52:55+00:00,2026-08-28T15:04:05+00:00,2026-08-28T12:56:10+00:00,2026-08-28T15:06:05+00:00,2026-08-28T15:03:55+00:00,2026-08-28T19:47:27+00:00
dasvader-ds,DASVaderDS.jl,marianoarnaiz/DASVaderDS.jl,https://github.com/marianoarnaiz/DASVaderDS.jl,github,github.com,marianoarnaiz,,"Julia detection, picking, and visualization tools for DAS data streams.",included,Reusable DAS-specific Julia library with an MIT license and a source tree distinct from DASVader.jl.,core-framework,detection;io;phase-picking;processing;visualization,das-native,MIT,osi-approved,,,,,2026-08-28,unchanged,,main,13,0,2025-05-20T14:52:26+02:00,2025-05-20T16:24:10+02:00,1,4962,94,4695,Julia=4695,Julia,0,0,1,"linked accounts, bots removed",0,2025-05-20T12:52:26Z,2025-05-20T14:24:11Z,2025-05-20T14:24:10Z,,False,public,Julia,False,False,False,MIT,,,,,readme=True;license_file=True;packaging=True;tests=False;ci=False;coverage=False;docs=False;examples=True;changelog=False;contributing=False;lint=False;typed=False,,,,,,pypi_downloads_30d=not_applicable;pypi_downloads_180d=not_applicable;conda_downloads_total=not_applicable;dependencies=not_applicable,publications=not_applicable;canonical_citations=not_applicable,,2026-08-28T14:52:55+00:00,2026-08-28T15:04:05+00:00,2026-08-28T12:56:12+00:00,2026-08-28T15:06:05+00:00,2026-08-28T15:03:55+00:00,2026-08-28T19:47:27+00:00
dasview,DASView,hetinghong/DASView,https://github.com/hetinghong/DASView,github,github.com,hetinghong,,Cross-platform desktop application for interactive DAS visualization and processing.,watchlist,"MIT licensed and clearly in scope, but the repository publishes only a README, a license, and screenshots; no source code is available to review or reuse.",visualization-annotation,desktop-application;processing;visualization,das-native,MIT,osi-approved,,,,,2026-08-28,unchanged,,main,11,0,2025-12-19T15:02:43+08:00,2025-12-27T12:17:49+08:00,1,379,35,,,,15,2,1,"linked accounts, bots removed",1,2025-12-19T07:02:43Z,2026-08-27T23:19:29Z,2026-08-27T23:19:29Z,2025-12-19T11:37:13Z,False,public,,False,False,False,MIT,,,,,readme=True;license_file=True;packaging=False;tests=False;ci=False;coverage=False;docs=False;examples=False;changelog=False;contributing=False;lint=False;typed=False,,,,lines=not_published,,pypi_downloads_30d=not_applicable;pypi_downloads_180d=not_applicable;conda_downloads_total=not_applicable;dependencies=not_applicable,publications=not_applicable;canonical_citations=not_applicable,,2026-08-28T14:52:55+00:00,2026-08-28T15:04:05+00:00,2026-08-28T12:56:14+00:00,2026-08-28T15:06:05+00:00,2026-08-28T15:03:55+00:00,2026-08-28T19:47:27+00:00
derzug,DerZug,DASDAE/derzug,https://github.com/DASDAE/derzug,github,github.com,DASDAE,,Interactive DFOS visualization and annotation application built on DASCore.,included,"Reusable DFOS application with GPL-3.0 licensing and PyPI and conda-forge releases; self-declared experimental, which the policy does not exclude.",visualization-annotation,annotation;desktop-application;processing;visualization,das-native,GPL-3.0-only,osi-approved,derzug,conda-forge/derzug,,,2026-08-28,unchanged,,main,57,0,2026-03-20T17:07:52+01:00,2026-08-13T17:11:16+02:00,1,108431,22962,75368,Python=75342;Shell=26,Python,4,0,1,"linked accounts, bots removed",11,2026-03-09T10:20:00Z,2026-08-13T15:12:12Z,2026-08-13T15:11:16Z,2026-08-13T15:12:13Z,False,public,Python,True,True,True,GPL-3.0,157,1532,2577,dascore;orange3;pyqt6;pyqtgraph;typer,readme=True;license_file=True;packaging=True;tests=True;ci=True;coverage=False;docs=True;examples=False;changelog=True;contributing=False;lint=True;typed=False,,,,,,,publications=not_applicable;canonical_citations=not_applicable,,2026-08-28T14:52:55+00:00,2026-08-28T15:04:05+00:00,2026-08-28T12:56:16+00:00,2026-08-28T15:06:18+00:00,2026-08-28T15:03:55+00:00,2026-08-28T19:47:27+00:00
distpy,distpy,Schlumberger/distpy,https://github.com/Schlumberger/distpy,github,github.com,Schlumberger,,"Branched, scalable processing flows for distributed fiber-optic sensor data.",included,Reusable DAS processing package with an MIT license and PyPI releases.,processing,parallel-computing;pipelines;processing;visualization,das-native,MIT,osi-approved,distpy,,,,2026-08-28,unchanged,,master,64,2,2020-01-20T10:14:59+00:00,2022-11-08T21:54:37+00:00,3,94691,1964,7600,Jupyter=398;Python=7202,Python,40,20,2,"linked accounts, bots removed",0,2020-01-20T10:14:57Z,2022-11-08T21:56:35Z,2022-11-08T21:54:37Z,,False,public,Jupyter Notebook,True,False,False,MIT,53,1035,,h5py;matplotlib;numba;numpy;pandas;scikit-learn;scipy,readme=True;license_file=True;packaging=True;tests=True;ci=False;coverage=False;docs=True;examples=True;changelog=False;contributing=False;lint=False;typed=False,,,,,,conda_downloads_total=not_applicable,publications=not_applicable;canonical_citations=not_applicable,,2026-08-28T14:52:55+00:00,2026-08-28T15:04:05+00:00,2026-08-28T12:56:18+00:00,2026-08-28T15:06:31+00:00,2026-08-28T15:03:55+00:00,2026-08-28T19:47:27+00:00
dss-analyzer,DSS_analyzer_Mariner,shenyaojin/DSS_analyzer_Mariner,https://github.com/shenyaojin/DSS_analyzer_Mariner,github,github.com,shenyaojin,,Distributed strain sensing processing tools for the Bakken Mariner project.,watchlist,OSI-licensed and archived by its author; the modality is distributed strain sensing rather than DAS.,processing,io;processing;strain-sensing,other-fiber,GPL-3.0-only,osi-approved,,,,,2026-08-28,unchanged,,main,53,3,2023-10-05T18:04:02-06:00,2025-01-31T14:03:53-07:00,1,4207,1942,1569,Python=1569,Python,3,0,1,"linked accounts, bots removed",0,2023-10-06T00:04:02Z,2025-01-31T21:03:53Z,2025-01-31T21:03:53Z,,True,public,Python,False,False,False,GPL-3.0,,,,,readme=True;license_file=True;packaging=False;tests=False;ci=False;coverage=False;docs=False;examples=False;changelog=False;contributing=False;lint=False;typed=False,,,,,,pypi_downloads_30d=not_applicable;pypi_downloads_180d=not_applicable;conda_downloads_total=not_applicable;dependencies=not_applicable,publications=not_applicable;canonical_citations=not_applicable,,2026-08-28T14:52:55+00:00,2026-08-28T15:04:05+00:00,2026-08-28T12:56:21+00:00,2026-08-28T15:06:31+00:00,2026-08-28T15:03:55+00:00,2026-08-28T19:47:27+00:00
dts-r,dts,jkennel/dts,https://github.com/jkennel/dts,github,github.com,jkennel,,R tools for reading and exploring distributed temperature sensing datasets.,watchlist,"The only R package found in this domain, but the modality is distributed temperature sensing rather than DAS, and no license file is published.",data-management,data-management;io;temperature-sensing,other-fiber,,unlicensed,,,,,2026-08-28,unchanged,,master,126,2,2018-07-26T11:30:01-04:00,2025-11-07T16:09:01-05:00,3,17334,3314,9454,C++=469;Python=465;R=8520,R,3,1,3,"linked accounts, bots removed",0,2021-09-01T14:00:34Z,2025-11-07T21:09:07Z,2025-11-07T21:09:01Z,,False,public,HTML,False,True,True,,,,,,readme=True;license_file=False;packaging=True;tests=True;ci=True;coverage=True;docs=True;examples=False;changelog=False;contributing=False;lint=False;typed=False,,,,,,pypi_downloads_30d=not_applicable;pypi_downloads_180d=not_applicable;conda_downloads_total=not_applicable;dependencies=not_applicable,publications=not_applicable;canonical_citations=not_applicable,,2026-08-28T14:52:55+00:00,2026-08-28T15:04:05+00:00,2026-08-28T12:56:23+00:00,2026-08-28T15:06:31+00:00,2026-08-28T15:03:55+00:00,2026-08-28T19:47:27+00:00
dtscalibration,python-dts-calibration,dtscalibration/python-dts-calibration,https://github.com/dtscalibration/python-dts-calibration,github,github.com,dtscalibration,https://python-dts-calibration.readthedocs.io,Loading and calibration of raw distributed temperature sensing measurements.,watchlist,"Mature, OSI-licensed DFOS package, but distributed temperature sensing is a different modality from DAS and is held out of the headline comparison.",processing,calibration;io;processing;temperature-sensing,other-fiber,BSD-3-Clause,osi-approved,dtscalibration,conda-forge/dtscalibration,,,2026-08-28,unchanged,,main,1002,131,2018-08-01T00:49:53+02:00,2026-05-06T12:40:38+02:00,6,751507,147712,16221,Jupyter=730;Python=15491,Python,43,22,5,"linked accounts, bots removed",32,2018-07-31T22:46:08Z,2026-05-07T09:43:35Z,2026-05-06T10:40:38Z,2024-09-13T13:30:15Z,False,public,Python,True,True,True,BSD-3-Clause,219,2170,985,dask;matplotlib;nc-time-axis;netcdf4;numpy;pandas;pyyaml;scipy;xarray;xmltodict,readme=True;license_file=True;packaging=True;tests=True;ci=True;coverage=True;docs=True;examples=True;changelog=True;contributing=True;lint=True;typed=True,,,,,,,publications=not_applicable;canonical_citations=not_applicable,,2026-08-28T14:52:55+00:00,2026-08-28T15:04:06+00:00,2026-08-28T12:56:24+00:00,2026-08-28T15:06:44+00:00,2026-08-28T15:03:55+00:00,2026-08-28T19:47:27+00:00
dtsgui,DTSGUI,water/espd/hgb/DTSGUI,https://code.usgs.gov/water/espd/hgb/DTSGUI,gitlab,code.usgs.gov,water,,"Desktop program for parsing, processing, georeferencing, and visualizing fiber-optic distributed temperature sensing records.",watchlist,"Public-domain program with a setup.py and an API the paper documents for use outside its GUI, but distributed temperature sensing is a different modality from DAS and is held out of the headline comparison, as python-dts-calibration and pyfocs are.",visualization-annotation,desktop-application;io;processing;temperature-sensing;visualization,other-fiber,CC0-1.0,osi-approved,,,,10.1111/gwat.12974,2026-08-28,cloned,,master,48,1,2018-10-05T12:48:12-05:00,2026-03-04T20:22:06+00:00,2,1718940,502,8486,Python=8486,Python,,,,,,,,,,,,,,,,,,,,,readme=True;license_file=True;packaging=True;tests=False;ci=False;coverage=False;docs=True;examples=True;changelog=False;contributing=False;lint=False;typed=False,13,13,,,,pypi_downloads_30d=not_applicable;pypi_downloads_180d=not_applicable;conda_downloads_total=not_applicable;dependencies=not_applicable,,,2026-08-28T14:52:55+00:00,2026-08-28T15:04:07+00:00,,2026-08-28T15:06:44+00:00,2026-08-28T15:03:56+00:00,2026-08-28T19:47:27+00:00
edgedas,EdgeDAS,DASDAE/edgedas,https://github.com/DASDAE/edgedas,github,github.com,DASDAE,,Announced edge-computing infrastructure for DAS data analysis.,excluded,"The repository carries a license but no published source, so there is nothing to review or reuse.",out-of-scope,,das-native,LGPL-2.1-only,osi-approved,,,,,2026-08-28,unchanged,,master,2,0,2026-07-22T09:04:16-06:00,2026-07-22T09:09:36-06:00,1,745,0,,,,,,,,,,,,,,,,,,,,,,,,readme=True;license_file=True;packaging=False;tests=False;ci=False;coverage=False;docs=False;examples=False;changelog=False;contributing=False;lint=False;typed=False,,,,lines=not_published,,pypi_downloads_30d=not_applicable;pypi_downloads_180d=not_applicable;conda_downloads_total=not_applicable;dependencies=not_applicable,publications=not_applicable;canonical_citations=not_applicable,,2026-08-28T14:52:55+00:00,2026-08-28T15:04:07+00:00,,2026-08-28T15:06:44+00:00,2026-08-28T15:03:56+00:00,2026-08-28T19:47:27+00:00
eqnet,EQNet / PhaseNet-DAS,AI4EPS/EQNet,https://github.com/AI4EPS/EQNet,github,github.com,AI4EPS,,Deep-learning earthquake detection and phase picking with DAS support.,included,"Reusable DAS phase-picking and detection models under a custom academic/commercial license, which is source-available rather than OSI-approved.",machine-learning-detection,detection;machine-learning;phase-picking;seismology,das-supporting,LicenseRef-Academic-Commercial,source-available,,,,,2026-08-28,unchanged,,main,265,9,2022-07-18T14:34:27-07:00,2026-08-17T23:44:45-07:00,3,45474,16593,21397,Jupyter=3511;Python=17852;Shell=34,Python,56,19,4,"linked accounts, bots removed",1,2022-07-18T21:30:56Z,2026-08-18T06:45:36Z,2026-08-18T06:44:45Z,2023-10-26T07:25:18Z,False,public,Jupyter Notebook,True,True,True,NOASSERTION,,,,,readme=True;license_file=True;packaging=True;tests=True;ci=True;coverage=False;docs=True;examples=True;changelog=False;contributing=False;lint=False;typed=False,,,,,,pypi_downloads_30d=not_applicable;pypi_downloads_180d=not_applicable;conda_downloads_total=not_applicable;dependencies=not_applicable,publications=not_applicable;canonical_citations=not_applicable,,2026-08-28T14:52:55+00:00,2026-08-28T15:04:08+00:00,2026-08-28T12:56:27+00:00,2026-08-28T15:06:44+00:00,2026-08-28T15:03:56+00:00,2026-08-28T19:47:27+00:00
eth-das-readers,ETH_DAS_readers,dcbowden/ETH_DAS_readers,https://github.com/dcbowden/ETH_DAS_readers,github,github.com,dcbowden,,Python readers for HDF5 DAS data in the Silixa and PRODML 2.1 header formats.,included,"Reusable DAS format readers published with no license file, which grants no reuse rights.",data-management,data-management;io,das-native,,unlicensed,,,,,2026-08-28,unchanged,,main,12,0,2023-01-31T16:31:06+01:00,2024-11-22T01:18:34+01:00,1,14351,865,2920,Jupyter=941;Python=1979,Python,7,0,1,"linked accounts, bots removed",0,2023-01-31T15:18:00Z,2024-11-22T00:18:41Z,2024-11-22T00:18:34Z,,False,public,Jupyter Notebook,False,False,False,,,,,,readme=True;license_file=False;packaging=False;tests=False;ci=False;coverage=False;docs=False;examples=True;changelog=False;contributing=False;lint=False;typed=False,,,,,,pypi_downloads_30d=not_applicable;pypi_downloads_180d=not_applicable;conda_downloads_total=not_applicable;dependencies=not_applicable,publications=not_applicable;canonical_citations=not_applicable,,2026-08-28T14:52:55+00:00,2026-08-28T15:04:09+00:00,2026-08-28T12:56:29+00:00,2026-08-28T15:06:44+00:00,2026-08-28T15:03:56+00:00,2026-08-28T19:47:27+00:00
exploredas,ExploreDAS,markewillis/ExploreDAS,https://github.com/markewillis/ExploreDAS,github,github.com,markewillis,,"MATLAB application for building earth models, forward modelling DAS and geophone data, and producing migrated images.",included,"MIT-licensed MATLAB application shipping ExploreDAS.mlappinstall with its source, so an application rather than tutorial material, on the same reading as Gridded-SlantStack. Written for the 2022 SEG short course and dormant since; the bundled SegyMAT copy carries its own upstream terms.",modeling,education;io;modeling;processing;visualization,das-native,MIT,osi-approved,,,,10.1190/1.9781560803850,2026-08-28,cloned,,main,7,0,2022-07-10T20:21:34-05:00,2022-07-13T13:31:26-05:00,1,25620,37,24750,MATLAB=24750,MATLAB,,,,,,,,,,,,,,,,,,,,,readme=True;license_file=True;packaging=True;tests=False;ci=False;coverage=False;docs=False;examples=False;changelog=False;contributing=False;lint=False;typed=False,35,35,,,,pypi_downloads_30d=not_applicable;pypi_downloads_180d=not_applicable;conda_downloads_total=not_applicable;dependencies=not_applicable,,,2026-08-28T14:52:55+00:00,2026-08-28T15:04:09+00:00,,2026-08-28T15:06:44+00:00,2026-08-28T15:03:56+00:00,2026-08-28T19:47:27+00:00
farmdas,FarmDAS,Denolle-Lab/FarmDAS,https://github.com/Denolle-Lab/FarmDAS,github,github.com,Denolle-Lab,,Ambient-noise interferometry for monitoring soil hydrodynamics under farming practices.,included,"Reusable package with pyproject, tox, and GitHub Actions, developed by three authors over 100 commits. The CC BY-NC 4.0 licence is non-commercial and so source-available rather than open source.",application-domain,pipelines;processing;seismology,das-native,CC-BY-NC-4.0,source-available,,,,,2026-08-28,unchanged,,main,137,3,2023-06-26T10:13:19-07:00,2026-02-02T12:53:13-06:00,4,161169,112050,13863,Jupyter=12873;Python=990,Jupyter,7,0,2,"linked accounts, bots removed",0,2023-06-26T17:13:17Z,2026-02-02T18:54:18Z,2026-02-02T18:53:13Z,,False,public,Jupyter Notebook,False,False,True,NOASSERTION,,,,,readme=True;license_file=True;packaging=True;tests=False;ci=True;coverage=False;docs=False;examples=True;changelog=False;contributing=False;lint=False;typed=False,,,,,,pypi_downloads_30d=not_applicable;pypi_downloads_180d=not_applicable;conda_downloads_total=not_applicable;dependencies=not_applicable,publications=not_applicable;canonical_citations=not_applicable,,2026-08-28T14:52:55+00:00,2026-08-28T15:04:19+00:00,2026-08-28T12:56:31+00:00,2026-08-28T15:06:44+00:00,2026-08-28T15:03:56+00:00,2026-08-28T19:47:27+00:00
febustools,FebusTools.jl,anowacki/FebusTools.jl,https://github.com/anowacki/FebusTools.jl,github,github.com,anowacki,,Julia reader and conversion tools for Febus fibre-optic interrogator data.,included,Reusable DAS-specific Julia package with an MIT license.,data-management,conversion;io,das-native,MIT,osi-approved,,,,,2026-08-28,unchanged,,main,19,0,2023-01-25T17:51:19+00:00,2024-10-11T17:09:13+01:00,1,1049,108,353,Julia=353,Julia,0,0,1,"linked accounts, bots removed",0,2023-01-29T22:24:09Z,2024-10-11T16:42:08Z,2024-10-11T16:09:13Z,,False,public,Julia,True,True,True,MIT,,,,,readme=True;license_file=True;packaging=True;tests=True;ci=True;coverage=True;docs=True;examples=False;changelog=False;contributing=False;lint=False;typed=False,,,,,,pypi_downloads_30d=not_applicable;pypi_downloads_180d=not_applicable;conda_downloads_total=not_applicable;dependencies=not_applicable,publications=not_applicable;canonical_citations=not_applicable,,2026-08-28T14:52:55+00:00,2026-08-28T15:04:19+00:00,2026-08-28T12:56:33+00:00,2026-08-28T15:06:44+00:00,2026-08-28T15:03:56+00:00,2026-08-28T19:47:27+00:00
fiber-strain-modeling,horizontal-fracture-fiber-strain,Pengchao-He/horizontal-fracture-fiber-strain,https://github.com/Pengchao-He/horizontal-fracture-fiber-strain,github,github.com,Pengchao-He,,MATLAB strain and strain-rate modeling for horizontal shear fractures observed on monitoring fibers.,included,"Reusable MATLAB modeling library with an MIT license, a documented function guide, and a citation file.",modeling,modeling;processing;visualization,das-native,MIT,osi-approved,,,,,2026-08-28,unchanged,,main,1,0,2026-07-19T02:01:55-06:00,2026-07-19T02:01:55-06:00,1,2007,0,1800,MATLAB=1800,MATLAB,0,0,1,"linked accounts, bots removed",0,2026-07-19T08:02:08Z,2026-07-19T08:02:14Z,2026-07-19T08:01:55Z,,False,public,MATLAB,False,False,False,MIT,,,,,readme=True;license_file=True;packaging=False;tests=True;ci=False;coverage=False;docs=False;examples=True;changelog=False;contributing=False;lint=False;typed=False,,,,,,pypi_downloads_30d=not_applicable;pypi_downloads_180d=not_applicable;conda_downloads_total=not_applicable;dependencies=not_applicable,publications=not_applicable;canonical_citations=not_applicable,,2026-08-28T14:52:55+00:00,2026-08-28T15:04:19+00:00,2026-08-28T12:56:35+00:00,2026-08-28T15:06:44+00:00,2026-08-28T15:03:56+00:00,2026-08-28T19:47:27+00:00
fiberis,fibeRIS,shenyaojin/fibeRIS,https://github.com/shenyaojin/fibeRIS,github,github.com,shenyaojin,,"Analysis, simulation, and data management across fiber-optic sensing modalities.",watchlist,"OSI-licensed and actively developed, but it spans DTS, DSS, and gauge data rather than targeting DAS, so its scope overlap is still under review.",core-framework,data-management;data-model;io;modeling;processing,das-native,MIT,osi-approved,fiberis,,,,2026-08-28,unchanged,,main,313,17,2025-01-31T17:56:41-07:00,2026-07-21T10:47:10-05:00,3,48304,12062,21565,Jupyter=385;Python=21180,Python,2,1,3,"linked accounts, bots removed",0,2025-02-01T00:56:41Z,2026-07-21T15:47:16Z,2026-07-21T15:47:10Z,,False,public,Python,True,True,True,MIT,14,161,,h5py;matplotlib;meshio;numpy;pandas;plotly;python-dateutil;scipy,readme=True;license_file=True;packaging=True;tests=True;ci=True;coverage=True;docs=True;examples=True;changelog=False;contributing=False;lint=False;typed=True,,,,,,conda_downloads_total=not_applicable,publications=not_applicable;canonical_citations=not_applicable,,2026-08-28T14:52:55+00:00,2026-08-28T15:04:20+00:00,2026-08-28T12:56:37+00:00,2026-08-28T18:55:45+00:00,2026-08-28T15:03:56+00:00,2026-08-28T19:47:27+00:00
fiberoptics-das-schemas,Fiberoptics DAS Public Schemas,equinor/fiberoptics-das-public-schemas,https://github.com/equinor/fiberoptics-das-public-schemas,github,github.com,equinor,,Avro schemas for communication between a DAS interrogator and a processing server.,included,"Reusable interoperability artifact: Apache-2.0 schemas released at version 2.0.5 with Java CI, aligned to the ProdML 2.0 standard, developed by eight authors since 2020.",interoperability,data-model;interoperability;metadata,das-native,Apache-2.0,osi-approved,,,,,2026-08-28,unchanged,,main,73,1,2020-02-05T08:38:18+01:00,2026-01-29T11:58:17+01:00,5,1936,510,175,Java=117;Shell=58,Java,1,0,3,"linked accounts, bots removed",0,2020-02-05T07:38:01Z,2026-01-29T10:58:17Z,2026-01-29T10:58:17Z,,False,public,Shell,False,False,True,Apache-2.0,,,,,readme=True;license_file=True;packaging=True;tests=False;ci=True;coverage=False;docs=False;examples=False;changelog=False;contributing=False;lint=False;typed=False,,,,,,pypi_downloads_30d=not_applicable;pypi_downloads_180d=not_applicable;conda_downloads_total=not_applicable;dependencies=not_applicable,publications=not_applicable;canonical_citations=not_applicable,,2026-08-28T14:52:55+00:00,2026-08-28T15:04:20+00:00,2026-08-28T12:56:38+00:00,2026-08-28T15:06:44+00:00,2026-08-28T15:03:56+00:00,2026-08-28T19:47:27+00:00
fiberwatch-cli,FiberWatch CLI,theBlackfish01/FiberWatchCLI,https://github.com/theBlackfish01/FiberWatchCLI,github,github.com,theBlackfish01,,Command-line training and evaluation of fault and event models for OTDR and DAS traces.,included,Reusable command-line toolkit for fiber-sensing data with an MIT license.,machine-learning-detection,detection;machine-learning;processing,das-native,MIT,osi-approved,,,,,2026-08-28,unchanged,,master,183,64,2025-07-07T01:50:09+05:00,2026-08-09T17:32:59+05:00,2,114977,22614,55057,Jupyter=1016;Python=54041,Python,8,0,1,"linked accounts, bots removed",0,2025-07-06T20:49:28Z,2026-08-09T12:32:59Z,2026-08-09T12:32:59Z,,False,public,Jupyter Notebook,False,False,False,MIT,,,,,readme=True;license_file=True;packaging=False;tests=True;ci=False;coverage=False;docs=False;examples=True;changelog=False;contributing=False;lint=False;typed=False,,,,,,pypi_downloads_30d=not_applicable;pypi_downloads_180d=not_applicable;conda_downloads_total=not_applicable;dependencies=not_applicable,publications=not_applicable;canonical_citations=not_applicable,,2026-08-28T14:52:55+00:00,2026-08-28T15:04:20+00:00,2026-08-28T12:56:41+00:00,2026-08-28T15:06:44+00:00,2026-08-28T15:03:56+00:00,2026-08-28T19:47:27+00:00
filark,FiLark,Guoguo828/fliark,https://github.com/Guoguo828/fliark,github,github.com,Guoguo828,,"Streaming-first exploration, annotation, and signal processing for large DAS recordings.",included,Reusable DAS-specific Python framework with an MIT license and a packaged module tree.,visualization-annotation,annotation;processing;streaming;visualization,das-native,MIT,osi-approved,filark,,,,2026-08-28,unchanged,,main,1,0,2026-01-25T11:15:45+08:00,2026-01-25T11:15:45+08:00,1,7541,0,6878,Python=6878,Python,0,0,1,"linked accounts, bots removed",0,2026-01-27T02:24:26Z,2026-01-25T03:15:48Z,2026-01-25T03:15:45Z,,False,public,,False,False,False,MIT,9,234,,h5py;matplotlib;numpy;pyside6;scipy;vispy,readme=True;license_file=True;packaging=True;tests=False;ci=False;coverage=False;docs=False;examples=False;changelog=False;contributing=False;lint=False;typed=False,,,,,,conda_downloads_total=not_applicable,publications=not_applicable;canonical_citations=not_applicable,,2026-08-28T14:52:55+00:00,2026-08-28T15:04:20+00:00,2026-08-28T12:56:43+00:00,2026-08-28T18:57:59+00:00,2026-08-28T15:03:56+00:00,2026-08-28T19:47:27+00:00
fosanalysis,fosanalysis,TUD-IMB/fosanalysis,https://github.com/TUD-IMB/fosanalysis,github,github.com,TUD-IMB,https://tud-imb.github.io/fosanalysis/,Python framework for evaluating distributed fibre optic strain measurements and calculating crack widths in concrete structures.,watchlist,"OSI-licensed, PyPI-published DFOS package with a documented pre-processing pipeline, but distributed strain sensing is a different modality from DAS and is held out of the headline comparison, as python-dts-calibration is.",processing,io;processing;strain-sensing,other-fiber,GPL-3.0-only,osi-approved,fosanalysis,,,10.1002/suco.202300100,2026-08-28,cloned,,master,353,6,2022-05-10T15:52:10+02:00,2026-02-10T17:01:45+01:00,3,22805,12489,5737,Python=5737,Python,,,,,,,,,,,,,,,,,31,358,,brplotviz;numpy;scipy,readme=True;license_file=True;packaging=True;tests=False;ci=True;coverage=False;docs=False;examples=True;changelog=True;contributing=True;lint=False;typed=False,68,52,,,,conda_downloads_total=not_applicable,,,2026-08-28T14:52:55+00:00,2026-08-28T15:04:20+00:00,,2026-08-28T15:06:59+00:00,2026-08-28T15:04:21+00:00,2026-08-28T19:47:27+00:00
generic-cable,GenericCable,subsurface4d/GenericCable,https://github.com/subsurface4d/GenericCable,github,github.com,subsurface4d,,Forward and adjoint modeling for fiber-optic cable responses.,included,"Reusable DAS-specific modeling code published with no license file, which grants no reuse rights and is recorded as unlicensed rather than excluded.",modeling,inversion;modeling,das-native,,unlicensed,,,,,2026-08-28,unchanged,,main,9,0,2023-12-18T07:52:47-08:00,2024-08-07T08:41:21-05:00,1,13420,1747,2921,Jupyter=1762;Python=1159,Jupyter,22,6,1,"linked accounts, bots removed",0,2023-12-18T15:52:47Z,2024-08-07T13:41:22Z,2024-08-07T13:41:21Z,,False,public,Python,True,False,False,,,,,,readme=True;license_file=False;packaging=True;tests=False;ci=False;coverage=False;docs=False;examples=True;changelog=False;contributing=False;lint=True;typed=False,,,,,,pypi_downloads_30d=not_applicable;pypi_downloads_180d=not_applicable;conda_downloads_total=not_applicable;dependencies=not_applicable,publications=not_applicable;canonical_citations=not_applicable,,2026-08-28T14:52:55+00:00,2026-08-28T15:04:20+00:00,2026-08-28T12:56:44+00:00,2026-08-28T15:06:59+00:00,2026-08-28T15:04:21+00:00,2026-08-28T19:47:27+00:00
gridded-slant-stack,Gridded-SlantStack,zackspica/Gridded-SlantStack,https://github.com/zackspica/Gridded-SlantStack,github,github.com,zackspica,,MATLAB gridded slant-stack extraction of surface waves from DAS recordings.,included,Reusable MATLAB implementation of a DAS-specific method with an MIT license.,processing,processing;surface-waves;visualization,das-native,MIT,osi-approved,,,,,2026-08-28,unchanged,,main,17,0,2021-10-19T10:24:39-04:00,2021-10-19T15:13:15-04:00,1,1071,547,447,MATLAB=447,MATLAB,8,1,1,"linked accounts, bots removed",1,2021-10-19T14:24:38Z,2021-10-28T17:24:25Z,2021-10-19T19:13:15Z,2021-10-28T17:24:25Z,False,public,MATLAB,False,False,False,MIT,,,,,readme=True;license_file=True;packaging=False;tests=False;ci=False;coverage=False;docs=False;examples=False;changelog=False;contributing=False;lint=False;typed=False,,,,,,pypi_downloads_30d=not_applicable;pypi_downloads_180d=not_applicable;conda_downloads_total=not_applicable;dependencies=not_applicable,publications=not_applicable;canonical_citations=not_applicable,,2026-08-28T14:52:55+00:00,2026-08-28T15:04:21+00:00,2026-08-28T12:56:47+00:00,2026-08-28T15:06:59+00:00,2026-08-28T15:04:21+00:00,2026-08-28T19:47:27+00:00
idas-convert,idas-convert,pyrocko/idas-convert,https://github.com/pyrocko/idas-convert,github,github.com,pyrocko,,Conversion of Silixa iDAS TDMS data into established seismic formats.,included,Reusable DAS conversion tool with GPL-3.0 licensing.,data-management,conversion;data-management;io,das-native,GPL-3.0-only,osi-approved,,,,10.5880/gfz.2.1.2021.005,2026-08-28,unchanged,,master,18,0,2021-01-14T16:30:57+01:00,2021-11-16T16:08:25+01:00,2,3246,898,1279,Python=1247;Shell=32,Python,9,2,1,"linked accounts, bots removed",0,2021-09-21T09:24:40Z,2021-11-16T15:12:03Z,2021-11-16T15:08:25Z,,False,public,Python,True,True,False,GPL-3.0,,,,,readme=True;license_file=True;packaging=True;tests=True;ci=False;coverage=False;docs=True;examples=False;changelog=False;contributing=False;lint=False;typed=False,4,4,,,,pypi_downloads_30d=not_applicable;pypi_downloads_180d=not_applicable;conda_downloads_total=not_applicable;dependencies=not_applicable,,,2026-08-28T14:52:55+00:00,2026-08-28T15:04:21+00:00,2026-08-28T12:56:49+00:00,2026-08-28T15:06:59+00:00,2026-08-28T15:04:21+00:00,2026-08-28T19:47:27+00:00
intro-to-das,IntroToDASData,DAS-RCN/IntroToDASData,https://github.com/DAS-RCN/IntroToDASData,github,github.com,DAS-RCN,,Introductory notebooks for reading and working with DAS data.,excluded,"Tutorial material rather than a reusable software package, CLI, framework, or application.",tutorial,education;io;visualization,das-native,BSD-3-Clause,osi-approved,,,,,2026-08-28,unchanged,,master,67,1,2020-04-14T10:31:59-04:00,2022-01-04T01:03:35+02:00,4,181601,163530,1326,Jupyter=1326,Jupyter,,,,,,,,,,,,,,,,,,,,,readme=True;license_file=True;packaging=False;tests=False;ci=False;coverage=False;docs=False;examples=True;changelog=False;contributing=False;lint=False;typed=False,,,,,,pypi_downloads_30d=not_applicable;pypi_downloads_180d=not_applicable;conda_downloads_total=not_applicable;dependencies=not_applicable,publications=not_applicable;canonical_citations=not_applicable,,2026-08-28T14:52:55+00:00,2026-08-28T15:04:22+00:00,,2026-08-28T15:06:59+00:00,2026-08-28T15:04:21+00:00,2026-08-28T19:47:27+00:00
invisensing,invisensing,invisensing-io/python-lib,https://github.com/invisensing-io/python-lib,github,github.com,invisensing-io,,Vendor Python SDK reading every DAS acquisition format the Audace platform writes.,included,"Reusable vendor-published DAS reader with an MIT license, documentation, CI, and PyPI releases.",data-management,conversion;data-management;io,das-native,MIT,osi-approved,invisensing,,,,2026-08-28,unchanged,,master,39,1,2024-09-13T13:13:27+02:00,2026-07-22T12:21:55+02:00,2,9417,3827,3492,Python=2594;Rust=898,Python,0,0,1,"linked accounts, bots removed",6,2024-09-13T11:11:38Z,2026-07-22T10:25:52Z,2026-07-22T10:21:55Z,2026-07-22T10:32:50Z,False,public,Python,True,True,True,MIT,304,6215,,h5py;nptdms;numpy;segyio,readme=True;license_file=True;packaging=True;tests=True;ci=True;coverage=False;docs=True;examples=True;changelog=False;contributing=False;lint=False;typed=False,,,,,,conda_downloads_total=not_applicable,publications=not_applicable;canonical_citations=not_applicable,,2026-08-28T14:52:55+00:00,2026-08-28T15:04:22+00:00,2026-08-28T12:56:53+00:00,2026-08-28T15:07:14+00:00,2026-08-28T15:04:21+00:00,2026-08-28T19:47:27+00:00
jdas,jDAS,martijnende/jDAS,https://github.com/martijnende/jDAS,github,github.com,martijnende,,Coherence-based deep-learning denoising for DAS data.,included,Reusable DAS denoising implementation with an MIT license.,machine-learning-detection,denoising;machine-learning;processing,das-native,MIT,osi-approved,,,,,2026-08-28,unchanged,,master,6,0,2021-08-21T15:35:25+02:00,2022-10-12T19:13:12+02:00,1,7579,183,1165,Jupyter=346;Python=819,Python,41,4,1,"linked accounts, bots removed",1,2021-08-21T13:35:25Z,2022-10-12T17:13:36Z,2022-10-12T17:13:12Z,2021-09-08T14:14:43Z,False,public,Python,True,True,False,MIT,,,,,readme=True;license_file=True;packaging=False;tests=True;ci=True;coverage=False;docs=True;examples=True;changelog=False;contributing=False;lint=False;typed=False,,,,,,pypi_downloads_30d=not_applicable;pypi_downloads_180d=not_applicable;conda_downloads_total=not_applicable;dependencies=not_applicable,publications=not_applicable;canonical_citations=not_applicable,,2026-08-28T14:52:55+00:00,2026-08-28T15:04:22+00:00,2026-08-28T12:56:55+00:00,2026-08-28T15:07:14+00:00,2026-08-28T15:04:21+00:00,2026-08-28T19:47:27+00:00
lightguide,lightguide,pyrocko/lightguide,https://github.com/pyrocko/lightguide,github,github.com,pyrocko,https://pyrocko.org,"DAS handling, filtering, and forward modeling integrated with Pyrocko.",included,Reusable DAS-specific Python library under GPL-3.0.,processing,denoising;io;modeling;processing;visualization,das-native,GPL-3.0-only,osi-approved,lightguide,,,10.5281/zenodo.6580579,2026-08-28,unchanged,,main,29,0,2022-05-24T14:08:36+02:00,2024-10-29T12:09:05+01:00,2,6219,1622,2515,Jupyter=165;Python=1945;Rust=405,Python,65,13,1,"linked accounts, bots removed",6,2022-05-24T10:29:43Z,2024-10-29T11:09:07Z,2024-10-29T11:09:05Z,2023-04-14T11:41:09Z,False,public,Python,True,True,True,GPL-3.0,94,826,,numpy;pyrocko;requests,readme=True;license_file=True;packaging=True;tests=True;ci=True;coverage=False;docs=True;examples=True;changelog=False;contributing=False;lint=True;typed=False,2,2,,,,conda_downloads_total=not_applicable,,,2026-08-28T14:52:55+00:00,2026-08-28T15:04:22+00:00,2026-08-28T12:56:57+00:00,2026-08-28T15:10:31+00:00,2026-08-28T15:04:22+00:00,2026-08-28T19:47:27+00:00
mldas,MLDAS,DAS-RCN/mldas,https://github.com/DAS-RCN/mldas,github,github.com,DAS-RCN,,Machine-learning tools for DAS data.,included,"Reusable DAS machine-learning package under the Lawrence Berkeley National Labs BSD variant, an OSI-approved license that GitHub cannot auto-detect.",machine-learning-detection,detection;machine-learning;processing,das-native,BSD-3-Clause-LBNL,osi-approved,mldas,,,,2026-08-28,unchanged,,master,47,0,2021-02-24T21:59:47-08:00,2021-08-19T11:06:51-07:00,1,22137,454,6803,Python=5638;Shell=1165,Python,11,6,1,"linked accounts, bots removed",0,2021-08-19T17:07:39Z,2021-08-19T18:07:04Z,2021-08-19T18:06:51Z,,False,public,Python,False,False,False,NOASSERTION,7,107,,,readme=True;license_file=True;packaging=True;tests=False;ci=True;coverage=False;docs=False;examples=False;changelog=False;contributing=False;lint=False;typed=False,,,,,,conda_downloads_total=not_applicable,publications=not_applicable;canonical_citations=not_applicable,,2026-08-28T14:52:55+00:00,2026-08-28T15:04:22+00:00,2026-08-28T12:56:59+00:00,2026-08-28T15:11:05+00:00,2026-08-28T15:04:22+00:00,2026-08-28T19:47:27+00:00
mldas-upstream,MLDAS (GitLab upstream),ml4science/mldas,https://gitlab.com/ml4science/mldas,gitlab,gitlab.com,ml4science,,Upstream GitLab home of the machine-learning tools mirrored to DAS-RCN/mldas.,excluded,"Duplicate. This is the upstream of the already catalogued DAS-RCN/mldas mirror, and counting both would double one project's activity.",out-of-scope,detection;machine-learning,das-native,BSD-3-Clause-LBNL,osi-approved,,,,,2026-08-28,unchanged,,master,55,0,2021-02-24T21:59:47-08:00,2022-08-08T01:18:03-07:00,1,26025,4327,6733,Python=5567;Shell=1166,Python,,,,,,,,,,,,,,,,,,,,,readme=True;license_file=True;packaging=True;tests=False;ci=False;coverage=False;docs=False;examples=False;changelog=False;contributing=False;lint=False;typed=False,,,,,,pypi_downloads_30d=not_applicable;pypi_downloads_180d=not_applicable;conda_downloads_total=not_applicable;dependencies=not_applicable,publications=not_applicable;canonical_citations=not_applicable,,2026-08-28T14:52:55+00:00,2026-08-28T15:04:22+00:00,,2026-08-28T15:11:05+00:00,2026-08-28T15:04:22+00:00,2026-08-28T19:47:27+00:00
multi-res-viewer,MultiResViewer,DASDAE/MultiResViewer,https://github.com/DASDAE/MultiResViewer,github,github.com,DASDAE,,Multi-resolution interactive viewer for large DAS datasets.,included,Reusable DAS visualization tool with GPL-3.0 licensing.,visualization-annotation,processing;visualization,das-native,GPL-3.0-only,osi-approved,,,,,2026-08-28,unchanged,,main,13,0,2023-07-08T18:08:31+08:00,2023-10-16T21:24:23-06:00,1,3387,66,334,Jupyter=64;Python=270,Python,2,1,1,"linked accounts, bots removed",0,2023-07-21T13:39:44Z,2023-10-17T03:24:24Z,2023-10-17T03:24:23Z,,False,public,Python,False,False,False,GPL-3.0,,,,,readme=True;license_file=True;packaging=False;tests=False;ci=False;coverage=False;docs=False;examples=True;changelog=False;contributing=False;lint=False;typed=False,,,,,,pypi_downloads_30d=not_applicable;pypi_downloads_180d=not_applicable;conda_downloads_total=not_applicable;dependencies=not_applicable,publications=not_applicable;canonical_citations=not_applicable,,2026-08-28T14:52:55+00:00,2026-08-28T15:04:22+00:00,2026-08-28T12:57:01+00:00,2026-08-28T15:11:05+00:00,2026-08-28T15:04:22+00:00,2026-08-28T19:47:27+00:00
opendas-stream,OpenDAS-Stream,Xinxin-He/OpenDAS-Stream,https://github.com/Xinxin-He/OpenDAS-Stream,github,github.com,Xinxin-He,,GPU-accelerated streaming analytics for terabyte-scale DAS archives.,watchlist,"MIT licensed and DAS-specific, but the repository holds four demonstration scripts with no packaging, tests, or documented interface, so its reusability is unresolved.",processing,parallel-computing;processing;streaming,das-native,MIT,osi-approved,,,,,2026-08-28,unchanged,,main,17,0,2026-03-03T17:30:40-05:00,2026-03-03T18:09:00-05:00,1,5081,2413,2400,Python=2400,Python,0,0,1,"linked accounts, bots removed",0,2026-03-03T22:30:40Z,2026-03-03T23:09:00Z,2026-03-03T23:09:00Z,,False,public,Python,False,False,False,MIT,,,,,readme=True;license_file=True;packaging=False;tests=False;ci=False;coverage=False;docs=False;examples=False;changelog=False;contributing=False;lint=False;typed=False,,,,,,pypi_downloads_30d=not_applicable;pypi_downloads_180d=not_applicable;conda_downloads_total=not_applicable;dependencies=not_applicable,publications=not_applicable;canonical_citations=not_applicable,,2026-08-28T14:52:55+00:00,2026-08-28T15:04:22+00:00,2026-08-28T12:57:03+00:00,2026-08-28T15:11:05+00:00,2026-08-28T15:04:22+00:00,2026-08-28T19:47:27+00:00
optixutils,OptixUtils,uqzzhao/OptixUtils,https://github.com/uqzzhao/OptixUtils,github,github.com,uqzzhao,,"Reading, writing, and plotting utilities for Optix DAS data backed by PyTables.",included,Reusable DAS-specific utility library explicitly licensed under LGPL-2.1.,data-management,data-management;io;visualization,das-native,LGPL-2.1-only,osi-approved,,,,,2026-08-28,unchanged,,main,2,0,2026-01-18T17:40:59+08:00,2026-01-18T18:43:57+08:00,1,2811,0,2097,Python=2097,Python,1,0,1,"linked accounts, bots removed",0,2026-01-18T09:40:58Z,2026-01-18T10:44:04Z,2026-01-18T10:43:57Z,,False,public,Python,False,False,False,LGPL-2.1,,,,,readme=True;license_file=True;packaging=False;tests=False;ci=False;coverage=False;docs=False;examples=False;changelog=False;contributing=False;lint=False;typed=False,,,,,,pypi_downloads_30d=not_applicable;pypi_downloads_180d=not_applicable;conda_downloads_total=not_applicable;dependencies=not_applicable,publications=not_applicable;canonical_citations=not_applicable,,2026-08-28T14:52:55+00:00,2026-08-28T15:04:22+00:00,2026-08-28T12:57:05+00:00,2026-08-28T15:11:05+00:00,2026-08-28T15:04:22+00:00,2026-08-28T19:47:27+00:00
optodas-processor,OptoDAS_processor,speleos/OptoDAS_processor,https://github.com/speleos/OptoDAS_processor,github,github.com,speleos,,Automated processing workflows for ASN OptoDAS datasets.,included,Reusable DAS-specific processing tool with GPL-3.0 licensing.,processing,io;pipelines;processing,das-native,GPL-3.0-only,osi-approved,,,,,2026-08-28,unchanged,,main,55,0,2026-03-30T17:37:19+01:00,2026-06-11T16:10:38+01:00,1,15382,8702,3610,Jupyter=407;Python=3203,Python,0,0,1,"linked accounts, bots removed",2,2026-03-30T16:37:19Z,2026-06-11T15:10:39Z,2026-06-11T15:10:38Z,2026-04-28T14:08:51Z,False,public,Jupyter Notebook,False,False,False,GPL-3.0,,,,,readme=True;license_file=True;packaging=True;tests=False;ci=False;coverage=False;docs=False;examples=True;changelog=False;contributing=False;lint=False;typed=False,,,,,,pypi_downloads_30d=not_applicable;pypi_downloads_180d=not_applicable;conda_downloads_total=not_applicable;dependencies=not_applicable,publications=not_applicable;canonical_citations=not_applicable,,2026-08-28T14:52:55+00:00,2026-08-28T15:04:22+00:00,2026-08-28T12:57:07+00:00,2026-08-28T15:11:05+00:00,2026-08-28T15:04:22+00:00,2026-08-28T19:47:27+00:00
orion,ORION,emanuelebozzi/ORION,https://github.com/emanuelebozzi/ORION,github,github.com,emanuelebozzi,,Near real-time selector of high-quality DAS channels for arbitrary cable geometries.,watchlist,"DAS-specific method published in Seismica, but every runner imports a module the repository does not ship, the Zenodo deposit holds no files, and there is no README, license, or packaging, so its reusability is unresolved.",processing,processing;quality-control,das-native,,unlicensed,,,,10.26443/seismica.v5i1.2251,2026-08-28,cloned,,main,4,0,2025-09-30T23:28:39+02:00,2025-10-30T16:09:55+01:00,1,13870,1634,3750,Jupyter=839;Python=2911,Python,,,,,,,,,,,,,,,,,,,,,readme=False;license_file=False;packaging=False;tests=False;ci=False;coverage=False;docs=False;examples=True;changelog=False;contributing=False;lint=False;typed=False,0,0,,,,pypi_downloads_30d=not_applicable;pypi_downloads_180d=not_applicable;conda_downloads_total=not_applicable;dependencies=not_applicable,,,2026-08-28T14:52:55+00:00,2026-08-28T15:04:23+00:00,,2026-08-28T15:11:05+00:00,2026-08-28T15:04:22+00:00,2026-08-28T19:47:27+00:00
pyfocs,pyfocs,klapo/pyfocs,https://github.com/klapo/pyfocs,github,github.com,klapo,,Processing pipeline for fiber-optic distributed sensing temperature data.,watchlist,"OSI-licensed DFOS package, but the modality is distributed temperature sensing rather than DAS.",processing,calibration;io;processing;temperature-sensing,other-fiber,GPL-3.0-only,osi-approved,pyfocs,,,,2026-08-28,unchanged,,main,506,73,2018-01-08T15:46:08+01:00,2023-05-09T17:50:10+02:00,3,8304549,6223624,5728,Jupyter=308;Python=5420,Python,23,12,3,"linked accounts, bots removed",1,2018-09-20T09:06:38Z,2023-05-09T15:51:02Z,2023-05-09T15:50:10Z,2020-11-26T17:40:46Z,False,public,HTML,False,True,True,GPL-3.0,32,274,,dtscalibration;matplotlib;netcdf4;numpy;pandas;pyyaml;scipy;xarray;xmltodict,readme=True;license_file=True;packaging=True;tests=True;ci=True;coverage=True;docs=False;examples=True;changelog=True;contributing=True;lint=False;typed=False,,,,,,conda_downloads_total=not_applicable,publications=not_applicable;canonical_citations=not_applicable,,2026-08-28T14:52:55+00:00,2026-08-28T15:04:26+00:00,2026-08-28T12:57:09+00:00,2026-08-28T15:11:18+00:00,2026-08-28T15:04:22+00:00,2026-08-28T19:47:27+00:00
pyrocko,Pyrocko,pyrocko/pyrocko,https://github.com/pyrocko/pyrocko,github,github.com,pyrocko,https://pyrocko.org,Versatile seismology toolkit for Python with built-in readers for two Silixa DAS formats and a Snuffler waterfall view for dense recordings.,excluded,"A general seismological toolkit that added DAS support, not DAS-specific software; the same reading applied to SeisBench. The support is real rather than incidental - src/io registers tdms_idas (Silixa TDMS) and hdf5_idas (Silixa HDF5) as self-contained readers with format autodetection, and src/gui/snuffler/pile_viewer_waterfall.py implements the changelog's ""waterfall style for dense recordings like DAS"". A third format, ASN OptoDAS, is an adapter over the third-party simpledas package, which pyrocko does not declare as a dependency; without it hdf5_optodas.detect() returns False and iload raises ImportError, so OptoDAS is not built-in support and is not counted here. Catalogued and classed das-supporting rather than left out of the record.",out-of-scope,io;seismology;visualization,das-supporting,GPL-3.0-or-later,osi-approved,,,,,2026-08-28,cloned,,master,5946,549,2010-02-12T11:08:17+01:00,2026-06-02T10:47:10+02:00,33,570942,327212,187185,C=15954;JavaScript=109;Python=169473;Shell=1649,Python,,,,,,,,,,,,,,,,,,,,,readme=True;license_file=True;packaging=True;tests=True;ci=False;coverage=True;docs=True;examples=True;changelog=True;contributing=True;lint=True;typed=False,,,,,,pypi_downloads_30d=not_applicable;pypi_downloads_180d=not_applicable;conda_downloads_total=not_applicable;dependencies=not_applicable,publications=not_applicable;canonical_citations=not_applicable,,2026-08-28T14:52:55+00:00,2026-08-28T15:04:28+00:00,,2026-08-28T15:11:18+00:00,2026-08-28T15:04:22+00:00,2026-08-28T19:47:27+00:00
pyseafom,pySEAFOM,SEAFOM-Fiber-Optic-Monitoring-Group/pySEAFOM,https://github.com/SEAFOM-Fiber-Optic-Monitoring-Group/pySEAFOM,github,github.com,SEAFOM-Fiber-Optic-Monitoring-Group,https://seafom-fiber-optic-monitoring-group.github.io/pySEAFOM/,Reproducible performance evaluation for DAS and other fiber-optic interrogators.,included,Reusable benchmarking package under the MIT license.,benchmarking,benchmarking;interrogator-evaluation;visualization,das-native,MIT,osi-approved,pyseafom,,,,2026-08-28,unchanged,,main,72,1,2025-07-13T05:54:17-05:00,2026-03-21T11:38:30-05:00,2,12552,2623,5624,JavaScript=58;Jupyter=866;Python=4322;Web=378,Python,8,3,2,"linked accounts, bots removed",1,2025-07-13T10:54:17Z,2026-03-21T16:38:35Z,2026-03-21T16:38:30Z,2026-03-21T16:23:21Z,False,public,Jupyter Notebook,True,False,True,MIT,23,530,,matplotlib;numpy;scipy,readme=True;license_file=True;packaging=True;tests=False;ci=True;coverage=False;docs=True;examples=True;changelog=False;contributing=False;lint=False;typed=False,,,,,,conda_downloads_total=not_applicable,publications=not_applicable;canonical_citations=not_applicable,,2026-08-28T14:52:55+00:00,2026-08-28T15:04:28+00:00,2026-08-28T12:57:11+00:00,2026-08-28T15:11:31+00:00,2026-08-28T15:04:22+00:00,2026-08-28T19:47:28+00:00
pyseistr,pyseistr,aaspip/pyseistr,https://github.com/aaspip/pyseistr,github,github.com,aaspip,,Structural denoising and interpolation for multi-channel seismic data.,excluded,"A general seismic-processing package applied to DAS among other data, not DAS-specific software.",out-of-scope,denoising;processing,das-supporting,MIT,osi-approved,,,,,2026-08-28,unchanged,,main,179,1,2022-04-25T11:12:01-05:00,2026-03-02T13:33:23-06:00,3,32316,5494,26523,C=14152;Python=12354;Shell=17,C,,,,,,,,,,,,,,,,,,,,,readme=True;license_file=True;packaging=True;tests=True;ci=False;coverage=False;docs=False;examples=True;changelog=True;contributing=False;lint=False;typed=False,,,,,,pypi_downloads_30d=not_applicable;pypi_downloads_180d=not_applicable;conda_downloads_total=not_applicable;dependencies=not_applicable,publications=not_applicable;canonical_citations=not_applicable,,2026-08-28T14:52:55+00:00,2026-08-28T15:04:28+00:00,,2026-08-28T15:11:31+00:00,2026-08-28T15:04:22+00:00,2026-08-28T19:47:28+00:00
remi-das,ReMi-DAS,Shihao-Yuan/ReMi-DAS,https://github.com/Shihao-Yuan/ReMi-DAS,github,github.com,Shihao-Yuan,,Refraction microtremor analysis specialized for DAS recordings.,included,Reusable DAS-specific processing toolkit with GPL-3.0 licensing.,processing,processing;surface-waves;visualization,das-native,GPL-3.0-only,osi-approved,,,,,2026-08-28,unchanged,,main,15,0,2025-07-08T10:17:37-06:00,2026-01-09T09:34:23+13:00,1,5041,2717,938,Jupyter=392;Python=546,Python,4,2,1,"linked accounts, bots removed",0,2025-07-08T16:17:36Z,2026-01-08T20:34:49Z,2026-01-08T20:34:23Z,,False,public,Jupyter Notebook,False,False,False,GPL-3.0,,,,,readme=True;license_file=True;packaging=False;tests=False;ci=False;coverage=False;docs=False;examples=True;changelog=False;contributing=False;lint=False;typed=False,,,,,,pypi_downloads_30d=not_applicable;pypi_downloads_180d=not_applicable;conda_downloads_total=not_applicable;dependencies=not_applicable,publications=not_applicable;canonical_citations=not_applicable,,2026-08-28T14:52:55+00:00,2026-08-28T15:04:28+00:00,2026-08-28T12:57:13+00:00,2026-08-28T15:11:31+00:00,2026-08-28T15:04:22+00:00,2026-08-28T19:47:28+00:00
rnn-das,RNN-DAS,Javier-FernandezCarabantes/RNN-DAS,https://github.com/Javier-FernandezCarabantes/RNN-DAS,github,github.com,Javier-FernandezCarabantes,,Recurrent-network detection and real-time monitoring of volcano-seismic signals on DAS.,included,"Reusable DAS detection application under GPL-3.0, shipped with trained model weights and a runnable interface.",machine-learning-detection,detection;machine-learning;phase-picking;seismology,das-native,GPL-3.0-only,osi-approved,,,,10.1029/2025jb031756,2026-08-28,unchanged,,main,172,1,2025-01-30T13:10:20+01:00,2026-07-06T19:01:31+02:00,1,26305,22467,1986,Jupyter=150;Python=1836,Python,4,0,1,"linked accounts, bots removed",3,2025-01-30T12:10:19Z,2026-07-06T17:01:31Z,2026-07-06T17:01:31Z,2025-09-18T13:58:36Z,False,public,Jupyter Notebook,False,False,False,GPL-3.0,,,,,readme=True;license_file=True;packaging=False;tests=False;ci=False;coverage=False;docs=False;examples=True;changelog=False;contributing=False;lint=False;typed=False,5,5,,,,pypi_downloads_30d=not_applicable;pypi_downloads_180d=not_applicable;conda_downloads_total=not_applicable;dependencies=not_applicable,,,2026-08-28T14:52:55+00:00,2026-08-28T15:04:29+00:00,2026-08-28T12:57:15+00:00,2026-08-28T15:11:31+00:00,2026-08-28T15:04:22+00:00,2026-08-28T19:47:28+00:00
seisbench,SeisBench,seisbench/seisbench,https://github.com/seisbench/seisbench,github,github.com,seisbench,,Machine-learning toolbox for seismology with DAS support since v0.12.,excluded,"A general seismological machine-learning toolbox that added DAS support, not DAS-specific software.",out-of-scope,machine-learning;phase-picking;seismology,das-supporting,GPL-3.0-only,osi-approved,,,,,2026-08-28,unchanged,,main,1133,178,2020-11-12T17:25:22+01:00,2026-08-19T10:56:45+02:00,28,149826,58760,40052,C=277;Jupyter=3960;Python=35815,Python,,,,,,,,,,,,,,,,,,,,,readme=True;license_file=True;packaging=True;tests=True;ci=True;coverage=False;docs=True;examples=True;changelog=False;contributing=True;lint=True;typed=False,,,,,,pypi_downloads_30d=not_applicable;pypi_downloads_180d=not_applicable;conda_downloads_total=not_applicable;dependencies=not_applicable,publications=not_applicable;canonical_citations=not_applicable,,2026-08-28T14:52:55+00:00,2026-08-28T15:04:30+00:00,,2026-08-28T15:11:31+00:00,2026-08-28T15:04:22+00:00,2026-08-28T19:47:28+00:00
sigrecover,sigrecover,TCCS-CODES/sigrecover,https://github.com/TCCS-CODES/sigrecover,github,github.com,TCCS-CODES,,MATLAB dictionary-learning routines for recovering weak signals from DAS noise.,included,"Reusable MATLAB subroutine library under BSD-3-Clause, shipped with runnable examples rather than figure scripts alone.",processing,denoising;processing;visualization,das-native,BSD-3-Clause,osi-approved,,,,,2026-08-28,unchanged,,main,9,0,2024-07-31T16:02:30-05:00,2024-07-31T17:50:17-05:00,1,1999,4,1863,MATLAB=1863,MATLAB,10,4,1,"linked accounts, bots removed",0,2024-07-31T21:02:30Z,2024-07-31T22:50:18Z,2024-07-31T22:50:17Z,,False,public,MATLAB,False,False,False,BSD-3-Clause,,,,,readme=True;license_file=True;packaging=False;tests=True;ci=False;coverage=False;docs=False;examples=False;changelog=False;contributing=False;lint=False;typed=False,,,,,,pypi_downloads_30d=not_applicable;pypi_downloads_180d=not_applicable;conda_downloads_total=not_applicable;dependencies=not_applicable,publications=not_applicable;canonical_citations=not_applicable,,2026-08-28T14:52:55+00:00,2026-08-28T15:04:30+00:00,2026-08-28T12:57:17+00:00,2026-08-28T15:11:31+00:00,2026-08-28T15:04:22+00:00,2026-08-28T19:47:28+00:00
silixa-dts-tools,Silixa_DTS_Tools,LeemanGeophysicalLLC/Silixa_DTS_Tools,https://github.com/LeemanGeophysicalLLC/Silixa_DTS_Tools,github,github.com,LeemanGeophysicalLLC,,Utilities for working with Silixa distributed temperature sensing systems.,watchlist,"The modality is distributed temperature sensing rather than DAS, and the repository publishes only a licence and a README, with no source to review.",data-management,data-management;io;temperature-sensing,other-fiber,MIT,osi-approved,,,,,2026-08-28,unchanged,,main,1,0,2025-11-14T08:39:21-06:00,2025-11-14T08:39:21-06:00,1,230,0,,,,0,0,1,"linked accounts, bots removed",0,2025-11-14T14:39:21Z,2025-11-14T14:39:21Z,2025-11-14T14:39:21Z,,False,public,,False,False,False,MIT,,,,,readme=True;license_file=True;packaging=False;tests=False;ci=False;coverage=False;docs=False;examples=False;changelog=False;contributing=False;lint=False;typed=False,,,,lines=not_published,,pypi_downloads_30d=not_applicable;pypi_downloads_180d=not_applicable;conda_downloads_total=not_applicable;dependencies=not_applicable,publications=not_applicable;canonical_citations=not_applicable,,2026-08-28T14:52:55+00:00,2026-08-28T15:04:30+00:00,2026-08-28T12:57:19+00:00,2026-08-28T15:11:31+00:00,2026-08-28T15:04:22+00:00,2026-08-28T19:47:28+00:00
simpledas,simpleDAS,ASN-Norway/simpleDAS,https://github.com/ASN-Norway/simpleDAS,github,github.com,ASN-Norway,,Vendor-published Python reader for ASN OptoDAS file formats.,included,Reusable DAS reader released by the interrogator vendor under GPL-3.0.,data-management,data-management;io,das-native,GPL-3.0-only,osi-approved,,,,,2026-08-28,unchanged,,master,16,0,2022-10-03T15:40:37+02:00,2024-05-28T13:34:28+02:00,2,6968,2836,1868,Jupyter=124;Python=1744,Python,28,10,1,"linked accounts, bots removed",4,2022-10-05T18:39:24Z,2024-05-28T11:45:04Z,2024-05-28T11:34:28Z,2024-05-28T11:45:04Z,False,public,Python,True,False,False,GPL-3.0,,,,,readme=True;license_file=True;packaging=True;tests=False;ci=False;coverage=True;docs=False;examples=True;changelog=False;contributing=False;lint=True;typed=False,,,,,,pypi_downloads_30d=not_applicable;pypi_downloads_180d=not_applicable;conda_downloads_total=not_applicable;dependencies=not_applicable,publications=not_applicable;canonical_citations=not_applicable,,2026-08-28T14:52:55+00:00,2026-08-28T15:04:30+00:00,2026-08-28T12:57:21+00:00,2026-08-28T15:11:31+00:00,2026-08-28T15:04:22+00:00,2026-08-28T19:47:28+00:00
simpledas-fork,simpleDAS (fork),jxli2a/simpleDAS,https://github.com/jxli2a/simpleDAS,github,github.com,jxli2a,,Personal fork of the ASN vendor reader for OptoDAS files.,excluded,"Duplicate. GitHub reports this as a fork of the already catalogued ASN-Norway/simpleDAS, and it has never diverged - its last push timestamp is identical to the parent's latest release, with no stars and no independent description.",out-of-scope,data-management;io,das-native,GPL-3.0-only,osi-approved,,,,,2026-08-28,cloned,,master,16,0,2022-10-03T15:40:37+02:00,2024-05-28T13:34:28+02:00,2,6968,2836,1868,Jupyter=124;Python=1744,Python,,,,,,,,,,,,,,,,,,,,,readme=True;license_file=True;packaging=True;tests=False;ci=False;coverage=True;docs=False;examples=True;changelog=False;contributing=False;lint=True;typed=False,,,,,,pypi_downloads_30d=not_applicable;pypi_downloads_180d=not_applicable;conda_downloads_total=not_applicable;dependencies=not_applicable,publications=not_applicable;canonical_citations=not_applicable,,2026-08-28T14:52:55+00:00,2026-08-28T15:04:30+00:00,,2026-08-28T15:11:31+00:00,2026-08-28T15:04:22+00:00,2026-08-28T19:47:28+00:00
spool-processing,SpoolProcessing,DASDAE/SpoolProcessing,https://github.com/DASDAE/SpoolProcessing,github,github.com,DASDAE,,Folder-spool downsampling and statistical processing with on-disk output.,included,Reusable DAS processing module with an MIT license and worked examples.,processing,data-management;pipelines;processing,das-native,MIT,osi-approved,,,,,2026-08-28,unchanged,,master,20,1,2023-06-17T10:00:42-06:00,2023-10-16T11:18:13-06:00,2,1467,81,364,Jupyter=80;Python=284,Python,0,2,1,"linked accounts, bots removed",0,2023-06-17T16:00:41Z,2023-10-16T17:18:15Z,2023-10-16T17:18:13Z,,False,public,Python,False,False,False,MIT,,,,,readme=True;license_file=True;packaging=False;tests=False;ci=False;coverage=False;docs=False;examples=True;changelog=False;contributing=False;lint=False;typed=False,,,,,,pypi_downloads_30d=not_applicable;pypi_downloads_180d=not_applicable;conda_downloads_total=not_applicable;dependencies=not_applicable,publications=not_applicable;canonical_citations=not_applicable,,2026-08-28T14:52:55+00:00,2026-08-28T15:04:30+00:00,2026-08-28T12:57:23+00:00,2026-08-28T15:11:31+00:00,2026-08-28T15:04:22+00:00,2026-08-28T19:47:28+00:00
swfscdas,swfscDAS,SWFSC/swfscDAS,https://github.com/SWFSC/swfscDAS,github,github.com,SWFSC,,R package for processing shipboard marine-mammal survey DAS records.,excluded,"Acronym collision. ""DAS"" here is a marine survey Data Acquisition System format, not distributed acoustic sensing.",out-of-scope,io;processing,not-das,Apache-2.0,osi-approved,,,,,2026-08-28,unchanged,,main,325,7,2019-10-29T12:10:04-07:00,2026-07-27T18:18:34-07:00,1,45648,36323,6037,R=6037,R,,,,,,,,,,,,,,,,,,,,,readme=True;license_file=True;packaging=True;tests=True;ci=True;coverage=False;docs=True;examples=False;changelog=True;contributing=False;lint=False;typed=False,,,,,,pypi_downloads_30d=not_applicable;pypi_downloads_180d=not_applicable;conda_downloads_total=not_applicable;dependencies=not_applicable,publications=not_applicable;canonical_citations=not_applicable,,2026-08-28T14:52:55+00:00,2026-08-28T15:04:30+00:00,,2026-08-28T15:11:31+00:00,2026-08-28T15:04:22+00:00,2026-08-28T19:47:28+00:00
swpvpsekminv,SWPVPSEKMInv,wallacedos/SWPVPSEKMInv,https://github.com/wallacedos/SWPVPSEKMInv,github,github.com,wallacedos,,MATLAB inversion of multimodal surface-wave dispersion curves.,excluded,General surface-wave inversion code that mentions DAS in passing; nothing in it is specific to distributed acoustic sensing.,out-of-scope,inversion;surface-waves,das-supporting,MIT,osi-approved,,,,,2026-08-28,unchanged,,master,7,0,2022-05-10T21:31:49+08:00,2023-09-06T12:45:30+08:00,1,1826,286,1455,MATLAB=1455,MATLAB,,,,,,,,,,,,,,,,,,,,,readme=True;license_file=True;packaging=False;tests=False;ci=False;coverage=False;docs=False;examples=True;changelog=False;contributing=False;lint=False;typed=False,,,,,,pypi_downloads_30d=not_applicable;pypi_downloads_180d=not_applicable;conda_downloads_total=not_applicable;dependencies=not_applicable,publications=not_applicable;canonical_citations=not_applicable,,2026-08-28T14:52:55+00:00,2026-08-28T15:04:30+00:00,,2026-08-28T15:11:31+00:00,2026-08-28T15:04:22+00:00,2026-08-28T19:47:28+00:00
treble-sdk,TrebleSDK,terra15collab/TrebleSDK,https://github.com/terra15collab/TrebleSDK,github,github.com,terra15collab,,Vendor code library for reading and streaming Terra15 Treble DAS data.,included,"Reusable vendor-published DAS access code with no license file, which grants no reuse rights.",data-management,data-management;io;streaming,das-native,,unlicensed,,,,,2026-08-28,unchanged,,main,31,1,2023-02-23T12:48:20+08:00,2026-02-04T12:17:19+08:00,2,6510,1807,4102,Jupyter=193;MATLAB=143;Python=3766,Python,6,2,1,"linked accounts, bots removed",0,2023-02-23T04:04:25Z,2026-02-12T08:29:05Z,2026-02-12T08:28:04Z,,False,public,Jupyter Notebook,False,False,False,,,,,,readme=True;license_file=False;packaging=False;tests=False;ci=False;coverage=False;docs=False;examples=True;changelog=False;contributing=False;lint=False;typed=False,,,,,,pypi_downloads_30d=not_applicable;pypi_downloads_180d=not_applicable;conda_downloads_total=not_applicable;dependencies=not_applicable,publications=not_applicable;canonical_citations=not_applicable,,2026-08-28T14:52:55+00:00,2026-08-28T15:04:30+00:00,2026-08-28T12:57:25+00:00,2026-08-28T15:11:31+00:00,2026-08-28T15:04:22+00:00,2026-08-28T19:47:28+00:00
unidas,unidas,DASDAE/unidas,https://github.com/DASDAE/unidas,github,github.com,DASDAE,,Compatibility adapters between DAS library data structures.,included,Reusable DAS interoperability package under the MIT license.,interoperability,data-model;interoperability,das-native,MIT,osi-approved,unidas,,,,2026-08-28,unchanged,,main,13,0,2024-12-10T15:32:31-08:00,2026-05-16T11:17:28+02:00,1,2485,308,1426,Python=1426,Python,3,1,1,"linked accounts, bots removed",1,2024-12-12T12:42:47Z,2026-08-26T19:11:13Z,2026-05-16T09:17:28Z,2026-05-07T15:23:21Z,False,public,Python,False,True,True,MIT,16,346,,numpy,readme=True;license_file=True;packaging=True;tests=True;ci=True;coverage=True;docs=False;examples=False;changelog=False;contributing=True;lint=True;typed=False,,,,,,conda_downloads_total=not_applicable,publications=not_applicable;canonical_citations=not_applicable,,2026-08-28T14:52:55+00:00,2026-08-28T15:04:30+00:00,2026-08-28T12:57:27+00:00,2026-08-28T15:14:46+00:00,2026-08-28T15:04:22+00:00,2026-08-28T19:47:28+00:00
xdas,xdas,xdas-dev/xdas,https://github.com/xdas-dev/xdas,github,github.com,xdas-dev,https://xdas.readthedocs.io,"Labeled arrays, multi-file access, streaming, and scalable processing for DAS data.",included,Reusable DAS-specific framework with GPL-3.0 licensing and package releases.,core-framework,data-management;data-model;io;processing;streaming;visualization,das-native,GPL-3.0-only,osi-approved,xdas,conda-forge/xdas,,10.1785/0220240366,2026-08-28,unchanged,,main,1124,82,2022-11-03T09:12:25+01:00,2026-07-31T08:56:08+02:00,12,89451,58536,24958,Python=24958,Python,72,16,11,"linked accounts, bots removed",15,2022-11-02T12:53:53Z,2026-08-19T20:16:35Z,2026-07-31T06:56:08Z,2026-07-31T06:57:45Z,False,public,Python,True,True,True,GPL-3.0,745,6720,,dask;h5netcdf;h5py;hdf5plugin;loky;msgpack;numba;numpy;obspy;pandas;plotly;pyzmq;scipy;setuptools;tqdm;typing-extensions;watchdog;xarray;xinterp,readme=True;license_file=True;packaging=True;tests=True;ci=True;coverage=True;docs=True;examples=True;changelog=True;contributing=True;lint=True;typed=False,6,6,,,,conda_downloads_total=not_published,,,2026-08-28T14:52:55+00:00,2026-08-28T15:04:31+00:00,2026-08-28T12:57:29+00:00,2026-08-28T15:15:20+00:00,2026-08-28T15:04:22+00:00,2026-08-28T19:47:28+00:00
xpick,Xpick,xdas-dev/xpick,https://github.com/xdas-dev/xpick,github,github.com,xdas-dev,,Web application for manual arrival picking across thousands of DAS channels.,included,"Reusable DAS picking application with GPL-3.0 licensing and an archived release. The PyPI name xpick belongs to an unrelated project, so no registry name is declared.",visualization-annotation,annotation;phase-picking;visualization,das-native,GPL-3.0-only,osi-approved,,,,10.5281/zenodo.10678341,2026-08-28,unchanged,,main,52,0,2024-01-17T09:01:41+01:00,2024-11-15T11:32:31+01:00,1,2339,788,733,Python=626;TypeScript=107,Python,5,0,1,"linked accounts, bots removed",2,2024-01-17T13:41:23Z,2024-11-15T10:34:19Z,2024-11-15T10:32:31Z,2024-09-02T11:38:52Z,False,public,Python,False,False,False,GPL-3.0,,,,,readme=True;license_file=True;packaging=True;tests=False;ci=False;coverage=False;docs=False;examples=False;changelog=False;contributing=False;lint=True;typed=False,0,0,,,,pypi_downloads_30d=not_applicable;pypi_downloads_180d=not_applicable;conda_downloads_total=not_applicable;dependencies=not_applicable,,,2026-08-28T14:52:55+00:00,2026-08-28T15:04:31+00:00,2026-08-28T12:57:31+00:00,2026-08-28T15:15:20+00:00,2026-08-28T15:04:22+00:00,2026-08-28T19:47:28+00:00
